-- phpMyAdmin SQL Dump
-- version 2.11.7
-- http://www.phpmyadmin.net
--
-- Host: localhost
-- Waktu pembuatan: 10. Mei 2013 jam 14:54
-- Versi Server: 5.0.51
-- Versi PHP: 5.2.6

SET SQL_MODE="NO_AUTO_VALUE_ON_ZERO";


/*!40101 SET @OLD_CHARACTER_SET_CLIENT=@@CHARACTER_SET_CLIENT */;
/*!40101 SET @OLD_CHARACTER_SET_RESULTS=@@CHARACTER_SET_RESULTS */;
/*!40101 SET @OLD_COLLATION_CONNECTION=@@COLLATION_CONNECTION */;
/*!40101 SET NAMES utf8 */;

--
-- Database: `cjm`
--

-- --------------------------------------------------------

--
-- Struktur dari tabel `absensi`
--

CREATE TABLE IF NOT EXISTS `absensi` (
  `tanggal` date NOT NULL,
  `nik` varchar(5) NOT NULL,
  `datang` time NOT NULL,
  `pulang` time NOT NULL,
  `ket` int(11) NOT NULL,
  `status_id` int(11) NOT NULL,
  PRIMARY KEY  (`tanggal`,`nik`)
) ENGINE=MyISAM DEFAULT CHARSET=latin1;

--
-- Dumping data untuk tabel `absensi`
--

INSERT INTO `absensi` (`tanggal`, `nik`, `datang`, `pulang`, `ket`, `status_id`) VALUES
('2011-05-12', 'kc001', '20:36:45', '21:10:50', 2, 1),
('2011-05-11', 'kc001', '15:29:33', '17:33:37', 2, 1),
('2011-05-13', 'kc001', '09:47:19', '00:00:00', 1, 1),
('2011-05-13', 'ad001', '10:50:13', '16:10:25', 2, 1),
('2011-05-13', 'kc003', '18:00:15', '00:00:00', 1, 1),
('2011-05-13', 'kc005', '18:03:02', '00:00:00', 1, 1),
('2011-05-13', 'KC004', '18:06:30', '00:00:00', 1, 1),
('2011-05-14', 'kc001', '16:46:32', '00:00:00', 1, 1),
('2011-05-14', 'kc002', '16:46:46', '00:00:00', 1, 1),
('2011-05-14', 'KC006', '18:00:01', '00:00:00', 1, 1),
('2011-05-14', 'KC004', '16:47:02', '00:00:00', 1, 1),
('2011-05-14', 'KC005', '17:30:05', '00:00:00', 1, 1),
('2011-05-14', 'ad001', '18:15:19', '19:18:40', 2, 1),
('2011-05-15', 'ad001', '08:36:10', '16:37:41', 2, 1),
('2011-05-15', 'kc001', '08:28:28', '00:00:00', 1, 1),
('2011-05-15', 'kc002', '08:28:36', '00:00:00', 1, 1),
('2011-05-15', 'KC003', '16:28:42', '00:00:00', 1, 1),
('2011-05-15', 'KC004', '16:28:48', '00:00:00', 1, 1),
('2011-05-15', 'KC005', '16:28:53', '00:00:00', 1, 1),
('2011-05-15', 'KC006', '16:28:57', '00:00:00', 1, 1),
('2011-05-16', 'ad001', '06:03:14', '06:20:32', 2, 1),
('2011-05-16', 'kc005', '06:40:12', '20:32:08', 2, 1),
('2011-05-16', 'KC001', '08:00:00', '00:00:00', 2, 1),
('2011-05-16', 'KC002', '08:00:00', '00:00:00', 2, 1),
('2011-05-17', 'KC005', '00:00:00', '00:00:00', 2, 3),
('2011-05-17', 'KC004', '19:46:12', '00:00:00', 1, 1),
('2011-05-20', 'KC005', '14:52:28', '00:00:00', 1, 1),
('2011-05-21', 'KC005', '14:36:04', '14:36:36', 2, 1),
('2011-05-28', 'KC005', '11:14:42', '11:16:06', 2, 1),
('2011-05-28', 'kc001', '12:17:12', '12:18:21', 2, 1),
('2011-05-28', 'ad001', '00:00:00', '00:00:00', 2, 2),
('2011-05-28', 'KC002', '12:24:08', '00:00:00', 1, 1),
('2011-05-28', 'KC004', '12:26:21', '12:26:42', 2, 1),
('2011-05-28', 'KC003', '12:34:05', '15:37:17', 2, 1),
('2011-05-30', 'KC002', '18:24:45', '00:00:00', 1, 1),
('2011-05-30', 'KC001', '18:23:35', '18:24:30', 2, 1),
('2011-05-31', 'KC001', '08:06:00', '23:52:30', 2, 1),
('2011-05-31', 'KC005', '00:00:00', '00:00:00', 2, 3),
('2011-05-31', 'KC004', '00:00:00', '00:00:00', 2, 2),
('2011-05-31', 'KC002', '23:54:55', '00:00:00', 1, 1),
('2011-06-05', 'KC001', '12:01:30', '00:00:00', 1, 1),
('2011-06-13', 'KC001', '00:09:33', '00:19:41', 2, 1),
('2011-06-13', 'KC002', '00:20:54', '00:00:00', 1, 1),
('2011-06-13', 'KC005', '00:35:43', '17:01:06', 2, 1),
('2011-06-13', 'KC003', '00:36:32', '00:00:00', 1, 1),
('2011-06-13', 'KC006', '00:39:51', '00:44:18', 2, 1),
('2011-06-13', 'KC004', '17:02:49', '00:00:00', 1, 1);

-- --------------------------------------------------------

--
-- Struktur dari tabel `barang`
--

CREATE TABLE IF NOT EXISTS `barang` (
  `kode_barang` varchar(10) NOT NULL,
  `nama_barang` varchar(50) default NULL,
  `price_barang` int(11) default NULL,
  `update` date default NULL,
  PRIMARY KEY  (`kode_barang`)
) ENGINE=MyISAM DEFAULT CHARSET=latin1;

--
-- Dumping data untuk tabel `barang`
--

INSERT INTO `barang` (`kode_barang`, `nama_barang`, `price_barang`, `update`) VALUES
('30118', 'PVC NEW ROCK 2.5MM D.BROWN', 53200, NULL),
('34065', 'PVC ROCK E14 2.5MM D.BROWN', 49496, NULL),
('11864', 'SPLIT SUEDE BORNEO 0.9-1.0MM', 6804, NULL),
('12094', 'PATENT LEA SHINY 2.0-2.2 NRN', 23357, NULL),
('20135', 'INSOLE BRD. CELLEX 0.9MM 1X1.5', 7700, NULL),
('34066', 'PVC ROCK E14 2.5MM BLACK', 49496, NULL),
('77795', 'TPR ''BATA'' GARIS BLACK/RED CERAMIC', 375, '2012-05-27'),
('30125', 'PVC NEW ROCK 2.5MM BLACK', 53200, NULL),
('29019', 'EVA SOFT 5MM 110X190CM', 85000, NULL),
('33528', 'PVC HILEX 3.0MM E11 OLIVE', 48485, '2012-05-27'),
('12064', 'NUBUCK BLACK 6015 2.0-2.2MM', 23357, NULL),
('60114', 'WEBING JUTE 35MM BLACK', 3500, NULL),
('31020', 'TRD MESH BLK+2MM FOAM BLK', 12800, NULL),
('31164', 'TRD MESH BRN + 2MM FOAM BLK + TRC(J)', 16764, NULL),
('90191', 'MIDSOLE PU MORO BLACK R.8', 10500, NULL),
('11013', 'SPLIT SUEDE GREY 0.9-1.0MM', 7204, '2012-05-31'),
('11854', 'FG. NAPPA 2.0-2.2MM GREY', 21834, NULL),
('20121', 'JERSY BROWN + 2MM EVA + JERSY', 24150, '2012-05-27'),
('63823', 'TALI KUR COTT. RND (ALL COLOUR)', 100, NULL),
('63274', 'NYLON TAPE BIND. BROWN 11MM', 347, NULL),
('63271', 'NYLON TAPE BIND. 11MM BLACK', 450, NULL),
('60113', 'WEBING JUTE 35MM DARK BROWN', 3500, NULL),
('60075', 'NYLON THREAD 20 GREY P.027', 42500, NULL),
('60209', 'NYLON THREAD 20 BROWN 4017', 42500, NULL),
('12644', 'FG NAPPA L. BROWN 1.4-1.6MM', 21834, NULL),
('11503', 'SPLIT SUEDE BROWN 4025 0.9-1.0MM', 7204, '2012-08-04'),
('12024', 'NUBUCK BROWN 401 2.0-2.2MM', 23357, NULL),
('60237', 'NYLON THREAD NO.40 BEIGE 4049', 42500, NULL),
('61232', 'NYLON THREAD NO.40 NOCCIOLA 4054', 42500, NULL),
('61214', 'NYLON THREAD TKT20 R.4049 BEIGE', 42000, '2012-06-30'),
('96109', 'MIDSOLE PU JUPHE R.8', 4000, NULL),
('30049', 'PU AR.121 0.8MM BROWN', 31111, NULL),
('30075', 'PVC 0.7MM L.BROWN', 13704, NULL),
('22661', 'EVA 4MM BLACK', 9873, NULL),
('31064', 'PVC SILKY 0.7MM BROWN (RITA)', 14074, NULL),
('63493', 'QUICKLON 4" BLACK LOOP', 4950, NULL),
('63494', 'QUICKLON 4" BLACK HOOK', 4950, NULL),
('31678', 'PVC 0.7MM D.BROWN BACK/BLK 140', 13704, NULL),
('17054', 'PULL UP CRAZY HORSE BRN 2.0-2.2MM', 25896, NULL),
('50770', 'SHOE POLISH BROWN', 285000, NULL),
('71071', 'TPR VELCRO 4', 250, NULL),
('30192', 'MITICA TAUPE / BEIGE', 28148, NULL),
('70323', 'RIVET BRONZE DOBLE 6MM BRAS', 155, '2012-05-27'),
('11973', 'SPLIT SUEDE GREY 1.4MM', 10765, '2012-08-04'),
('12473', 'CRAZY HORSE BLACK (02) 2.0-2.2MM', 26344, '2012-05-27'),
('29982', 'JERSY BLACK + 2MM EVA + JERSY', 24150, '2012-05-27'),
('60378', 'LACES POLY RND 3MM BEIGE 60CM', 850, NULL),
('60152', 'NYLON THREAD 40 BROWN 4034', 43100, '2012-06-30'),
('34112', 'MITICA BLACK', 26667, NULL),
('60000', 'NYLON THREAD 40 BLACK', 43800, '2012-05-27'),
('60100', 'NYLON THREAD 60 BLACK 121', 42500, '2012-05-27'),
('61079', 'ELASTIC BLACK', 1800, NULL),
('11054', 'SPLIT SUEDE BLACK 1.6-1.8MM', 11170, NULL),
('31433', 'PU DE 14 - OLIVE 0.8MM', 38691, NULL),
('39010', 'PVC BOSTON 2.5MM BLACK', 52593, '2012-05-27'),
('31989', 'PVC 0.7MM BLACK BACK/BLK 69', 14815, '2012-05-27'),
('12244', 'NUBUCK MILLING 2.0-2.2MM BLACK', 26344, '2012-05-27'),
('18174', 'VEG. L. BLACK', 21326, NULL),
('18283', 'VEGETABLE LEATHER BROWN 2.8-3.0MM', 22581, NULL),
('37128', 'PU HB 102 OLIVE GREEN (CHINA)', 38691, '2012-05-27'),
('31028', 'PVC SILKY 0.7MM 918 POSTALK BEIGE', 14448, NULL),
('33527', 'PVC SILKY 0.7MM E10 OLIVE', 12119, NULL),
('20209', 'EVA 3MM BLACK 100X225', 8751, NULL),
('60170', 'MOCC. THREAD KHAKI | BEIGE NON WAXED', 125000, NULL),
('20014', 'PVC FIBER 2MM BROWN 90X90CM', 45000, NULL),
('12704', 'COW LINING D. BROWN 0.9-1.0MM', 14409, '2012-08-04'),
('13043', 'FG. SOFT NAPPA 1.4-1.6MM BLACK', 21834, NULL),
('15394', 'COW LINING BLACK', 14409, '2012-08-04'),
('70249', 'RIVET SMALL BRONZE', 50, NULL),
('12253', 'NUBUCK MILLING 2.0-2.2MM KHAKI', 26344, '2012-05-27'),
('60179', 'TALI KUR / LACE ROUND 3MM BEIGE', 800, '2012-05-27'),
('39011', 'PVC BOSTON 2.5MM OLIVE', 52593, '2012-05-27'),
('31706', 'PVC 0.7MM 913 D. GREEN', 10740, '2012-05-27'),
('30210', 'PVC SILKY 0.7MM BEIGE (OKINAWA)', 14478, '2012-05-27'),
('30232', 'REAL SUEDE 0.6MM BLACK', 34815, NULL),
('30774', 'MITICA TAN IBC', 28148, NULL),
('60194', 'NYLON THREAD 20 BLACK', 42500, NULL),
('17373', 'FG. NAPPA BLACK 1.6MM', 23118, NULL),
('70771', 'RIVET BRONZE SMALL 6MM', 50, NULL),
('60121', 'NYLON THREAD 40 (210D/3) BLACK BO.', 42500, NULL),
('20200', 'LATEX SPONGE NATURAL SMM 42"', 58000, NULL),
('60171', 'LACE ROUND 4MM BEIGE', 850, NULL),
('18173', 'VEGETABLE LEATHER BLACK 2.8-3.0MM', 22581, NULL),
('30773', 'REAL SUEDE BUCKSKIN 907', 34815, '2012-05-27'),
('16753', 'CRAZY HORSE KHAKI', 26344, NULL),
('30641', 'PVC HILEX 3.0MM E11 NAVY', 46464, '2012-05-27'),
('30240', 'MITICA ALEXANDRO BLACK', 22222, NULL),
('11193', 'SPLIT SUEDE BLACK 0.9-1.0MM', 7204, '2012-05-27'),
('11723', 'SPLIT SUEDE SAND 0.9-1.0 SOCK HF', 7527, '2012-05-27'),
('30018', 'MITIKA BLACK IBC', 26667, '2012-05-27'),
('11763', 'SPLIT SUEDE D.BRN 1.4MM', 10765, '2012-05-27'),
('12853', 'ACTION L. DARK BROWN', 12290, '2012-08-04'),
('30253', 'REAL SUEDE D. BROWN', 34815, '2012-08-04'),
('30017', 'MITICA D. BROWN', 28000, '2012-08-04'),
('30257', 'REAL SUEDE GREY GRANITE 179', 34815, '2012-08-04'),
('18213', 'SPLIT SUEDE DARK MOCCA 0.9-1.0 MM', 7205, '2012-08-04'),
('22263', 'LATEX SPONGE 3 1/2', 45000, '2012-08-04'),
('93003', 'MID SOLE KENNETH', 5000, '2012-08-04'),
('32191', 'PU ATLANTA 0.8 BLACK', 48148, '2012-08-04'),
('30233', 'REAL SUEDE 0.6 TAN', 34815, '2012-08-04'),
('32190', 'PU ATLANTA 0.8 TAN', 48148, '2012-08-04'),
('12663', 'FG NAPPA D. BROWN 1.4-1.6 MM', 23118, '2012-08-04'),
('13333', 'COW LINING KHAKI 0.9-1.0 MM', 14409, '2012-08-04'),
('11383', 'ACTION LEATHER BLACK 1.4-1.6MM', 12290, '2012-08-04'),
('60093', 'NYLON THREAD 11 BEIGE R.4049', 43000, '2012-08-04'),
('61494', 'NYLON THREAD TKT.60 BEIGE 4049', 43000, '2012-08-04');

-- --------------------------------------------------------

--
-- Struktur dari tabel `dn`
--

CREATE TABLE IF NOT EXISTS `dn` (
  `dn_no` char(5) NOT NULL,
  `sik_no` char(5) default NULL,
  PRIMARY KEY  (`dn_no`)
) ENGINE=MyISAM DEFAULT CHARSET=latin1;

--
-- Dumping data untuk tabel `dn`
--

INSERT INTO `dn` (`dn_no`, `sik_no`) VALUES
('4200', '5149'),
('4221', '5349'),
('4212', '5398'),
('4222', '5305'),
('4229', '5300'),
('4245', '5410'),
('4246', '5428'),
('4248', '5443'),
('4274', '5150'),
('4295', '5233'),
('4304', '5289'),
('4369', '5515'),
('4370', '5517'),
('4371', '5523'),
('4372', '5516'),
('4383', '5605'),
('4384', '5606'),
('4401', '5742'),
('4385', '5603'),
('4418', '5672'),
('4419', '5671'),
('4420', '5564'),
('4421', '5521'),
('4422', '5423'),
('4423', '5306'),
('4424', '5312'),
('4425', '5239'),
('4426', '5168'),
('4427', '4931'),
('4428', '4917'),
('4429', '5083'),
('4430', '5138'),
('4431', '5144'),
('4432', '4932'),
('4520', '5690'),
('4521', '5595'),
('4522', '5589'),
('4523', '5240'),
('4524', '5884'),
('4525', '5914'),
('4526', '5978'),
('4534', '5986'),
('4535', '5968'),
('4536', '6038'),
('4573', '6187'),
('4574', '6245'),
('4575', '6207'),
('4604', '6037'),
('4646', '6282'),
('4647', '6264'),
('4648', '6283'),
('4386', '5512'),
('4247', '5412'),
('4100', '5166'),
('4145', '5284'),
('4148', '5285'),
('4149', '5296'),
('4115', '5213'),
('4116', '5214'),
('4121', '5234'),
('4166', '5169'),
('4167', '5167'),
('4168', '5139'),
('4177', '5018'),
('4085', '5146'),
('3896', '4587'),
('3894', '4590'),
('3893', '4588'),
('3892', '4589'),
('3564', '4065'),
('3712', '4394'),
('3798', '4486'),
('3799', '4487'),
('4002', '4810'),
('3946', '4715'),
('4037', '5000'),
('4036', '5001'),
('3975', '4818'),
('4065', '5154'),
('3895', '4633'),
('4066', '5037'),
('4057', '5062'),
('4017', '4929'),
('4049', '5036'),
('4050', '5038'),
('3945', '4716'),
('3874', '4580'),
('3944', '99346'),
('4015', '4915'),
('3943', '4729'),
('3947', '4717'),
('3976', '4819'),
('3977', '4820'),
('4056', '5081');

-- --------------------------------------------------------

--
-- Struktur dari tabel `dtb_admin`
--

CREATE TABLE IF NOT EXISTS `dtb_admin` (
  `id` int(10) unsigned NOT NULL auto_increment,
  `type` int(11) NOT NULL,
  `account` varchar(32) NOT NULL,
  `password` varchar(32) NOT NULL,
  `create_date` datetime NOT NULL,
  `update_date` datetime NOT NULL,
  `lastlogin_date` datetime default NULL,
  PRIMARY KEY  (`id`)
) ENGINE=InnoDB  DEFAULT CHARSET=utf8 AUTO_INCREMENT=4 ;

--
-- Dumping data untuk tabel `dtb_admin`
--

INSERT INTO `dtb_admin` (`id`, `type`, `account`, `password`, `create_date`, `update_date`, `lastlogin_date`) VALUES
(1, 0, 'buzoo', 'test', '2012-09-05 15:59:55', '0000-00-00 00:00:00', NULL),
(2, 0, 'akb48', 'test', '2012-09-05 16:00:14', '0000-00-00 00:00:00', NULL),
(3, 0, 'risako', '0412', '2012-09-23 20:02:21', '0000-00-00 00:00:00', NULL);

-- --------------------------------------------------------

--
-- Struktur dari tabel `dtb_delivery`
--

CREATE TABLE IF NOT EXISTS `dtb_delivery` (
  `id` bigint(20) unsigned NOT NULL auto_increment,
  `order_id` bigint(20) unsigned NOT NULL,
  `product_id` bigint(20) unsigned NOT NULL,
  `sj_no` varchar(20) default NULL,
  `delivery_no` varchar(20) default NULL,
  `status` tinyint(4) default '0',
  `po_no` char(6) default NULL,
  `qty_sj` varchar(10) default NULL,
  `quantity` int(11) default NULL,
  `date` date default NULL,
  `delivery_date` date default NULL,
  `keterangan_sj` text,
  `description` text,
  `create_date` datetime default NULL,
  `update_date` datetime default NULL,
  PRIMARY KEY  (`id`)
) ENGINE=InnoDB  DEFAULT CHARSET=utf8 AUTO_INCREMENT=401 ;

--
-- Dumping data untuk tabel `dtb_delivery`
--

INSERT INTO `dtb_delivery` (`id`, `order_id`, `product_id`, `sj_no`, `delivery_no`, `status`, `po_no`, `qty_sj`, `quantity`, `date`, `delivery_date`, `keterangan_sj`, `description`, `create_date`, `update_date`) VALUES
(1, 6, 2, 'SJ001/CJM/11-597', 'SJ001/CJM/11-597', 0, '11426', '420', 420, '2011-07-14', '2011-07-14', '7=150; 8=100; 9=100; 10=70', '7=150; 8=100; 9=100; 10=70', NULL, NULL),
(2, 3, 1, 'SJ002/CJM/11-605', 'SJ002/CJM/11-605', 0, '11967', '610', 610, '2011-07-23', '2011-07-23', '7=30; 8=145; 9=335; 10=200', '7=30; 8=145; 9=335; 10=200', NULL, NULL),
(3, 3, 1, 'SJ003/CJM/11-604', 'SJ003/CJM/11-604', 0, '11967', '800', 800, '2011-07-22', '2011-07-22', '5=20; 6=265; 7=115; 8=330; 10=70', '5=20; 6=265; 7=115; 8=330; 10=70', NULL, NULL),
(4, 6, 2, 'SJ004/CJM/11-603', 'SJ004/CJM/11-603', 0, '11426', '420', 420, '2011-07-22', '2011-07-22', '5=100; 6=150; 7=70; 8=100', '5=100; 6=150; 7=70; 8=100', NULL, NULL),
(5, 3, 1, 'SJ005/CJM/11-601', 'SJ005/CJM/11-601', 0, '11967', '590', 590, '2011-07-20', '2011-07-20', '5=30; 6=25; 7=160; 8=180; 9=95; 10=100', '5=30; 6=25; 7=160; 8=180; 9=95; 10=100', NULL, NULL),
(6, 5, 1, 'SJ006/CJM/11-0102', 'SJ006/CJM/11-0102', 0, '12443', '485', 485, '2011-07-26', '2011-07-26', '5=100; 6=95; 7=165; 8=125', '5=100; 6=95; 7=165; 8=125', NULL, NULL),
(7, 1, 4, 'SJ007/CJM/11-0103', 'SJ007/CJM/11-0103', 0, '11999', '650', 650, '2011-07-26', '2011-07-26', '7=200; 8=350; 9=100', '7=200; 8=350; 9=100', NULL, NULL),
(8, 1, 4, 'SJ008/CJM/11-0107', 'SJ008/CJM/11-0107', 0, '11999', '350', 350, '2011-07-28', '2011-07-28', '5=150; 6=100; 7=100', '5=150; 6=100; 7=100', NULL, NULL),
(9, 5, 1, 'SJ009/CJM/11-0104', 'SJ009/CJM/11-0104', 0, '12443', '515', 515, '2011-07-28', '2011-07-28', '7=130; 8=125; 9=160; 10=100', '7=130; 8=125; 9=160; 10=100', NULL, NULL),
(10, 2, 1, 'SJ010/CJM/11-0106', 'SJ010/CJM/11-0106', 0, '11663', '415', 415, '2011-07-28', '2011-07-28', '6=200; 7=70; 8=50; 9=45; 10=50', '6=200; 7=70; 8=50; 9=45; 10=50', NULL, NULL),
(11, 2, 1, 'SJ011/CJM/11-0109', 'SJ011/CJM/11-0109', 0, '11663', '1085', 1085, '2011-07-30', '2011-07-30', '5=150; 6=100; 7=400; 8=250; 9=105; 10=80', '5=150; 6=100; 7=400; 8=250; 9=105; 10=80', NULL, NULL),
(12, 1, 4, 'SJ012/CJM/11-0110', 'SJ012/CJM/11-0110', 0, '11999', '750', 750, '2011-07-30', '2011-07-30', '5=100; 7=300; 8=350', '5=100; 7=300; 8=350', NULL, NULL),
(13, 16, 2, 'SJ026/CJM/11', 'SJ026/CJM/11', 0, '11427', '515', 515, '2011-08-18', '2011-08-18', '5=20; 6=60; 7=245; 8=190', '5=20; 6=60; 7=245; 8=190', NULL, NULL),
(14, 21, 1, 'SJ013/CJM/11-0112', 'SJ013/CJM/11-0112', 0, '11990', '160', 160, '2011-08-02', '2011-08-02', '5=50; 6=100; 9=10', '5=50; 6=100; 9=10', NULL, NULL),
(15, 7, 1, 'SJ014/CJM/11-0111', 'SJ014/CJM/11-0111', 0, '12441', '1000', 1000, '2011-08-02', '2011-08-02', '5=100; 6=125; 7=275; 8=250; 9=150; 10=100', '5=100; 6=125; 7=275; 8=250; 9=150; 10=100', NULL, NULL),
(16, 21, 1, 'SJ015/CJM/11', 'SJ015/CJM/11', 0, '11990', '1070', 1070, '2011-08-05', '2011-08-05', '5=25; 6=75; 7=265; 8=375; 9=180; 10=150', '5=25; 6=75; 7=265; 8=375; 9=180; 10=150', NULL, NULL),
(17, 20, 1, 'SJ016/CJM/11-0113', 'SJ016/CJM/11-0113', 0, '11991', '1250', 1250, '2011-08-09', '2011-08-09', '5=75; 6=175; 7=165; 8=375; 9=260; 10=200', '5=75; 6=175; 7=165; 8=375; 9=260; 10=200', NULL, NULL),
(18, 6, 2, 'SJ017/CJM/11-0114', 'SJ017/CJM/11-0114', 0, '11426', '460', 460, '2011-08-09', '2011-08-09', '5=5; 6=60 7=205; 8=185; 9=5', '5=5; 6=60 7=205; 8=185; 9=5', NULL, NULL),
(19, 21, 1, 'SJ018/CJM/11-0115', 'SJ018/CJM/11-0115', 0, '11990', '20', 20, '2011-08-09', '2011-08-09', '', '', NULL, NULL),
(20, 6, 2, 'SJ019/CJM/11-0116', 'SJ019/CJM/11-0116', 0, '11426', '200', 200, '2011-08-13', '2011-08-13', '6=90; 7=100; 8=5; 10=5', '6=90; 7=100; 8=5; 10=5', NULL, NULL),
(21, 16, 2, 'SJ020/CJM/11-0117', 'SJ020/CJM/11-0117', 0, '11427', '530', 530, '2011-08-13', '2011-08-13', '5=25; 7=125; 8=200; 9=105; 10=75', '5=25; 7=125; 8=200; 9=105; 10=75', NULL, NULL),
(22, 16, 2, 'SJ021/CJM/11-0116', 'SJ021/CJM/11-0116', 0, '11427', '420', 420, '2011-08-16', '2011-08-16', '5=60; 6=240; 7=120', '5=60; 6=240; 7=120', NULL, NULL),
(23, 1, 4, 'SJ022/CJM/11-0115', 'SJ022/CJM/11-0115', 0, '11999', '250', 250, '2011-08-16', '2011-08-16', '6=200; 7=50', '6=200; 7=50', NULL, NULL),
(24, 18, 11, 'SJ023/CJM/11-0117', 'SJ023/CJM/11-0117', 0, '11675', '310', 310, '2011-08-16', '2011-08-16', '5=60; 6=70; 7=50; 8=75; 9=55', '5=60; 6=70; 7=50; 8=75; 9=55', NULL, NULL),
(25, 19, 12, 'SJ024/CJM/11-0119', 'SJ024/CJM/11-0119', 0, '11676', '350', 350, '2011-08-18', '2011-08-18', '5=56; 6=75; 7=113; 8=75; 9=31', '5=56; 6=75; 7=113; 8=75; 9=31', NULL, NULL),
(26, 18, 11, 'SJ025/CJM/11-0118', 'SJ025/CJM/11-0118', 0, '11675', '90', 90, '2011-08-18', '2011-08-18', '6=10; 7=70; 8=5; 9=5', '6=10; 7=70; 8=5; 9=5', NULL, NULL),
(27, 16, 2, 'SJ027/CJM/11', 'SJ027/CJM/11', 0, '11427', '35', 35, '2011-08-22', '2011-08-22', '7=35', '7=35', NULL, NULL),
(28, 17, 2, 'SJ028/CJM/11', 'SJ028/CJM/11', 0, '11432', '900', 900, '2011-08-22', '2011-08-22', '5=140; 6=400; 7=185; 9=100; 10=75', '5=140; 6=400; 7=185; 9=100; 10=75', NULL, NULL),
(29, 19, 12, 'SJ029/CJM/11', 'SJ029/CJM/11', 0, '11676', '50', 50, '2011-08-22', '2011-08-22', '5=4; 6=5; 7=7; 8=5;9=29', '5=4; 6=5; 7=7; 8=5;9=29', NULL, NULL),
(30, 17, 2, 'SJ030/CJM/11-22', 'SJ030/CJM/11-22', 0, '11432', '1000', 1000, '2011-09-08', '2011-09-08', '7=515; 8=420; 9=40; 10=25', '7=515; 8=420; 9=40; 10=25', NULL, NULL),
(31, 8, 5, 'SJ031/CJM/11-23', 'SJ031/CJM/11-23', 0, '12514', '660', 660, '2011-09-08', '2011-09-08', '6=220; 7=320; 9=120', '6=220; 7=320; 9=120', NULL, NULL),
(32, 9, 6, 'SJ032/CJM/11-24', 'SJ032/CJM/11-24', 0, '12515', '360', 360, '2011-09-08', '2011-09-08', '6=210; 7=150', '6=210; 7=150', NULL, NULL),
(33, 32, 1, 'SJ033/CJM/11-25', 'SJ033/CJM/11-25', 0, '14081', '1000', 1000, '2011-09-08', '2011-09-08', '5=140; 6=150; 7=220; 8=300; 9=140; 10=50', '5=140; 6=150; 7=220; 8=300; 9=140; 10=50', NULL, NULL),
(34, 10, 4, 'SJ034/CJM/11-27', 'SJ034/CJM/11-27', 0, '13379', '1500', 1500, '2011-09-12', '2011-09-12', '5=50; 6=450; 7=600; 8=100; 9=250; 10=50', '5=50; 6=450; 7=600; 8=100; 9=250; 10=50', NULL, NULL),
(35, 30, 1, 'SJ035/CJM/11-27', 'SJ035/CJM/11-27', 0, '14083', '1085', 1085, '2011-09-12', '2011-09-12', '5=200; 6=310; 7=575', '5=200; 6=310; 7=575', NULL, NULL),
(36, 8, 5, 'SJ036/CJM/11-28', 'SJ036/CJM/11-28', 0, '12514', '245', 245, '2011-09-15', '2011-09-15', '5=25; 8=220', '5=25; 8=220', NULL, NULL),
(37, 9, 6, 'SJ037/CJM/11-28', 'SJ037/CJM/11-28', 0, '12515', '510', 510, '2011-09-15', '2011-09-15', '5=120; 7=170; 8=220', '5=120; 7=170; 8=220', NULL, NULL),
(38, 23, 4, 'SJ038/CJM/11-29', 'SJ038/CJM/11-29', 0, '13660', '850', 850, '2011-09-15', '2011-09-15', '5=100; 6=100; 7=200; 8=275; 9=150; 10=25', '5=100; 6=100; 7=200; 8=275; 9=150; 10=25', NULL, NULL),
(39, 17, 2, 'SJ039/CJM/11-30', 'SJ039/CJM/11-30', 0, '11432', '100', 100, '2011-09-19', '2011-09-19', '8=100', '8=100', NULL, NULL),
(40, 8, 5, 'SJ040/CJM/11-31', 'SJ040/CJM/11-31', 0, '12514', '95', 95, '2011-09-19', '2011-09-19', '5=95', '5=95', NULL, NULL),
(41, 9, 6, 'SJ041/CJM/11-32', 'SJ041/CJM/11-32', 0, '12515', '130', 130, '2011-09-19', '2011-09-19', '5=10; 9=120', '5=10; 9=120', NULL, NULL),
(42, 31, 1, 'SJ042/CJM/11-34', 'SJ042/CJM/11-34', 0, '14084', '360', 360, '2011-09-19', '2011-09-19', '5=40; 6=90; 7=140; 8=90', '5=40; 6=90; 7=140; 8=90', NULL, NULL),
(43, 23, 4, 'SJ043/CJM/11-35', 'SJ043/CJM/11-35', 0, '13660', '400', 400, '2011-09-19', '2011-09-19', '6=175; 7=225', '6=175; 7=225', NULL, NULL),
(44, 30, 1, 'SJ044/CJM/11', 'SJ044/CJM/11', 0, '14083', '340', 340, '2011-09-19', '2011-09-19', '5=260; 6=80', '5=260; 6=80', NULL, NULL),
(45, 32, 1, 'SJ045/CJM/11', 'SJ045/CJM/11', 0, '14081', '425', 425, '2011-09-19', '2011-09-19', '6=210; 7=205; 8=10', '6=210; 7=205; 8=10', NULL, NULL),
(46, 26, 4, 'SJ047/CJM/11-34', 'SJ047/CJM/11-34', 0, '13663', '585', 585, '2011-09-26', '2011-09-26', '5=50; 6=45; 7=70; 8=245; 9=150; 10=25', '5=50; 6=45; 7=70; 8=245; 9=150; 10=25', NULL, NULL),
(47, 14, 9, 'SJ046/CJM/11-36', 'SJ046/CJM/11-36', 0, '12734', '340', 340, '2011-09-19', '2011-09-19', '6=50; 7=132; 8=75; 9=25; 10=45; 11=13', '6=50; 7=132; 8=75; 9=25; 10=45; 11=13', NULL, NULL),
(48, 14, 9, 'SJ048/CJM/11-35', 'SJ048/CJM/11-35', 0, '12734', '181', 181, '2011-09-26', '2011-09-26', '8=25; 9=35; 10=71; 11=50', '8=25; 9=35; 10=71; 11=50', NULL, NULL),
(49, 13, 8, 'SJ049/CJM/11-37', 'SJ049/CJM/11-37', 0, '11604', '340', 340, '2011-09-29', '2011-09-29', '6=50; 7=132; 8=75; 9=25; 10=45; 11=13', '6=50; 7=132; 8=75; 9=25; 10=45; 11=13', NULL, NULL),
(50, 14, 9, 'SJ050/CJM/11-36', 'SJ050/CJM/11-36', 0, '12734', '192', 192, '2011-09-29', '2011-09-29', '6=32; 8=80; 9=80', '6=32; 8=80; 9=80', NULL, NULL),
(51, 14, 9, 'SJ051/CJM/11-38', 'SJ051/CJM/11-38', 0, '12734', '78', 78, '2011-10-04', '2011-10-04', '7=15; 8=24; 9=39', '7=15; 8=24; 9=39', NULL, NULL),
(52, 15, 10, 'SJ052/CJM/11-39', 'SJ052/CJM/11-39', 0, '12733', '350', 350, '2011-10-04', '2011-10-04', '7=37; 8=80; 9=103; 10=48; 11=42\r\nINI BEDA TOTALNYA!', '7=37; 8=80; 9=103; 10=48; 11=42\r\nINI BEDA TOTALNYA!', NULL, NULL),
(53, 13, 8, 'SJ053/CJM/11-40', 'SJ053/CJM/11-40', 0, '11604', '360', 360, '2011-10-04', '2011-10-04', '5=60; 6=36; 7=95; 8=117; 9=15; 11=37', '5=60; 6=36; 7=95; 8=117; 9=15; 11=37', NULL, NULL),
(54, 15, 10, 'SJ054/CJM/11-41', 'SJ054/CJM/11-41', 0, '12733', '140', 140, '2011-10-06', '2011-10-06', '6=35; 7=55; 8=29; 9=10; 10=11', '6=35; 7=55; 8=29; 9=10; 10=11', NULL, NULL),
(55, 15, 10, 'SJ055/CJM/11-42', 'SJ055/CJM/11-42', 0, '12733', '20', 20, '2011-10-07', '2011-10-07', '7=10; 10=10', '7=10; 10=10', NULL, NULL),
(56, 31, 1, 'SJ056/CJM/11-44', 'SJ056/CJM/11-44', 0, '14084', '40', 40, '2011-10-12', '2011-10-12', '7=40', '7=40', NULL, NULL),
(57, 15, 10, 'SJ057/CJM/11-45', 'SJ057/CJM/11-45', 0, '12733', '55', 55, '2011-10-12', '2011-10-12', '6=11; 8=20; 9=20; 10=3; 11=1', '6=11; 8=20; 9=20; 10=3; 11=1', NULL, NULL),
(58, 33, 1, 'SJ058/CJM/11-46', 'SJ058/CJM/11-46', 0, '14921', '1500', 1500, '2011-10-12', '2011-10-12', '5=160; 6=340; 7=400; 8=300; 9=200; 10=100', '5=160; 6=340; 7=400; 8=300; 9=200; 10=100', NULL, NULL),
(59, 33, 1, 'SJ059/CJM/11-49', 'SJ059/CJM/11-49', 0, '14921', '500', 500, '2011-10-14', '2011-10-14', '7=240; 8=260', '7=240; 8=260', NULL, NULL),
(60, 34, 1, 'SJ060/CJM/11-50', 'SJ060/CJM/11-50', 0, '14922', '430', 430, '2011-10-14', '2011-10-14', '5=50; 6=210; 9=70; 10=100', '5=50; 6=210; 9=70; 10=100', NULL, NULL),
(61, 12, 7, 'SJ061/CJM/11-49', 'SJ061/CJM/11-49', 0, '11603', '255', 255, '2011-10-18', '2011-10-18', '8=100; 9=40; 10=74; 11=40', '8=100; 9=40; 10=74; 11=40', NULL, NULL),
(62, 34, 1, 'SJ062/CJM/11-50', 'SJ062/CJM/11-50', 0, '14922', '1410', 1410, '2011-10-18', '2011-10-18', '5=110; 6=130; 7=640; 8=400; 9=130', '5=110; 6=130; 7=640; 8=400; 9=130', NULL, NULL),
(63, 25, 4, 'SJ063/CJM/11-52', 'SJ063/CJM/11-52', 0, '13662', '665', 665, '2011-10-21', '2011-10-21', '5=50; 6=230; 7=335; 8=30\r\nQTY TIDAK SESUAI!!', '5=50; 6=230; 7=335; 8=30\r\nQTY TIDAK SESUAI!!', NULL, NULL),
(64, 22, 13, 'SJ064/CJM/11-54', 'SJ064/CJM/11-54', 0, '13766', '800', 800, '2011-10-21', '2011-10-21', '7=200; 8=280; 9=100; 10=120; 11=100', '7=200; 8=280; 9=100; 10=120; 11=100', NULL, NULL),
(65, 28, 14, 'SJ065/CJM/11-55', 'SJ065/CJM/11-55', 0, '14479', '1000', 1000, '2011-10-21', '2011-10-21', '5=100; 6=190; 7=290; 8=230; 9=110; 10=80', '5=100; 6=190; 7=290; 8=230; 9=110; 10=80', NULL, NULL),
(66, 35, 1, 'SJ066/CJM/11-56', 'SJ066/CJM/11-56', 0, '14923', '630', 630, '2011-10-21', '2011-10-21', '5=50; 6=30; 7=240; 8=160; 9=100; 10=50', '5=50; 6=30; 7=240; 8=160; 9=100; 10=50', NULL, NULL),
(67, 13, 8, 'SJ067/CJM/11-57', 'SJ067/CJM/11-57', 0, '11604', '35', 35, '2011-10-21', '2011-10-21', '5=20; 8=15', '5=20; 8=15', NULL, NULL),
(68, 12, 7, 'SJ068/CJM/11-58', 'SJ068/CJM/11-58', 0, '11603', '165', 165, '2011-10-21', '2011-10-21', '6=60; 7=30; 8=75', '6=60; 7=30; 8=75', NULL, NULL),
(69, 25, 4, 'SJ069/CJM/11-59', 'SJ069/CJM/11-59', 0, '13662', '585', 585, '2011-10-24', '2011-10-24', '5=50; 6=50; 7=220; 8=220; 9=45', '5=50; 6=50; 7=220; 8=220; 9=45', NULL, NULL),
(70, 26, 4, 'SJ070/CJM/11-60', 'SJ070/CJM/11-60', 0, '13663', '15', 15, '2011-10-24', '2011-10-24', '9=15', '9=15', NULL, NULL),
(71, 35, 1, 'SJ071/CJM/11-61', 'SJ071/CJM/11-61', 0, '14923', '370', 370, '2011-10-24', '2011-10-24', '5=30; 6=140; 7=80; 8=120', '5=30; 6=140; 7=80; 8=120', NULL, NULL),
(72, 12, 7, 'SJ072/CJM/11-63', 'SJ072/CJM/11-63', 0, '11603', '250', 250, '2011-10-24', '2011-10-24', '5=30; 6=70; 7=117; 9=7; 10=16; 11=10', '5=30; 6=70; 7=117; 9=7; 10=16; 11=10', NULL, NULL),
(73, 38, 4, 'SJ073/CJM/11-64', 'SJ073/CJM/11-64', 0, '15172', '990', 990, '2011-10-26', '2011-10-26', '5=100; 7=440; 8=400; 9=25; 10=25', '5=100; 7=440; 8=400; 9=25; 10=25', NULL, NULL),
(74, 13, 8, 'SJ074/CJM/11-67', 'SJ074/CJM/11-67', 0, '11604', '23', 23, '2011-10-26', '2011-10-26', '6=8; 7=9; 8=6', '6=8; 7=9; 8=6', NULL, NULL),
(75, 12, 7, 'SJ075/CJM/11-68', 'SJ075/CJM/11-68', 0, '11603', '140', 140, '2011-10-26', '2011-10-26', '6=30; 7=103; 8=7', '6=30; 7=103; 8=7', NULL, NULL),
(76, 41, 1, 'SJ076/CJM/11-70', 'SJ076/CJM/11-70', 0, '15796', '1135', 1135, '2011-10-28', '2011-10-28', '5=60; 6=260; 7=250; 8=200; 9=220; 10=145', '5=60; 6=260; 7=250; 8=200; 9=220; 10=145', NULL, NULL),
(77, 13, 8, 'SJ077/CJM/11-71', 'SJ077/CJM/11-71', 0, '11604', '22', 22, '2011-10-28', '2011-10-28', '6=7; 8=15', '6=7; 8=15', NULL, NULL),
(78, 39, 4, 'SJ078/CJM/11-72', 'SJ078/CJM/11-72', 0, '15173', '1500', 1500, '2011-10-31', '2011-10-31', '5=150; 6=50; 7=650; 8=600; 9=25; 10=25', '5=150; 6=50; 7=650; 8=600; 9=25; 10=25', NULL, NULL),
(79, 41, 1, 'SJ079/CJM/11-73', 'SJ079/CJM/11-73', 0, '15796', '865', 865, '2011-10-31', '2011-10-31', '6=140; 7=320; 8=340; 9=65', '6=140; 7=320; 8=340; 9=65', NULL, NULL),
(80, 42, 1, 'SJ080/CJM/11-74', 'SJ080/CJM/11-74', 0, '15798', '1500', 1500, '2011-10-31', '2011-10-31', '5=40; 6=300; 7=430; 8=410; 9=215; 10=105', '5=40; 6=300; 7=430; 8=410; 9=215; 10=105', NULL, NULL),
(81, 27, 14, 'SJ081/CJM/11-65', 'SJ081/CJM/11-65', 0, '14477', '570', 570, '2011-11-01', '2011-11-01', '7=350; 8=180; 10=40', '7=350; 8=180; 10=40', NULL, NULL),
(82, 34, 1, 'SJ082/CJM/11-75', 'SJ082/CJM/11-75', 0, '14922', '160', 160, '2011-11-10', '2011-11-10', '5=5; 6=10; 7=45; 8=100', '5=5; 6=10; 7=45; 8=100', NULL, NULL),
(83, 54, 1, 'SJ083/CJM/11-76', 'SJ083/CJM/11-76', 0, '16122', '2000', 2000, '2011-11-10', '2011-11-10', '5=60; 6=400; 7=570; 8=545; 9=285; 10=140', '5=60; 6=400; 7=570; 8=545; 9=285; 10=140', NULL, NULL),
(84, 53, 1, 'SJ084/CJM/11-77', 'SJ084/CJM/11-77', 0, '16124', '1376', 1376, '2011-11-10', '2011-11-10', '5=40; 6=300; 7=430; 8=291; 9=205; 10=110', '5=40; 6=300; 7=430; 8=291; 9=205; 10=110', NULL, NULL),
(85, 12, 7, 'SJ085/CJM/11-72', 'SJ085/CJM/11-72', 0, '11603', '77', 77, '2011-11-11', '2011-11-11', '7=38; 8=30; 10=9', '7=38; 8=30; 10=9', NULL, NULL),
(86, 13, 8, 'SJ086/CJM/11-78', 'SJ086/CJM/11-78', 0, '11604', '46', 46, '2011-11-11', '2011-11-11', '6=16; 9=20; 10=10', '6=16; 9=20; 10=10', NULL, NULL),
(87, 12, 7, 'SJ087/CJM/11-79', 'SJ087/CJM/11-79', 0, '11603', '89', 89, '2011-11-11', '2011-11-11', '6=5; 7=48; 8=12; 9=19; 10=5', '6=5; 7=48; 8=12; 9=19; 10=5', NULL, NULL),
(88, 29, 14, 'SJ088/CJM/11-80', 'SJ088/CJM/11-80', 0, '14478', '920', 920, '2011-11-11', '2011-11-11', '6=34; 7=455; 8=415; 9=16', '6=34; 7=455; 8=415; 9=16', NULL, NULL),
(89, 53, 1, 'SJ089/CJM/11-81', 'SJ089/CJM/11-81', 0, '16124', '124', 124, '2011-11-11', '2011-11-11', '8=114; 9=10', '8=114; 9=10', NULL, NULL),
(90, 44, 1, 'SJ090/CJM/11-82', 'SJ090/CJM/11-82', 0, '16403', '540', 540, '2011-11-11', '2011-11-11', '5=25; 6=25; 7=200; 8=250; 9=20; 10=20', '5=25; 6=25; 7=200; 8=250; 9=20; 10=20', NULL, NULL),
(91, 27, 14, 'SJ091/CJM/11-62', 'SJ091/CJM/11-62', 0, '14477', '1430', 1430, '2011-11-14', '2011-11-14', '5=200; 6=380; 7=230; 8=280; 9=220; 10=120', '5=200; 6=380; 7=230; 8=280; 9=220; 10=120', NULL, NULL),
(92, 29, 14, 'SJ092/CJM/11-66', 'SJ092/CJM/11-66', 0, '14478', '705', 705, '2011-11-14', '2011-11-14', '5=200; 6=246; 7=25; 8=20; 9=54; 10=160', '5=200; 6=246; 7=25; 8=20; 9=54; 10=160', NULL, NULL),
(93, 29, 14, 'SJ093/CJM/11-69', 'SJ093/CJM/11-69', 0, '14478', '375', 375, '2011-11-14', '2011-11-14', '6=100; 7=100; 8=25; 9=150', '6=100; 7=100; 8=25; 9=150', NULL, NULL),
(94, 43, 1, 'SJ094/CJM/11-83', 'SJ094/CJM/11-83', 0, '15811', '1500', 1500, '2011-11-15', '2011-11-15', '5=150; 6=275; 7=450; 8=350; 9=175; 10=100', '5=150; 6=275; 7=450; 8=350; 9=175; 10=100', NULL, NULL),
(95, 38, 4, 'SJ095/CJM/11-53', 'SJ095/CJM/11-53', 0, '15172', '510', 510, '2011-10-21', '2011-10-21', '5=50; 6=130; 7=210; 8=100; 9=20', '5=50; 6=130; 7=210; 8=100; 9=20', NULL, NULL),
(96, 44, 1, 'SJ096/CJM/11-85', 'SJ096/CJM/11-85', 0, '16403', '1460', 1460, '2011-11-21', '2011-11-21', '5=135; 6=375; 7=440; 8=230; 9=220; 10=60', '5=135; 6=375; 7=440; 8=230; 9=220; 10=60', NULL, NULL),
(97, 45, 1, 'SJ097/CJM/11-86', 'SJ097/CJM/11-86', 0, '16404', '860', 860, '2011-11-21', '2011-11-21', '5=80; 6=100; 7=320; 8=200; 9=120; 10=40 ', '5=80; 6=100; 7=320; 8=200; 9=120; 10=40 ', NULL, NULL),
(98, 45, 1, 'SJ098/CJM/11-88', 'SJ098/CJM/11-88', 0, '16404', '140', 140, '2011-11-24', '2011-11-24', '6=100; 8=40', '6=100; 8=40', NULL, NULL),
(99, 59, 17, 'SJ099/CJM/11-89', 'SJ099/CJM/11-89', 0, '15976', '398', 398, '2011-11-24', '2011-11-24', '6=22; 7=63; 8=103; 9=94; 10=73; 11=43', '6=22; 7=63; 8=103; 9=94; 10=73; 11=43', NULL, NULL),
(100, 60, 18, 'SJ100/CJM/11-90', 'SJ100/CJM/11-90', 0, '15977', '466', 466, '2011-11-24', '2011-11-24', '6=43; 7=84; 8=124; 9=106; 10=64; 11=45', '6=43; 7=84; 8=124; 9=106; 10=64; 11=45', NULL, NULL),
(101, 12, 7, 'SJ101/CJM/11-92', 'SJ101/CJM/11-92', 0, '11603', '190', 190, '2011-11-30', '2011-11-30', '5=50; 6=87; 7=20; 8=20; 9=5; 10=8', '5=50; 6=87; 7=20; 8=20; 9=5; 10=8', NULL, NULL),
(102, 36, 15, 'SJ102/CJM/11-93', 'SJ102/CJM/11-93', 0, '15288', '715', 715, '2011-11-30', '2011-11-30', '4=130; 5=265; 6=300; 7=20', '4=130; 5=265; 6=300; 7=20', NULL, NULL),
(103, 36, 15, 'SJ103/CJM/11-95', 'SJ103/CJM/11-95', 0, '15288', '1285', 1285, '2011-12-05', '2011-12-05', '4=70; 5=585; 6=600; 7=30', '4=70; 5=585; 6=600; 7=30', NULL, NULL),
(104, 37, 15, 'SJ104/CJM/11-96', 'SJ104/CJM/11-96', 0, '15287', '280', 280, '2011-12-05', '2011-12-05', '6=280', '6=280', NULL, NULL),
(105, 69, 22, 'SJ105/CJM/11-97', 'SJ105/CJM/11-97', 0, '18016', '605', 605, '2011-12-05', '2011-12-05', '6=90; 8=150; 9=250; 10=100; 11=15', '6=90; 8=150; 9=250; 10=100; 11=15', NULL, NULL),
(106, 56, 14, 'SJ106/CJM/11-99', 'SJ106/CJM/11-99', 0, '16116', '1000', 1000, '2011-12-05', '2011-12-05', '5=100; 6=185; 7=300; 8=230; 9=115; 10=70', '5=100; 6=185; 7=300; 8=230; 9=115; 10=70', NULL, NULL),
(107, 55, 14, 'SJ107/CJM/11-100', 'SJ107/CJM/11-100', 0, '16118', '130', 130, '2011-12-05', '2011-12-05', '7=60; 9=40; 10=30', '7=60; 9=40; 10=30', NULL, NULL),
(108, 37, 15, 'SJ108/CJM/11-101', 'SJ108/CJM/11-101', 0, '15287', '1010', 1010, '2011-12-08', '2011-12-08', '4=110; 5=350; 6=510; 7=40', '4=110; 5=350; 6=510; 7=40', NULL, NULL),
(109, 71, 24, 'SJ109/CJM/11-102', 'SJ109/CJM/11-102', 0, '17994', '740', 740, '2011-12-08', '2011-12-08', '6=50; 7=90; 8=300; 9=150; 10=100; 11=50', '6=50; 7=90; 8=300; 9=150; 10=100; 11=50', NULL, NULL),
(110, 55, 14, 'SJ110/CJM/11-103', 'SJ110/CJM/11-103', 0, '16118', '230', 230, '2011-12-08', '2011-12-08', '5=50; 6=90=; 7=90', '5=50; 6=90=; 7=90', NULL, NULL),
(111, 55, 14, 'SJ111/CJM/11-103', 'SJ111/CJM/11-103', 0, '16118', '140', 140, '2011-12-15', '2011-12-15', '8=120; 9=20', '8=120; 9=20', NULL, NULL),
(112, 69, 22, 'SJ112/CJM/11-104', 'SJ112/CJM/11-104', 0, '18016', '375', 375, '2011-12-15', '2011-12-15', '6=10; 7=185; 8=150; 11=30', '6=10; 7=185; 8=150; 11=30', NULL, NULL),
(113, 37, 15, 'SJ113/CJM/11-105', 'SJ113/CJM/11-105', 0, '15287', '460', 460, '2011-12-15', '2011-12-15', '4=90; 5=340; 6=20; 7=10', '4=90; 5=340; 6=20; 7=10', NULL, NULL),
(114, 61, 19, 'SJ114/CJM/11-106', 'SJ114/CJM/11-106', 0, '17993', '685', 685, '2011-12-15', '2011-12-15', '6=35; 7=100; 8=300; 9=100; 10=100; 11=50', '6=35; 7=100; 8=300; 9=100; 10=100; 11=50', NULL, NULL),
(115, 13, 8, 'SJ115/CJM/11-107', 'SJ115/CJM/11-107', 0, '11604', '74', 74, '2011-12-16', '2011-12-16', '9=54; 10=20', '9=54; 10=20', NULL, NULL),
(116, 12, 7, 'SJ116/CJM/11-108', 'SJ116/CJM/11-108', 0, '11603', '34', 34, '2011-12-16', '2011-12-16', '5=11; 6=15; 7=8', '5=11; 6=15; 7=8', NULL, NULL),
(117, 69, 22, 'SJ117/CJM/11-109', 'SJ117/CJM/11-109', 0, '18016', '20', 20, '2011-12-16', '2011-12-16', '7=15; 11=5', '7=15; 11=5', NULL, NULL),
(118, 61, 19, 'SJ118/CJM/11-110', 'SJ118/CJM/11-110', 0, '17993', '80', 80, '2011-12-16', '2011-12-16', '7=80', '7=80', NULL, NULL),
(119, 71, 24, 'SJ119/CJM/11-111', 'SJ119/CJM/11-111', 0, '17994', '260', 260, '2011-12-16', '2011-12-16', '5=50; 7=110; 9=100', '5=50; 7=110; 9=100', NULL, NULL),
(120, 62, 20, 'SJ120/CJM/11-102', 'SJ120/CJM/11-102', 0, '18015', '1000', 1000, '2011-12-19', '2011-12-19', '6=100; 7=200; 8=300; 9=250; 10=100; 11=50', '6=100; 7=200; 8=300; 9=250; 10=100; 11=50', NULL, NULL),
(121, 37, 15, 'SJ121/CJM/11-112', 'SJ121/CJM/11-112', 0, '15287', '250', 250, '2011-12-21', '2011-12-21', '5=100; 6=150', '5=100; 6=150', NULL, NULL),
(122, 47, 4, 'SJ122/CJM/11-116', 'SJ122/CJM/11-116', 0, '16597', '2000', 2000, '2012-01-02', '2012-01-02', '5=125; 6=375; 7=940; 8=250; 9=250; 10=;60', '5=125; 6=375; 7=940; 8=250; 9=250; 10=;60', NULL, NULL),
(123, 49, 4, 'SJ123/CJM/11-117', 'SJ123/CJM/11-117', 0, '16598', '1200', 1200, '2012-01-02', '2012-01-02', '5=75; 6=225; 7=560; 8=150; 9=150; 10=40', '5=75; 6=225; 7=560; 8=150; 9=150; 10=40', NULL, NULL),
(124, 13, 8, 'SJ124/CJM/11-91', 'SJ124/CJM/11-91', 0, '11604', '300', 300, '2012-01-05', '2012-01-05', '5=17; 6=130; 7=42; 8=26; 9=40; 10=45', '5=17; 6=130; 7=42; 8=26; 9=40; 10=45', NULL, NULL),
(125, 58, 13, 'SJ125/CJM/11-118', 'SJ125/CJM/11-118', 0, '17152', '1000', 1000, '2012-01-10', '2012-01-10', '5=100; 6=300; 7=150; 8=200; 9=200; 10=50', '5=100; 6=300; 7=150; 8=200; 9=200; 10=50', NULL, NULL),
(126, 50, 16, 'SJ126/CJM/11-119', 'SJ126/CJM/11-119', 0, '17045', '1500', 1500, '2012-01-10', '2012-01-10', '5=150; 6=250; 7=375; 8=400; 9=150; 10=175', '5=150; 6=250; 7=375; 8=400; 9=150; 10=175', NULL, NULL),
(127, 46, 15, 'SJ127/CJM/11-120', 'SJ127/CJM/11-120', 0, '17618', '2000', 2000, '2012-01-10', '2012-01-10', '3=50; 4=370; 5=700; 6=680; 7=200', '3=50; 4=370; 5=700; 6=680; 7=200', NULL, NULL),
(128, 64, 4, 'SJ128/CJM/11-121', 'SJ128/CJM/11-121', 0, '17935', '2000', 2000, '2012-01-10', '2012-01-10', '5=100; 6=450; 7=700; 8=500; 9=200; 10=50', '5=100; 6=450; 7=700; 8=500; 9=200; 10=50', NULL, NULL),
(129, 85, 26, 'SJ129/CJM/11-123', 'SJ129/CJM/11-123', 0, '18671', '240', 240, '2012-01-20', '2012-01-20', '6=20; 7=40; 8=60; 9=60; 10=60', '6=20; 7=40; 8=60; 9=60; 10=60', NULL, NULL),
(130, 66, 14, 'SJ130/CJM/11-124', 'SJ130/CJM/11-124', 0, '18094', '2000', 2000, '2012-01-20', '2012-01-20', '5=135; 6=335; 7=800; 8=530; 9=130; 10=70', '5=135; 6=335; 7=800; 8=530; 9=130; 10=70', NULL, NULL),
(131, 51, 16, 'SJ131/CJM/11-116', 'SJ131/CJM/11-116', 0, '17044', '1500', 1500, '2012-01-26', '2012-01-26', '5=150; 6=250; 7=375; 8=400; 9=150; 10=175', '5=150; 6=250; 7=375; 8=400; 9=150; 10=175', NULL, NULL),
(132, 61, 19, 'SJ132/CJM/11-114', 'SJ132/CJM/11-114', 0, '17993', '235', 235, '2012-01-26', '2012-01-26', '6=65; 7=20; 9=120', '6=65; 7=20; 9=120', NULL, NULL),
(133, 95, 1, 'SJ134/CJM/12-128', 'SJ134/CJM/12-128', 0, '18991', NULL, NULL, '2012-02-14', '2012-02-14', '', '', NULL, NULL),
(134, 81, 1, 'SJ133/CJM/12-125', 'SJ133/CJM/12-125', 0, '18577', NULL, NULL, '2012-02-01', '2012-02-01', '', '', NULL, NULL),
(135, 74, 14, 'SJ135/CJM/12-127', 'SJ135/CJM/12-127', 0, '18095', NULL, NULL, '2012-02-24', '2012-02-24', '', '', NULL, NULL),
(136, 70, 23, 'SJ136/CJM/12-132', 'SJ136/CJM/12-132', 0, '18043', NULL, NULL, '2012-02-24', '2012-02-24', '', '', NULL, NULL),
(137, 79, 1, 'SJ137/CJM/12-126', 'SJ137/CJM/12-126', 0, '18578', NULL, NULL, '2012-02-29', '2012-02-29', '', '', NULL, NULL),
(138, 67, 14, 'SJ138/CJM/12-133', 'SJ138/CJM/12-133', 0, '18299', NULL, NULL, '2012-02-29', '2012-02-29', '', '', NULL, NULL),
(139, 80, 4, 'SJ139/CJM/12-129', 'SJ139/CJM/12-129', 0, '19632', NULL, NULL, '2012-03-07', '2012-03-07', '14 feb 2012', '14 feb 2012', NULL, NULL),
(140, 92, 1, 'SJ140/CJM/12-131', 'SJ140/CJM/12-131', 0, '18989', NULL, NULL, '2012-03-07', '2012-03-07', '17-02-2012', '17-02-2012', NULL, NULL),
(141, 77, 14, 'SJ141/CJM/12-134', 'SJ141/CJM/12-134', 0, '18581', NULL, NULL, '2012-03-21', '2012-03-21', '2012-03-05', '2012-03-05', NULL, NULL),
(142, 73, 23, 'SJ142/CJM/12-135', 'SJ142/CJM/12-135', 0, '18044', NULL, NULL, '2012-03-21', '2012-03-21', '2012-03-05', '2012-03-05', NULL, NULL),
(143, 93, 1, 'SJ143/CJM/12-136', 'SJ143/CJM/12-136', 0, '18990', NULL, NULL, '2012-03-21', '2012-03-21', '2012-03-05', '2012-03-05', NULL, NULL),
(144, 78, 14, 'SJ144/CJM/12-137', 'SJ144/CJM/12-137', 0, '18583', NULL, NULL, '2012-03-21', '2012-03-21', '2012-03-05', '2012-03-05', NULL, NULL),
(145, 88, 14, 'SJ145/CJM/12-142', 'SJ145/CJM/12-142', 0, '18986', NULL, NULL, '2012-03-15', '2012-03-15', '2012-03-09', '2012-03-09', NULL, NULL),
(146, 75, 21, 'SJ146/CJM/12-140', 'SJ146/CJM/12-140', 0, '18197', NULL, NULL, '2012-03-13', '2012-03-13', '', '', NULL, NULL),
(147, 82, 25, 'SJ147/CJM/12-141', 'SJ147/CJM/12-141', 0, '18464', NULL, NULL, '2012-03-15', '2012-03-15', '', '', NULL, NULL),
(148, 90, 14, 'SJ148/CJM/12-143', 'SJ148/CJM/12-143', 0, '18987', NULL, NULL, '2012-03-15', '2012-03-15', '', '', NULL, NULL),
(149, 91, 14, 'SJ149/CJM/12-144', 'SJ149/CJM/12-144', 0, '18988', NULL, NULL, '2012-03-15', '2012-03-15', '', '', NULL, NULL),
(150, 83, 25, 'SJ150/CJM/12-145', 'SJ150/CJM/12-145', 0, '18465', NULL, NULL, '2012-03-21', '2012-03-21', '', '', NULL, NULL),
(151, 94, 4, 'SJ151/CJM/12-146', 'SJ151/CJM/12-146', 0, '19633', NULL, NULL, '2012-03-21', '2012-03-21', '', '', NULL, NULL),
(152, 68, 1, 'SJ152/CJM/12-147', 'SJ152/CJM/12-147', 0, '20218', NULL, NULL, '2012-03-21', '2012-03-21', '', '', NULL, NULL),
(153, 84, 15, 'SJ153/CJM/12-148', 'SJ153/CJM/12-148', 0, '19626', NULL, NULL, '2012-03-26', '2012-03-26', '', '', NULL, NULL),
(154, 76, 16, 'SJ154/CJM/12-149', 'SJ154/CJM/12-149', 0, '20219', NULL, NULL, '2012-03-26', '2012-03-26', '', '', NULL, NULL),
(155, 72, 28, 'SJ155/CJM/12-150', 'SJ155/CJM/12-150', 0, '20220', NULL, NULL, '2012-03-26', '2012-03-26', '', '', NULL, NULL),
(156, 101, 4, 'SJ156/CJM/12-151', 'SJ156/CJM/12-151', 0, '20972', NULL, NULL, '2012-03-26', '2012-03-26', '', '', NULL, NULL),
(157, 24, 1, 'SJ157/CJM/12-152', 'SJ157/CJM/12-152', 0, '20611', NULL, NULL, '2012-03-29', '2012-03-29', '', '', NULL, NULL),
(158, 102, 30, 'SJ158/CJM/12-153', 'SJ158/CJM/12-153', 0, '21296', NULL, NULL, '2012-03-29', '2012-03-29', '', '', NULL, NULL),
(159, 65, 21, 'SJ159/CJM/12-154', 'SJ159/CJM/12-154', 0, '18198', NULL, NULL, '2012-04-03', '2012-04-03', '', '', NULL, NULL),
(160, 86, 27, 'SJ160/CJM/12-155', 'SJ160/CJM/12-155', 0, '18920', NULL, NULL, '2012-04-03', '2012-04-03', '', '', NULL, NULL),
(161, 89, 15, 'SJ161/CJM/12-156', 'SJ161/CJM/12-156', 0, '19627', NULL, NULL, '2012-04-03', '2012-04-03', '', '', NULL, NULL),
(162, 48, 1, 'SJ162/CJM/12-158', 'SJ162/CJM/12-158', 0, '20612', NULL, NULL, '2012-04-05', '2012-04-05', '', '', NULL, NULL),
(163, 52, 14, 'SJ163/CJM/12-159', 'SJ163/CJM/12-159', 0, '20609', NULL, NULL, '2012-04-05', '2012-04-05', '', '', NULL, NULL),
(164, 40, 14, 'SJ164/CJM/12-160', 'SJ164/CJM/12-160', 0, '20610', NULL, NULL, '2012-04-10', '2012-04-10', '', '', NULL, NULL),
(165, 96, 1, 'SJ165/CJM/12-161', 'SJ165/CJM/12-161', 0, '20967', NULL, NULL, '2012-04-10', '2012-04-10', '', '', NULL, NULL),
(166, 87, 27, 'SJ166/CJM/12-162', 'SJ166/CJM/12-162', 0, '18921', NULL, NULL, '2012-04-10', '2012-04-10', '', '', NULL, NULL),
(167, 65, 21, 'SJ167/CJM/12-163', 'SJ167/CJM/12-163', 0, '18198', NULL, NULL, '2012-04-13', '2012-04-13', '', '', NULL, NULL),
(168, 97, 1, 'SJ168/CJM/12-164', 'SJ168/CJM/12-164', 0, '20969', NULL, NULL, '2012-04-13', '2012-04-13', '', '', NULL, NULL),
(169, 105, 14, 'SJ169/CJM/12-165', 'SJ169/CJM/12-165', 0, '21923', NULL, NULL, '2012-04-13', '2012-04-13', '', '', NULL, NULL),
(170, 104, 1, 'SJ170/CJM/12-166', 'SJ170/CJM/12-166', 0, '21924', NULL, NULL, '2012-04-13', '2012-04-13', '', '', NULL, NULL),
(171, 101, 4, 'SJ171/CJM/12-167', 'SJ171/CJM/12-167', 0, '20972', NULL, NULL, '2012-04-20', '2012-04-20', '', '', NULL, NULL),
(172, 115, 35, 'SJ172/CJM/12-169', 'SJ172/CJM/12-169', 0, '22407', NULL, NULL, '2012-04-25', '2012-04-25', '', '', NULL, NULL),
(173, 116, 36, 'SJ173/CJM/12-170', 'SJ173/CJM/12-170', 0, '22406', NULL, NULL, '2012-04-25', '2012-04-25', '', '', NULL, NULL),
(174, 57, 29, 'SJ174/CJM/12-172', 'SJ174/CJM/12-172', 0, '20162', NULL, NULL, '2012-05-03', '2012-05-03', '', '', NULL, NULL),
(175, 116, 36, 'SJ175/CJM/12-171', 'SJ175/CJM/12-171', 0, '22406', NULL, NULL, '2012-05-03', '2012-05-03', '', '', NULL, NULL),
(176, 100, 14, 'SJ176/CJM/12-173', 'SJ176/CJM/12-173', 0, '20970', NULL, NULL, '2012-05-03', '2012-05-03', '', '', NULL, NULL),
(177, 113, 34, 'SJ177/CJM/12-174', 'SJ177/CJM/12-174', 0, '22279', NULL, NULL, '2012-05-08', '2012-05-08', '', '', NULL, NULL),
(178, 100, 14, 'SJ178/CJM/12-175', 'SJ178/CJM/12-175', 0, '20970', NULL, NULL, '2012-05-08', '2012-05-08', '', '', NULL, NULL),
(179, 113, 34, 'SJ179/CJM/12-176', 'SJ179/CJM/12-176', 0, '22279', NULL, NULL, '2012-05-10', '2012-05-10', '', '', NULL, NULL),
(180, 126, 4, 'SJ180/CJM/12-177', 'SJ180/CJM/12-177', 0, '23315', NULL, NULL, '2012-05-10', '2012-05-10', '', '', NULL, NULL),
(181, 99, 15, 'SJ181/CJM/12-178', 'SJ181/CJM/12-178', 0, '20965', NULL, NULL, '2012-05-10', '2012-05-10', '', '', NULL, NULL),
(182, 108, 33, 'SJ182/CJM/12-179', 'SJ182/CJM/12-179', 0, '22277', NULL, NULL, '2012-05-15', '2012-05-15', '', '', NULL, NULL),
(183, 125, 1, 'SJ183/CJM/12-180', 'SJ183/CJM/12-180', 0, '23275', NULL, NULL, '2012-05-15', '2012-05-15', '', '', NULL, NULL),
(184, 63, 29, 'SJ184/CJM/12-181', 'SJ184/CJM/12-181', 0, '20163', NULL, NULL, '2012-05-15', '2012-05-15', '', '', NULL, NULL),
(185, 141, 1, 'SJ185/CJM/12-182', 'SJ185/CJM/12-182', 0, '23582', NULL, NULL, '2012-05-15', '2012-05-15', '', '', NULL, NULL),
(186, 63, 29, 'SJ186/CJM/12-183', 'SJ186/CJM/12-183', 0, '20163', NULL, NULL, '2012-05-25', '2012-05-25', '', '', NULL, NULL),
(187, 99, 15, 'SJ187/CJM/12-184', 'SJ187/CJM/12-184', 0, '20965', NULL, NULL, '2012-05-25', '2012-05-25', '', '', NULL, NULL),
(188, 98, 15, 'SJ188/CJM/12-185', 'SJ188/CJM/12-185', 0, '20966', NULL, NULL, '2012-05-25', '2012-05-25', '', '', NULL, NULL),
(189, 118, 37, 'SJ189/CJM/12-190', 'SJ189/CJM/12-190', 0, '22842', NULL, NULL, '2012-06-05', '2012-06-05', '', '', NULL, NULL),
(190, 121, 39, 'SJ190/CJM/12-194', 'SJ190/CJM/12-194', 0, '22624', NULL, NULL, '2012-06-19', '2012-06-19', '', '', NULL, NULL),
(191, 120, 38, 'SJ191/CJM/12-196', 'SJ191/CJM/12-196', 0, '22625', NULL, NULL, '2012-06-19', '2012-06-19', '', '', NULL, NULL),
(192, 108, 33, 'SJ192/CJM/12-197', 'SJ192/CJM/12-197', 0, '22277', NULL, NULL, '2012-06-19', '2012-06-19', '', '', NULL, NULL),
(193, 118, 37, 'SJ193/CJM/12-198', 'SJ193/CJM/12-198', 0, '22842', NULL, NULL, '2012-06-22', '2012-06-22', '', '', NULL, NULL),
(194, 114, 14, 'SJ194/CJM/12-199', 'SJ194/CJM/12-199', 0, '22416', NULL, NULL, '2012-06-22', '2012-06-22', '', '', NULL, NULL),
(195, 121, 39, 'SJ195/CJM/12-200', 'SJ195/CJM/12-200', 0, '22624', NULL, NULL, '2012-06-22', '2012-06-22', '', '', NULL, NULL),
(196, 120, 38, 'SJ196/CJM/12-201', 'SJ196/CJM/12-201', 0, '22625', NULL, NULL, '2012-06-22', '2012-06-22', '', '', NULL, NULL),
(197, 108, 33, 'SJ197/CJM/12-202', 'SJ197/CJM/12-202', 0, '22277', NULL, NULL, '2012-06-22', '2012-06-22', '', '', NULL, NULL),
(198, 63, 29, 'SJ198/CJM/12-204', 'SJ198/CJM/12-204', 0, '20163', NULL, NULL, '2012-06-25', '2012-06-25', '310 psg', '310 psg', NULL, NULL),
(199, 121, 39, 'SJ199/CJM/12-205', 'SJ199/CJM/12-205', 0, '22624', NULL, NULL, '2012-06-25', '2012-06-25', '', '', NULL, NULL),
(200, 120, 38, 'SJ200/CJM/12-206', 'SJ200/CJM/12-206', 0, '22625', NULL, NULL, '2012-06-25', '2012-06-25', '', '', NULL, NULL),
(201, 119, 37, 'SJ201/CJM/12-207', 'SJ201/CJM/12-207', 0, '22843', NULL, NULL, '2012-06-25', '2012-06-25', '', '', NULL, NULL),
(202, 114, 14, 'SJ202/CJM/12-208', 'SJ202/CJM/12-208', 0, '22416', NULL, NULL, '2012-06-25', '2012-06-25', '', '', NULL, NULL),
(203, 121, 39, 'SJ203/CJM/12-213', 'SJ203/CJM/12-213', 0, '22624', NULL, NULL, '2012-06-26', '2012-06-26', '', '', NULL, NULL),
(204, 117, 37, 'SJ204/CJM/12-186', 'SJ204/CJM/12-186', 0, '22841', NULL, NULL, '2012-06-01', '2012-06-01', '', '', NULL, NULL),
(205, 98, 15, 'SJ205/CJM/12-188', 'SJ205/CJM/12-188', 0, '20966', NULL, NULL, '2012-06-01', '2012-06-01', '', '', NULL, NULL),
(206, 154, 28, 'SJ206/CJM/12-189', 'SJ206/CJM/12-189', 0, '23587', NULL, NULL, '2012-06-01', '2012-06-01', '', '', NULL, NULL),
(207, 155, 4, 'SJ207/CJM/12-195', 'SJ207/CJM/12-195', 0, '23902', NULL, NULL, '2012-06-19', '2012-06-19', '', '', NULL, NULL),
(208, 156, 16, 'SJ208/CJM/12-209', 'SJ208/CJM/12-209', 0, '23586', NULL, NULL, '2012-06-25', '2012-06-25', '', '', NULL, NULL),
(209, 155, 4, 'SJ209/CJM/12-210', 'SJ209/CJM/12-210', 0, '23902', NULL, NULL, '2012-06-25', '2012-06-25', '', '', NULL, NULL),
(210, 114, 14, 'SJ210/CJM/12-213', 'SJ210/CJM/12-213', 0, '22416', NULL, NULL, '2012-06-29', '2012-06-29', '', '', NULL, NULL),
(211, 120, 38, 'SJ211/CJM/12-212', 'SJ211/CJM/12-212', 0, '22625', NULL, NULL, '2012-06-26', '2012-06-26', '', '', NULL, NULL),
(212, 123, 40, 'SJ212/CJM/12-214', 'SJ212/CJM/12-214', 0, '23230', NULL, NULL, '2012-07-03', '2012-07-03', '', '', NULL, NULL),
(213, 119, 37, 'SJ213/CJM/12-215', 'SJ213/CJM/12-215', 0, '22843', NULL, NULL, '2012-07-03', '2012-07-03', '', '', NULL, NULL),
(214, 161, 14, 'SJ214/CJM/12-216', 'SJ214/CJM/12-216', 0, '23581', NULL, NULL, '2012-07-03', '2012-07-03', '', '', NULL, NULL),
(215, 63, 29, 'SJ215/CJM/12-218', 'SJ215/CJM/12-218', 0, '20163', NULL, NULL, '2012-07-06', '2012-07-06', '', '', NULL, NULL),
(216, 156, 16, 'SJ216/CJM/12-219', 'SJ216/CJM/12-219', 0, '23586', NULL, NULL, '2012-07-06', '2012-07-06', '', '', NULL, NULL),
(217, 119, 37, 'SJ217/CJM/12-220', 'SJ217/CJM/12-220', 0, '22843', NULL, NULL, '2012-07-06', '2012-07-06', '', '', NULL, NULL),
(218, 122, 40, 'SJ218/CJM/12-221', 'SJ218/CJM/12-221', 0, '23231', NULL, NULL, '2012-07-06', '2012-07-06', '', '', NULL, NULL),
(219, 110, 25, 'SJ219/CJM/12-222', 'SJ219/CJM/12-222', 0, '22203', NULL, NULL, '2012-07-06', '2012-07-06', '', '', NULL, NULL),
(220, 122, 40, 'SJ220/CJM/12-223', 'SJ220/CJM/12-223', 0, '23231', NULL, NULL, '2012-07-11', '2012-07-11', '', '', NULL, NULL),
(221, 109, 25, 'SJ221/CJM/12-224', 'SJ221/CJM/12-224', 0, '22204', NULL, NULL, '2012-07-11', '2012-07-11', '', '', NULL, NULL),
(222, 124, 40, 'SJ222/CJM/12-226', 'SJ222/CJM/12-226', 0, '23233', NULL, NULL, '2012-07-13', '2012-07-13', '', '', NULL, NULL),
(223, 109, 25, 'SJ223/CJM/12-227', 'SJ223/CJM/12-227', 0, '22204', NULL, NULL, '2012-07-13', '2012-07-13', '', '', NULL, NULL),
(224, 124, 40, 'SJ224/CJM/12-228', 'SJ224/CJM/12-228', 0, '23233', NULL, NULL, '2012-07-17', '2012-07-17', '', '', NULL, NULL),
(225, 132, 1, 'SJ225/CJM/12-229', 'SJ225/CJM/12-229', 0, '24261', NULL, NULL, '2012-07-17', '2012-07-17', '', '', NULL, NULL),
(226, 109, 25, 'SJ226/CJM/12-230', 'SJ226/CJM/12-230', 0, '22204', NULL, NULL, '2012-07-17', '2012-07-17', '', '', NULL, NULL),
(227, 109, 25, 'SJ227/CJM/12-231', 'SJ227/CJM/12-231', 0, '22204', NULL, NULL, '2012-07-23', '2012-07-23', '', '', NULL, NULL),
(228, 130, 14, 'SJ228/CJM/12-232', 'SJ228/CJM/12-232', 0, '24259', NULL, NULL, '2012-07-23', '2012-07-23', '', '', NULL, NULL),
(229, 111, 23, 'SJ229/CJM/12-233', 'SJ229/CJM/12-233', 0, '22206', NULL, NULL, '2012-07-23', '2012-07-23', '', '', NULL, NULL),
(230, 140, 43, 'SJ230/CJM/12-234', 'SJ230/CJM/12-234', 0, '24845', NULL, NULL, '2012-07-23', '2012-07-23', '', '', NULL, NULL),
(231, 130, 14, 'SJ231/CJM/12-236', 'SJ231/CJM/12-236', 0, '24259', NULL, NULL, '2012-07-26', '2012-07-26', '', '', NULL, NULL),
(232, 140, 43, 'SJ232/CJM/12-237', 'SJ232/CJM/12-237', 0, '24845', NULL, NULL, '2012-07-26', '2012-07-26', '', '', NULL, NULL),
(233, 110, 25, 'SJ233/CJM/12-238', 'SJ233/CJM/12-238', 0, '22203', NULL, NULL, '2012-07-26', '2012-07-26', '', '', NULL, NULL),
(234, 112, 23, 'SJ234/CJM/12-239', 'SJ234/CJM/12-239', 0, '22207', NULL, NULL, '2012-07-30', '2012-07-30', '', '', NULL, NULL),
(235, 131, 14, 'SJ235/CJM/12-240', 'SJ235/CJM/12-240', 0, '24260', NULL, NULL, '2012-07-30', '2012-07-30', '', '', NULL, NULL),
(236, 160, 46, 'SJ236/CJM/12-241', 'SJ236/CJM/12-241', 0, '23268', NULL, NULL, '2012-07-30', '2012-07-30', '', '', NULL, NULL),
(237, 140, 43, 'SJ237/CJM/12-243', 'SJ237/CJM/12-243', 0, '24845', NULL, NULL, '2012-07-30', '2012-07-30', '', '', NULL, NULL),
(238, 139, 42, 'SJ238/CJM/12-244', 'SJ238/CJM/12-244', 0, '24757', NULL, NULL, '2012-08-01', '2012-08-01', '', '', NULL, NULL),
(239, 137, 37, 'SJ239/CJM/12-245', 'SJ239/CJM/12-245', 0, '24535', NULL, NULL, '2012-08-01', '2012-08-01', '', '', NULL, NULL),
(240, 127, 14, 'SJ240/CJM/12-246', 'SJ240/CJM/12-246', 0, '24567', NULL, NULL, '2012-08-01', '2012-08-01', '', '', NULL, NULL),
(241, 160, 46, 'SJ241/CJM/12-247', 'SJ241/CJM/12-247', 0, '23268', NULL, NULL, '2012-08-01', '2012-08-01', '', '', NULL, NULL),
(242, 140, 43, 'SJ242/CJM/12-248', 'SJ242/CJM/12-248', 0, '24845', NULL, NULL, '2012-08-02', '2012-08-02', '', '', NULL, NULL),
(243, 110, 25, 'SJ243/CJM/12-250', 'SJ243/CJM/12-250', 0, '22203', NULL, NULL, '2012-08-06', '2012-08-06', '', '', NULL, NULL),
(244, 63, 29, 'SJ244/CJM/12-251', 'SJ244/CJM/12-251', 0, '20163', NULL, NULL, '2012-08-06', '2012-08-06', '', '', NULL, NULL),
(245, 127, 14, 'SJ245/CJM/12-252', 'SJ245/CJM/12-252', 0, '24567', NULL, NULL, '2012-08-06', '2012-08-06', '', '', NULL, NULL),
(246, 137, 37, 'SJ246/CJM/12-253', 'SJ246/CJM/12-253', 0, '24535', NULL, NULL, '2012-08-06', '2012-08-06', '', '', NULL, NULL),
(247, 160, 46, 'SJ247/CJM/12-254', 'SJ247/CJM/12-254', 0, '23268', NULL, NULL, '2012-08-06', '2012-08-06', '', '', NULL, NULL),
(248, 138, 41, 'SJ248/CJM/12-255', 'SJ248/CJM/12-255', 0, '24759', NULL, NULL, '2012-08-06', '2012-08-06', '', '', NULL, NULL),
(249, 129, 14, 'SJ249/CJM/12-256', 'SJ249/CJM/12-256', 0, '24568', NULL, NULL, '2012-08-06', '2012-08-06', '5=130; 7=230; 8=100; 9=33; 10=65', '5=130; 7=230; 8=100; 9=33; 10=65', NULL, NULL),
(250, 138, 41, 'SJ250/CJM/12-250', 'SJ250/CJM/12-250', 0, '24759', NULL, NULL, '2012-08-07', '2012-08-07', '', '', NULL, NULL),
(251, 139, 42, 'SJ251/CJM/12-251', 'SJ251/CJM/12-251', 0, '24757', NULL, NULL, '2012-08-07', '2012-08-07', '', '', NULL, NULL),
(252, 160, 46, 'SJ252/CJM/12-252', 'SJ252/CJM/12-252', 0, '23268', NULL, NULL, '2012-08-07', '2012-08-07', '', '', NULL, NULL),
(253, 138, 41, 'SJ253/CJM/12-253', 'SJ253/CJM/12-253', 0, '24759', NULL, NULL, '2012-08-08', '2012-08-08', '', '', NULL, NULL),
(254, 139, 42, 'SJ254/CJM/12-254', 'SJ254/CJM/12-254', 0, '24757', NULL, NULL, '2012-08-08', '2012-08-08', '', '', NULL, NULL),
(255, 137, 37, 'SJ255/CJM/12-257', 'SJ255/CJM/12-257', 0, '24535', NULL, NULL, '2012-08-10', '2012-08-10', '7=167; 8=255', '7=167; 8=255', NULL, NULL),
(256, 129, 14, 'SJ256/CJM/12-258', 'SJ256/CJM/12-258', 0, '24568', NULL, NULL, '2012-08-10', '2012-08-10', '5=45; 6=130; 4=140; 8=100', '5=45; 6=130; 4=140; 8=100', NULL, NULL),
(257, 132, 1, 'SJ257/CJM/12-259', 'SJ257/CJM/12-259', 0, '24261', NULL, NULL, '2012-08-10', '2012-08-10', '5=150; 6=90; 9=250', '5=150; 6=90; 9=250', NULL, NULL),
(258, 160, 46, 'SJ258/CJM/12-261', 'SJ258/CJM/12-261', 0, '23268', NULL, NULL, '2012-08-11', '2012-08-11', '5=40; 6=20; 7=15; 8=30; 9=10; 10=8', '5=40; 6=20; 7=15; 8=30; 9=10; 10=8', NULL, NULL),
(259, 128, 14, 'SJ259/CJM/12-262', 'SJ259/CJM/12-262', 0, '24569', NULL, NULL, '2012-08-11', '2012-08-11', '', '', NULL, NULL),
(260, 132, 1, 'SJ260/CJM/12-263', 'SJ260/CJM/12-263', 0, '24261', NULL, NULL, '2012-08-11', '2012-08-11', '6=50; 7=440; 8=190; 9=40', '6=50; 7=440; 8=190; 9=40', NULL, NULL),
(261, 158, 45, 'SJ261/CJM/12-264', 'SJ261/CJM/12-264', 0, '23270', NULL, NULL, '2012-08-11', '2012-08-11', '', '', NULL, NULL),
(262, 162, 4, 'SJ262/CJM/12-266', 'SJ262/CJM/12-266', 0, '25788', NULL, NULL, '2012-08-11', '2012-08-11', '6=300; 7=500; 8=500; 9=350', '6=300; 7=500; 8=500; 9=350', NULL, NULL),
(263, 158, 45, 'SJ263/CJM/12-267', 'SJ263/CJM/12-267', 0, '23270', NULL, NULL, '2012-09-11', '2012-09-11', 'tanggal asli : 2012-09-08', 'tanggal asli : 2012-09-08', NULL, NULL),
(264, 152, 1, 'SJ264/CJM/12-268', 'SJ264/CJM/12-268', 0, '25486', NULL, NULL, '2012-09-11', '2012-09-11', '6=60; 7=260; 8=60; 9=10', '6=60; 7=260; 8=60; 9=10', NULL, NULL),
(265, 128, 14, 'SJ265/CJM/12-269', 'SJ265/CJM/12-269', 0, '24569', NULL, NULL, '2012-09-11', '2012-09-11', 'tanggal asli : 8 sept 2012\r\n6=170; 7=65; 8=80; 9=25; 10=70', 'tanggal asli : 8 sept 2012\r\n6=170; 7=65; 8=80; 9=25; 10=70', NULL, NULL),
(266, 162, 4, 'SJ266/CJM/12-270', 'SJ266/CJM/12-270', 0, '25788', NULL, NULL, '2012-09-11', '2012-09-11', 'total = 910\r\n5=250; 6=200; 7=335; 8=125', 'total = 910\r\n5=250; 6=200; 7=335; 8=125', NULL, NULL),
(267, 165, 4, 'SJ267/CJM/12-273', 'SJ267/CJM/12-273', 0, '25787', NULL, NULL, '2012-09-11', '2012-09-11', '', '', NULL, NULL),
(268, 160, 46, 'SJ268/CJM/12-274', 'SJ268/CJM/12-274', 0, '23268', NULL, NULL, '2012-09-11', '2012-09-11', '5=25; 6=20; 10=41', '5=25; 6=20; 10=41', NULL, NULL),
(269, 129, 14, 'SJ269/CJM/12-275', 'SJ269/CJM/12-275', 0, '24568', NULL, NULL, '2012-09-11', '2012-09-11', '9=27', '9=27', NULL, NULL),
(270, 136, 37, 'SJ270/CJM/12-276', 'SJ270/CJM/12-276', 0, '24536', NULL, NULL, '2012-09-11', '2012-09-11', 'Hantex = 1250 pcs', 'Hantex = 1250 pcs', NULL, NULL),
(271, 137, 37, 'SJ271/CJM/12-277', 'SJ271/CJM/12-277', 0, '24535', NULL, NULL, '2012-09-11', '2012-09-11', '6=225; 7=11', '6=225; 7=11', NULL, NULL),
(272, 142, 1, 'SJ272/CJM/12-278', 'SJ272/CJM/12-278', 0, '25075', NULL, NULL, '2012-09-11', '2012-09-11', 'Hantex : 400 pcs', 'Hantex : 400 pcs', NULL, NULL),
(273, 151, 14, 'SJ273/CJM/12-279', 'SJ273/CJM/12-279', 0, '25417', NULL, NULL, '2012-09-11', '2012-09-11', 'Hantex : 400 pcs', 'Hantex : 400 pcs', NULL, NULL),
(274, 150, 14, 'SJ274/CJM/12-280', 'SJ274/CJM/12-280', 0, '25482', NULL, NULL, '2012-09-11', '2012-09-11', 'Hantex : 1250 pcs', 'Hantex : 1250 pcs', NULL, NULL),
(275, 103, 31, 'SJ275/CJM/12-282', 'SJ275/CJM/12-282', 0, '21799', NULL, NULL, '2012-09-11', '2012-09-11', '', '', NULL, NULL),
(276, 136, 37, 'SJ276/CJM/12-283', 'SJ276/CJM/12-283', 0, '24536', NULL, NULL, '2012-09-14', '2012-09-14', '6=10; 8=10; 9=40; 10=20', '6=10; 8=10; 9=40; 10=20', NULL, NULL),
(277, 150, 14, 'SJ277/CJM/12-284', 'SJ277/CJM/12-284', 0, '25482', NULL, NULL, '2012-09-14', '2012-09-14', '', '', NULL, NULL),
(278, 153, 14, 'SJ278/CJM/12-285', 'SJ278/CJM/12-285', 0, '25485', NULL, NULL, '2012-09-14', '2012-09-14', '', '', NULL, NULL),
(279, 180, 4, 'SJ279/CJM/12-285', 'SJ279/CJM/12-285', 0, '26316', NULL, NULL, '2012-09-14', '2012-09-14', '', '', NULL, NULL),
(280, 103, 31, 'SJ280/CJM/12-286', 'SJ280/CJM/12-286', 0, '21799', NULL, NULL, '2012-09-14', '2012-09-14', '', '', NULL, NULL),
(281, 159, 46, 'SJ281/CJM/12-287', 'SJ281/CJM/12-287', 0, '23269', NULL, NULL, '2012-09-14', '2012-09-14', '', '', NULL, NULL),
(282, 158, 45, 'SJ282/CJM/12-288', 'SJ282/CJM/12-288', 0, '23270', NULL, NULL, '2012-09-14', '2012-09-14', '', '', NULL, NULL),
(283, 180, 4, 'SJ283/CJM/12-289', 'SJ283/CJM/12-289', 0, '26316', NULL, NULL, '2012-09-19', '2012-09-19', '', '', NULL, NULL),
(284, 163, 14, 'SJ284/CJM/12-292', 'SJ284/CJM/12-292', 0, '25619', NULL, NULL, '2012-09-25', '2012-09-25', '', '', NULL, NULL),
(285, 103, 31, 'SJ285/CJM/12-293', 'SJ285/CJM/12-293', 0, '21799', NULL, NULL, '2012-09-25', '2012-09-25', '', '', NULL, NULL),
(286, 106, 32, 'SJ286/CJM/12-294', 'SJ286/CJM/12-294', 0, '21798', NULL, NULL, '2012-09-25', '2012-09-25', '', '', NULL, NULL),
(287, 148, 44, 'SJ287/CJM/12-271', 'SJ287/CJM/12-271', 0, '25118', NULL, NULL, '2012-09-10', '2012-09-10', 'HANTEX = 662psg', 'HANTEX = 662psg', NULL, NULL),
(288, 148, 44, 'SJ288/CJM/12-272', 'SJ288/CJM/12-272', 0, '25118', NULL, NULL, '2012-09-10', '2012-09-10', 'CELEX / PENGERAS TOE POST = 662psg', 'CELEX / PENGERAS TOE POST = 662psg', NULL, NULL),
(289, 153, 14, 'SJ289/CJM/12-288', 'SJ289/CJM/12-288', 0, '25485', NULL, NULL, '2012-09-19', '2012-09-19', '', '', NULL, NULL),
(290, 160, 46, 'SJ290/CJM/12-295', 'SJ290/CJM/12-295', 0, '23268', NULL, NULL, '2012-10-04', '2012-10-04', '', '', NULL, NULL),
(291, 163, 14, 'SJ291/CJM/12-297', 'SJ291/CJM/12-297', 0, '25619', NULL, NULL, '2012-10-04', '2012-10-04', 'HANTEX = 1700 pcs', 'HANTEX = 1700 pcs', NULL, NULL),
(292, 190, 4, 'SJ292/CJM/12-299', 'SJ292/CJM/12-299', 0, '28201', NULL, NULL, '2012-10-04', '2012-10-04', '', '', NULL, NULL),
(293, 165, 4, 'SJ293/CJM/12-298', 'SJ293/CJM/12-298', 0, '25787', NULL, NULL, '2012-10-04', '2012-10-04', '', '', NULL, NULL),
(294, 166, 16, 'SJ294/CJM/12-300', 'SJ294/CJM/12-300', 0, '26028', NULL, NULL, '2012-10-04', '2012-10-04', 'HANTEX = 400pcs', 'HANTEX = 400pcs', NULL, NULL),
(295, 171, 14, 'SJ295/CJM/12-314', 'SJ295/CJM/12-314', 0, '26631', NULL, NULL, '2012-11-01', '2012-11-01', '', '', NULL, NULL),
(296, 170, 14, 'SJ296/CJM/12-315', 'SJ296/CJM/12-315', 0, '26632', NULL, NULL, '2012-11-01', '2012-11-01', 'HANTEX=1250pcs', 'HANTEX=1250pcs', NULL, NULL),
(297, 135, 31, 'SJ297/CJM/12-313', 'SJ297/CJM/12-313', 0, '24271', NULL, NULL, '2012-11-02', '2012-11-02', 'KEKURANGAN : 6=30', 'KEKURANGAN : 6=30', NULL, NULL),
(298, 178, 14, 'SJ298/CJM/12-316', 'SJ298/CJM/12-316', 0, '26887', NULL, NULL, '2012-11-07', '2012-11-07', '', '', NULL, NULL),
(299, 164, 1, 'SJ299/CJM/12-317', 'SJ299/CJM/12-317', 0, '25618', NULL, NULL, '2012-11-07', '2012-11-07', '', '', NULL, NULL),
(300, 169, 28, 'SJ300/CJM/12-301', 'SJ300/CJM/12-301', 0, '26030', NULL, NULL, '2012-11-12', '2012-11-12', '', '', NULL, NULL),
(301, 167, 28, 'SJ301/CJM/12-318', 'SJ301/CJM/12-318', 0, '26009', NULL, NULL, '2012-11-12', '2012-11-12', 'KEKURANGAN :\r\n7=10; 8=60', 'KEKURANGAN :\r\n7=10; 8=60', NULL, NULL),
(302, 152, 1, 'SJ302/CJM/12-313', 'SJ302/CJM/12-313', 0, '25486', NULL, NULL, '2012-11-05', '2012-11-05', 'SJ Asli tgl : 2012-11-01', 'SJ Asli tgl : 2012-11-01', NULL, NULL),
(303, 142, 1, 'SJ319/CJM/13-329', 'SJ319/CJM/13-329', 0, '25075', NULL, NULL, '2012-11-29', '2012-11-29', '', '', NULL, NULL),
(304, 189, 1, 'SJ303/CJM/12-313', 'SJ303/CJM/12-313', 0, '27777', NULL, NULL, '2012-11-05', '2012-11-05', '5=40; 6=350\r\nhandtag = 390', '5=40; 6=350\r\nhandtag = 390', NULL, NULL),
(305, 177, 1, 'SJ304/CJM/12-321', 'SJ304/CJM/12-321', 0, '26633', NULL, NULL, '2012-11-14', '2012-11-14', '', '', NULL, NULL),
(306, 176, 1, 'SJ305/CJM/12-322', 'SJ305/CJM/12-322', 0, '26634', NULL, NULL, '2012-11-14', '2012-11-14', '', '', NULL, NULL),
(307, 175, 1, 'SJ306/CJM/12-323', 'SJ306/CJM/12-323', 0, '26635', NULL, NULL, '2012-11-14', '2012-11-14', 'handtag = 500pcs', 'handtag = 500pcs', NULL, NULL),
(308, 174, 1, 'SJ307/CJM/12-324', 'SJ307/CJM/12-324', 0, '26636', NULL, NULL, '2012-11-14', '2012-11-14', 'Handtag = 500pcs', 'Handtag = 500pcs', NULL, NULL),
(309, 179, 1, 'SJ308/CJM/12-325', 'SJ308/CJM/12-325', 0, '26888', NULL, NULL, '2012-11-14', '2012-11-14', '', '', NULL, NULL),
(310, 188, 1, 'SJ309/CJM/12-326', 'SJ309/CJM/12-326', 0, '27776', NULL, NULL, '2012-11-20', '2012-11-20', 'Handtag = 400pcs + 1350pcs', 'Handtag = 400pcs + 1350pcs', NULL, NULL),
(311, 190, 4, 'SJ310/CJM/12-308', 'SJ310/CJM/12-308', 0, '28201', NULL, NULL, '2012-11-22', '2012-11-22', '', '', NULL, NULL),
(312, 158, 45, 'SJ311/CJM/12-310', 'SJ311/CJM/12-310', 0, '23270', NULL, NULL, '2012-11-22', '2012-11-22', '6=60; 9=90; 10=35', '6=60; 9=90; 10=35', NULL, NULL),
(313, 106, 32, 'SJ312/CJM/12-312', 'SJ312/CJM/12-312', 0, '21798', NULL, NULL, '2012-11-22', '2012-11-22', '7=34; 8=76; 9=10', '7=34; 8=76; 9=10', NULL, NULL),
(314, 168, 28, 'SJ313/CJM/12-327', 'SJ313/CJM/12-327', 0, '26013', NULL, NULL, '2012-11-22', '2012-11-22', '', '', NULL, NULL),
(315, 182, 30, 'SJ314/CJM/12-328', 'SJ314/CJM/12-328', 0, '27366', NULL, NULL, '2012-11-22', '2012-11-22', '', '', NULL, NULL),
(316, 183, 37, 'SJ315/CJM/12-329', 'SJ315/CJM/12-329', 0, '27782', NULL, NULL, '2012-11-22', '2012-11-22', 'Handtag = 1510pcs', 'Handtag = 1510pcs', NULL, NULL),
(317, 184, 37, 'SJ316/CJM/12-330', 'SJ316/CJM/12-330', 0, '27799', NULL, NULL, '2012-11-28', '2012-11-28', 'Handtag = 2000pcs', 'Handtag = 2000pcs', NULL, NULL),
(318, 183, 37, 'SJ317/CJM/12-331', 'SJ317/CJM/12-331', 0, '27782', NULL, NULL, '2012-11-29', '2012-11-29', 'Handtag = 700pcs', 'Handtag = 700pcs', NULL, NULL),
(319, 181, 30, 'SJ318/CJM/12-332', 'SJ318/CJM/12-332', 0, '27365', NULL, NULL, '2012-11-29', '2012-11-29', '', '', NULL, NULL),
(320, 189, 1, 'SJ320/CJM/13-330', 'SJ320/CJM/13-330', 0, '27777', NULL, NULL, '2012-11-29', '2012-11-29', '5=50; 6=65; 7=340; 8=440; 9=50; 10=20', '5=50; 6=65; 7=340; 8=440; 9=50; 10=20', NULL, NULL),
(321, 134, 32, 'SJ321/CJM/13-333', 'SJ321/CJM/13-333', 0, '24270', NULL, NULL, '2012-12-06', '2012-12-06', '', '', NULL, NULL),
(322, 157, 45, 'SJ322/CJM/13-334', 'SJ322/CJM/13-334', 0, '23271', NULL, NULL, '2012-12-06', '2012-12-06', '5=80; 6=275; 7=422; 8=263; 9=125; 10=35', '5=80; 6=275; 7=422; 8=263; 9=125; 10=35', NULL, NULL),
(323, 168, 28, 'SJ323/CJM/13-335', 'SJ323/CJM/13-335', 0, '26013', NULL, NULL, '2012-12-06', '2012-12-06', '', '', NULL, NULL),
(324, 173, 48, 'SJ324/CJM/13-336', 'SJ324/CJM/13-336', 0, '26547', NULL, NULL, '2012-12-06', '2012-12-06', '', '', NULL, NULL),
(325, 185, 40, 'SJ325/CJM/13-337', 'SJ325/CJM/13-337', 0, '27778', NULL, NULL, '2012-12-06', '2012-12-06', '', '', NULL, NULL),
(326, 202, 37, 'SJ326/CJM/13-338', 'SJ326/CJM/13-338', 0, '28486', NULL, NULL, '2012-12-06', '2012-12-06', '', '', NULL, NULL),
(327, 173, 48, 'SJ327/CJM/13-339', 'SJ327/CJM/13-339', 0, '26547', NULL, NULL, '2012-12-10', '2012-12-10', '', '', NULL, NULL),
(328, 172, 47, 'SJ328/CJM/13-340', 'SJ328/CJM/13-340', 0, '26548', NULL, NULL, '2012-12-10', '2012-12-10', '', '', NULL, NULL),
(329, 201, 4, 'SJ329/CJM/13-341', 'SJ329/CJM/13-341', 0, '28524', NULL, NULL, '2012-12-10', '2012-12-10', '', '', NULL, NULL);
INSERT INTO `dtb_delivery` (`id`, `order_id`, `product_id`, `sj_no`, `delivery_no`, `status`, `po_no`, `qty_sj`, `quantity`, `date`, `delivery_date`, `keterangan_sj`, `description`, `create_date`, `update_date`) VALUES
(330, 157, 45, 'SJ330/CJM/13-339', 'SJ330/CJM/13-339', 0, '23271', NULL, NULL, '2012-12-14', '2012-12-14', '5=3; 6=6; 7=11; 8=20; 9=50; 10=10', '5=3; 6=6; 7=11; 8=20; 9=50; 10=10', NULL, NULL),
(331, 159, 46, 'SJ331/CJM/13-340', 'SJ331/CJM/13-340', 0, '23269', NULL, NULL, '2012-12-14', '2012-12-14', '7=103; 8=17; 10=10', '7=103; 8=17; 10=10', NULL, NULL),
(332, 134, 32, 'SJ332/CJM/13-341', 'SJ332/CJM/13-341', 0, '24270', NULL, NULL, '2012-12-14', '2012-12-14', '', '', NULL, NULL),
(333, 172, 47, 'SJ333/CJM/13-343', 'SJ333/CJM/13-343', 0, '26548', NULL, NULL, '2012-12-14', '2012-12-14', '', '', NULL, NULL),
(334, 173, 48, 'SJ334/CJM/13-344', 'SJ334/CJM/13-344', 0, '26547', NULL, NULL, '2012-12-14', '2012-12-14', '', '', NULL, NULL),
(335, 181, 30, 'SJ335/CJM/13-345', 'SJ335/CJM/13-345', 0, '27365', NULL, NULL, '2012-12-14', '2012-12-14', '5=10; 6=20; 7=20', '5=10; 6=20; 7=20', NULL, NULL),
(336, 200, 4, 'SJ336/CJM/13-346', 'SJ336/CJM/13-346', 0, '28525', NULL, NULL, '2012-12-14', '2012-12-14', '', '', NULL, NULL),
(337, 201, 4, 'SJ337/CJM/13-347', 'SJ337/CJM/13-347', 0, '28524', NULL, NULL, '2012-12-14', '2012-12-14', '', '', NULL, NULL),
(338, 202, 37, 'SJ338/CJM/13-348', 'SJ338/CJM/13-348', 0, '28486', NULL, NULL, '2012-12-14', '2012-12-14', '', '', NULL, NULL),
(339, 186, 40, 'SJ339/CJM/13-352', 'SJ339/CJM/13-352', 0, '27779', NULL, NULL, '2012-12-21', '2012-12-21', '', '', NULL, NULL),
(340, 187, 40, 'SJ340/CJM/13-353', 'SJ340/CJM/13-353', 0, '27780', NULL, NULL, '2012-12-21', '2012-12-21', '', '', NULL, NULL),
(341, 200, 4, 'SJ341/CJM/13-354', 'SJ341/CJM/13-354', 0, '28525', NULL, NULL, '2012-12-21', '2012-12-21', '', '', NULL, NULL),
(342, 203, 37, 'SJ342/CJM/13-355', 'SJ342/CJM/13-355', 0, '28485', NULL, NULL, '2012-12-21', '2012-12-21', '', '', NULL, NULL),
(343, 134, 32, 'SJ343/CJM/13-349', 'SJ343/CJM/13-349', 0, '24270', NULL, NULL, '2012-12-21', '2012-12-21', '', '', NULL, NULL),
(344, 168, 28, 'SJ344/CJM/13-351', 'SJ344/CJM/13-351', 0, '26013', NULL, NULL, '2012-12-21', '2012-12-21', 'handtag = 270', 'handtag = 270', NULL, NULL),
(345, 198, 30, 'SJ345/CJM/13-357', 'SJ345/CJM/13-357', 0, '28526', NULL, NULL, '2013-01-03', '2013-01-03', '', '', NULL, NULL),
(346, 197, 1, 'SJ346/CJM/13-356', 'SJ346/CJM/13-356', 0, '28481', NULL, NULL, '2013-01-03', '2013-01-03', '', '', NULL, NULL),
(347, 199, 30, 'SJ347/CJM/13-358', 'SJ347/CJM/13-358', 0, '28528', NULL, NULL, '2013-01-03', '2013-01-03', '', '', NULL, NULL),
(348, 199, 30, 'SJ348/CJM/13-360', 'SJ348/CJM/13-360', 0, '28528', NULL, NULL, '2013-01-15', '2013-01-15', '', '', NULL, NULL),
(349, 187, 40, 'SJ349/CJM/13-362', 'SJ349/CJM/13-362', 0, '27780', NULL, NULL, '2013-01-15', '2013-01-15', '7=190', '7=190', NULL, NULL),
(350, 193, 37, 'SJ350/CJM/13-363', 'SJ350/CJM/13-363', 0, '28583', NULL, NULL, '2013-01-15', '2013-01-15', '', '', NULL, NULL),
(351, 159, 46, 'SJ351/CJM/133-364', 'SJ351/CJM/133-364', 0, '23269', NULL, NULL, '2013-01-21', '2013-01-21', '', '', NULL, NULL),
(352, 134, 32, 'SJ352/CJM/13-365', 'SJ352/CJM/13-365', 0, '24270', NULL, NULL, '2013-01-21', '2013-01-21', '', '', NULL, NULL),
(353, 187, 40, 'SJ353/CJM/13-365', 'SJ353/CJM/13-365', 0, '27780', NULL, NULL, '2013-01-21', '2013-01-21', '', '', NULL, NULL),
(354, 193, 37, 'SJ354/CJM/13-367', 'SJ354/CJM/13-367', 0, '28583', NULL, NULL, '2013-01-21', '2013-01-21', '', '', NULL, NULL),
(355, 172, 47, 'SJ355/CJM/13-350', 'SJ355/CJM/13-350', 0, '26548', NULL, NULL, '2013-01-22', '2013-01-22', '', '', NULL, NULL),
(356, 159, 46, 'SJ356/CJM/13-370', 'SJ356/CJM/13-370', 0, '23269', NULL, NULL, '2013-01-29', '2013-01-29', '', '', NULL, NULL),
(357, 204, 45, 'SJ357/CJM/13-372', 'SJ357/CJM/13-372', 0, '29089', NULL, NULL, '2013-01-29', '2013-01-29', '', '', NULL, NULL),
(358, 206, 14, 'SJ358/CJM/13-371', 'SJ358/CJM/13-371', 0, '30521', NULL, NULL, '2013-01-29', '2013-01-29', '', '', NULL, NULL),
(359, 159, 46, 'SJ359/CJM/13-373', 'SJ359/CJM/13-373', 0, '23269', NULL, NULL, '2013-02-01', '2013-02-01', '', '', NULL, NULL),
(360, 192, 1, 'SJ360/CJM/13-374', 'SJ360/CJM/13-374', 0, '28560', NULL, NULL, '2013-02-01', '2013-02-01', 'handtag 1000pcs', 'handtag 1000pcs', NULL, NULL),
(361, 191, 1, 'SJ361/CJM/13-375', 'SJ361/CJM/13-375', 0, '28561', NULL, NULL, '2013-02-01', '2013-02-01', 'handtag 250pcs', 'handtag 250pcs', NULL, NULL),
(362, 204, 45, 'SJ362/CJM/13-376', 'SJ362/CJM/13-376', 0, '29089', NULL, NULL, '2013-02-01', '2013-02-01', '', '', NULL, NULL),
(363, 191, 1, 'SJ363/CJM/13-375', 'SJ363/CJM/13-375', 0, '28561', NULL, NULL, '2013-02-11', '2013-02-11', 'handtag 645pcs', 'handtag 645pcs', NULL, NULL),
(364, 205, 14, 'SJ364/CJM/13-376', 'SJ364/CJM/13-376', 0, '31132', NULL, NULL, '2013-02-11', '2013-02-11', 'handtag 1230', 'handtag 1230', NULL, NULL),
(365, 204, 45, 'SJ365/CJM/13-377', 'SJ365/CJM/13-377', 0, '29089', NULL, NULL, '2013-02-11', '2013-02-11', '', '', NULL, NULL),
(366, 194, 46, 'SJ366/CJM/13-378', 'SJ366/CJM/13-378', 0, '29085', NULL, NULL, '2013-02-11', '2013-02-11', '', '', NULL, NULL),
(367, 222, 14, 'SJ367/CJM/13-368', 'SJ367/CJM/13-368', 0, '30493', NULL, NULL, '2013-02-15', '2013-02-15', '', '', NULL, NULL),
(368, 206, 14, 'SJ368/CJM/13-369', 'SJ368/CJM/13-369', 0, '30521', NULL, NULL, '2013-02-15', '2013-02-15', '5=65; 6=135; 7=115; 8=105; 9=65; 10=20', '5=65; 6=135; 7=115; 8=105; 9=65; 10=20', NULL, NULL),
(369, 197, 1, 'SJ369/CJM/13-369', 'SJ369/CJM/13-369', 0, '28481', NULL, NULL, '2013-02-15', '2013-02-15', '', '', NULL, NULL),
(370, 217, 51, 'SJ370/CJM/13-380', 'SJ370/CJM/13-380', 0, '31139', NULL, NULL, '2013-02-22', '2013-02-22', '', '', NULL, NULL),
(371, 204, 45, 'SJ371/CJM/13-381', 'SJ371/CJM/13-381', 0, '29089', NULL, NULL, '2013-02-22', '2013-02-22', '', '', NULL, NULL),
(372, 205, 14, 'SJ372/CJM/13-382', 'SJ372/CJM/13-382', 0, '31132', NULL, NULL, '2013-02-22', '2013-02-22', '', '', NULL, NULL),
(373, 211, 14, 'SJ373/CJM/13-384', 'SJ373/CJM/13-384', 0, '31134', NULL, NULL, '2013-02-27', '2013-02-27', '', '', NULL, NULL),
(374, 219, 37, 'SJ374/CJM/13-385', 'SJ374/CJM/13-385', 0, '31260', NULL, NULL, '2013-02-27', '2013-02-27', '', '', NULL, NULL),
(375, 216, 50, 'SJ375/CJM/13-386', 'SJ375/CJM/13-386', 0, '31138', NULL, NULL, '2013-02-27', '2013-02-27', '', '', NULL, NULL),
(376, 215, 50, 'SJ376/CJM/13-387', 'SJ376/CJM/13-387', 0, '31137', NULL, NULL, '2013-02-27', '2013-02-27', '', '', NULL, NULL),
(377, 196, 1, 'SJ377/CJM/13-361', 'SJ377/CJM/13-361', 0, '28482', NULL, NULL, '2013-03-04', '2013-03-04', '', '', NULL, NULL),
(378, 196, 1, 'SJ378/CJM/13-366', 'SJ378/CJM/13-366', 0, '28482', NULL, NULL, '2013-03-04', '2013-03-04', 'handtag 1000pcs', 'handtag 1000pcs', NULL, NULL),
(379, 215, 50, 'SJ379/CJM/13-388', 'SJ379/CJM/13-388', 0, '31137', NULL, NULL, '2013-03-05', '2013-03-05', '', '', NULL, NULL),
(380, 215, 50, 'SJ380/CJM/13-389', 'SJ380/CJM/13-389', 0, '31137', NULL, NULL, '2013-03-07', '2013-03-07', '5=31; 6=45; 7=19; 8=63; 9=29; 11=58', '5=31; 6=45; 7=19; 8=63; 9=29; 11=58', NULL, NULL),
(381, 191, 1, 'SJ381/CJM/13-390', 'SJ381/CJM/13-390', 0, '28561', NULL, NULL, '2013-03-13', '2013-03-13', '', '', NULL, NULL),
(382, 211, 14, 'SJ382/CJM/13-391', 'SJ382/CJM/13-391', 0, '31134', NULL, NULL, '2013-03-13', '2013-03-13', '7=20; 9=210; 10=120', '7=20; 9=210; 10=120', NULL, NULL),
(383, 218, 37, 'SJ383/CJM/13-392', 'SJ383/CJM/13-392', 0, '31261', NULL, NULL, '2013-03-13', '2013-03-13', 'handtag 1200pcs', 'handtag 1200pcs', NULL, NULL),
(384, 223, 45, 'SJ384/CJM/13-393', 'SJ384/CJM/13-393', 0, '30552', NULL, NULL, '2013-03-13', '2013-03-13', '', '', NULL, NULL),
(385, 218, 37, 'SJ385/CJM/13-394', 'SJ385/CJM/13-394', 0, '31261', NULL, NULL, '2013-03-14', '2013-03-14', '6=160; 7=210; 8=100; 9=95', '6=160; 7=210; 8=100; 9=95', NULL, NULL),
(386, 194, 46, 'SJ386/CJM/13-395', 'SJ386/CJM/13-395', 0, '29085', NULL, NULL, '2013-03-14', '2013-03-14', '', '', NULL, NULL),
(387, 223, 45, 'SJ387/CJM/13-396', 'SJ387/CJM/13-396', 0, '30552', NULL, NULL, '2013-03-14', '2013-03-14', 'TOTAL DI SJ = 1105', 'TOTAL DI SJ = 1105', NULL, NULL),
(388, 213, 14, 'SJ388/CJM/13-398', 'SJ388/CJM/13-398', 0, '31245', NULL, NULL, '2013-03-18', '2013-03-18', '5=50; 6=285; 7=270; 8=370; 9=100; 10=70;\r\nhandtag 1145pcs', '5=50; 6=285; 7=270; 8=370; 9=100; 10=70;\r\nhandtag 1145pcs', NULL, NULL),
(389, 212, 16, 'SJ389/CJM/13-397', 'SJ389/CJM/13-397', 0, '31268', NULL, NULL, '2013-03-18', '2013-03-18', '', '', NULL, NULL),
(390, 214, 14, 'SJ390/CJM/13-400', 'SJ390/CJM/13-400', 0, '31244', NULL, NULL, '2013-03-22', '2013-03-22', '', '', NULL, NULL),
(391, 214, 14, 'SJ391/CJM/13-399', 'SJ391/CJM/13-399', 0, '31244', NULL, NULL, '2013-03-22', '2013-03-22', '', '', NULL, NULL),
(392, 223, 45, 'SJ392/CJM/13-401', 'SJ392/CJM/13-401', 0, '30552', NULL, NULL, '2013-03-22', '2013-03-22', '', '', NULL, NULL),
(393, 218, 37, 'SJ393/CJM/13-402', 'SJ393/CJM/13-402', 0, '31261', NULL, NULL, '2013-03-22', '2013-03-22', '', '', NULL, NULL),
(394, 212, 16, 'SJ394/CJM/13-403', 'SJ394/CJM/13-403', 0, '31268', NULL, NULL, '2013-03-28', '2013-03-28', '', '', NULL, NULL),
(395, 218, 37, 'SJ395/CJM/13-404', 'SJ395/CJM/13-404', 0, '31261', NULL, NULL, '2013-03-28', '2013-03-28', '', '', NULL, NULL),
(396, 223, 45, 'SJ396/CJM/13-406', 'SJ396/CJM/13-406', 0, '30552', NULL, NULL, '2013-03-28', '2013-03-28', '', '', NULL, NULL),
(397, 214, 14, 'SJ397/CJM/13-408', 'SJ397/CJM/13-408', 0, '31244', NULL, NULL, '2013-03-28', '2013-03-28', '6=15; 7=200; 8=285; 9=230; 10=210\r\nOB TIDAK SAMA DENGAN DI SJ', '6=15; 7=200; 8=285; 9=230; 10=210\r\nOB TIDAK SAMA DENGAN DI SJ', NULL, NULL),
(398, 224, 4, 'SJ398/CJM/13-405', 'SJ398/CJM/13-405', 0, '32806', NULL, NULL, '2013-03-28', '2013-03-28', '', '', NULL, NULL),
(399, 225, 4, 'SJ399/CJM/13-409', 'SJ399/CJM/13-409', 0, '32807', NULL, NULL, '2013-03-28', '2013-03-28', '', '', NULL, NULL),
(400, 226, 52, NULL, '5555', 0, NULL, NULL, 65, NULL, '0000-00-00', NULL, '', '2013-05-06 15:48:58', '2013-05-06 16:57:17');

-- --------------------------------------------------------

--
-- Struktur dari tabel `dtb_delivery_detail`
--

CREATE TABLE IF NOT EXISTS `dtb_delivery_detail` (
  `id` bigint(20) unsigned NOT NULL auto_increment,
  `delivery_id` bigint(20) unsigned NOT NULL,
  `ukur_id` int(11) default NULL,
  `sj_no` varchar(20) default NULL,
  `size_sj` int(11) default NULL,
  `size` int(11) default NULL,
  `qty_sj` int(11) default NULL,
  `quantity` int(11) default NULL,
  PRIMARY KEY  (`id`)
) ENGINE=InnoDB  DEFAULT CHARSET=utf8 AUTO_INCREMENT=1560 ;

--
-- Dumping data untuk tabel `dtb_delivery_detail`
--

INSERT INTO `dtb_delivery_detail` (`id`, `delivery_id`, `ukur_id`, `sj_no`, `size_sj`, `size`, `qty_sj`, `quantity`) VALUES
(1, 133, 15, 'SJ134/CJM/12-128', 7, 7, 150, 150),
(2, 133, 16, 'SJ134/CJM/12-128', 8, 8, 150, 150),
(3, 133, 14, 'SJ134/CJM/12-128', 6, 6, 90, 90),
(4, 133, 13, 'SJ134/CJM/12-128', 5, 5, 45, 45),
(5, 134, 7, 'SJ133/CJM/12-125', 5, 5, 120, 120),
(6, 134, 8, 'SJ133/CJM/12-125', 6, 6, 300, 300),
(7, 134, 9, 'SJ133/CJM/12-125', 7, 7, 480, 480),
(8, 134, 10, 'SJ133/CJM/12-125', 8, 8, 360, 360),
(9, 134, 11, 'SJ133/CJM/12-125', 9, 9, 180, 180),
(10, 134, 12, 'SJ133/CJM/12-125', 10, 10, 60, 60),
(11, 133, 17, 'SJ134/CJM/12-128', 9, 9, 65, 65),
(12, 135, 18, 'SJ135/CJM/12-127', 5, 5, 65, 65),
(13, 135, 19, 'SJ135/CJM/12-127', 6, 6, 165, 165),
(14, 135, 20, 'SJ135/CJM/12-127', 7, 7, 400, 400),
(15, 135, 21, 'SJ135/CJM/12-127', 8, 8, 270, 270),
(16, 135, 22, 'SJ135/CJM/12-127', 9, 9, 70, 70),
(17, 135, 23, 'SJ135/CJM/12-127', 10, 10, 30, 30),
(18, 136, 24, 'SJ136/CJM/12-132', 5, 5, 100, 100),
(19, 136, 25, 'SJ136/CJM/12-132', 6, 6, 225, 225),
(20, 136, 26, 'SJ136/CJM/12-132', 7, 7, 375, 375),
(21, 136, 27, 'SJ136/CJM/12-132', 8, 8, 325, 325),
(22, 136, 28, 'SJ136/CJM/12-132', 9, 9, 125, 125),
(23, 136, 29, 'SJ136/CJM/12-132', 10, 10, 100, 100),
(24, 137, 30, 'SJ137/CJM/12-126', 5, 5, 120, 120),
(25, 137, 31, 'SJ137/CJM/12-126', 6, 6, 300, 300),
(26, 137, 32, 'SJ137/CJM/12-126', 7, 7, 480, 480),
(27, 137, 33, 'SJ137/CJM/12-126', 8, 8, 360, 360),
(28, 137, 34, 'SJ137/CJM/12-126', 9, 9, 180, 180),
(29, 137, 35, 'SJ137/CJM/12-126', 10, 10, 60, 60),
(30, 138, 36, 'SJ138/CJM/12-133', 5, 5, 200, 200),
(31, 138, 37, 'SJ138/CJM/12-133', 6, 6, 350, 350),
(32, 138, 38, 'SJ138/CJM/12-133', 7, 7, 650, 650),
(33, 138, 39, 'SJ138/CJM/12-133', 8, 8, 450, 450),
(34, 138, 40, 'SJ138/CJM/12-133', 9, 9, 250, 250),
(35, 138, 41, 'SJ138/CJM/12-133', 10, 10, 100, 100),
(36, 139, 42, 'SJ139/CJM/12-129', 5, 5, 100, 100),
(37, 139, 43, 'SJ139/CJM/12-129', 6, 6, 135, 135),
(38, 139, 44, 'SJ139/CJM/12-129', 7, 7, 270, 270),
(39, 139, 45, 'SJ139/CJM/12-129', 8, 8, 400, 400),
(40, 139, 46, 'SJ139/CJM/12-129', 9, 9, 65, 65),
(41, 139, 47, 'SJ139/CJM/12-129', 10, 10, 30, 30),
(42, 140, 48, 'SJ140/CJM/12-131', 5, 5, 160, 160),
(43, 140, 49, 'SJ140/CJM/12-131', 6, 6, 400, 400),
(44, 140, 50, 'SJ140/CJM/12-131', 7, 7, 640, 640),
(45, 140, 51, 'SJ140/CJM/12-131', 8, 8, 480, 480),
(46, 140, 52, 'SJ140/CJM/12-131', 9, 9, 240, 240),
(47, 140, 53, 'SJ140/CJM/12-131', 10, 10, 80, 80),
(48, 141, 54, 'SJ141/CJM/12-134', 5, 5, 100, 100),
(49, 141, 55, 'SJ141/CJM/12-134', 6, 6, 175, 175),
(50, 141, 56, 'SJ141/CJM/12-134', 7, 7, 325, 325),
(51, 141, 57, 'SJ141/CJM/12-134', 8, 8, 225, 225),
(52, 141, 58, 'SJ141/CJM/12-134', 9, 9, 125, 125),
(53, 141, 59, 'SJ141/CJM/12-134', 10, 10, 50, 50),
(54, 142, 60, 'SJ142/CJM/12-135', 5, 5, 100, 100),
(55, 142, 61, 'SJ142/CJM/12-135', 6, 6, 225, 225),
(56, 142, 62, 'SJ142/CJM/12-135', 7, 7, 375, 375),
(57, 142, 63, 'SJ142/CJM/12-135', 8, 8, 325, 325),
(58, 142, 64, 'SJ142/CJM/12-135', 9, 9, 125, 125),
(59, 142, 65, 'SJ142/CJM/12-135', 10, 10, 100, 100),
(60, 143, 66, 'SJ143/CJM/12-136', 5, 5, 160, 160),
(61, 143, 67, 'SJ143/CJM/12-136', 6, 6, 400, 400),
(62, 143, 68, 'SJ143/CJM/12-136', 7, 7, 640, 640),
(63, 143, 69, 'SJ143/CJM/12-136', 8, 8, 480, 480),
(64, 143, 70, 'SJ143/CJM/12-136', 9, 9, 240, 240),
(65, 143, 71, 'SJ143/CJM/12-136', 10, 10, 80, 80),
(66, 144, 72, 'SJ144/CJM/12-137', 5, 5, 100, 100),
(67, 144, 73, 'SJ144/CJM/12-137', 6, 6, 175, 175),
(68, 144, 74, 'SJ144/CJM/12-137', 7, 7, 325, 325),
(69, 144, 75, 'SJ144/CJM/12-137', 8, 8, 225, 225),
(70, 144, 76, 'SJ144/CJM/12-137', 9, 9, 125, 125),
(71, 144, 77, 'SJ144/CJM/12-137', 10, 10, 50, 50),
(72, 145, 78, 'SJ145/CJM/12-142', 5, 5, 70, 70),
(73, 145, 79, 'SJ145/CJM/12-142', 6, 6, 365, 365),
(74, 145, 80, 'SJ145/CJM/12-142', 7, 7, 400, 400),
(75, 145, 81, 'SJ145/CJM/12-142', 8, 8, 500, 500),
(76, 145, 82, 'SJ145/CJM/12-142', 9, 9, 465, 465),
(77, 145, 83, 'SJ145/CJM/12-142', 10, 10, 200, 200),
(78, 146, 84, 'SJ146/CJM/12-140', 5, 5, 150, 150),
(79, 146, 85, 'SJ146/CJM/12-140', 6, 6, 300, 300),
(80, 146, 86, 'SJ146/CJM/12-140', 7, 7, 550, 550),
(81, 146, 87, 'SJ146/CJM/12-140', 8, 8, 425, 425),
(82, 146, 88, 'SJ146/CJM/12-140', 9, 9, 200, 200),
(83, 146, 89, 'SJ146/CJM/12-140', 10, 10, 125, 125),
(84, 147, 90, 'SJ147/CJM/12-141', 5, 5, 100, 100),
(85, 147, 91, 'SJ147/CJM/12-141', 6, 6, 225, 225),
(86, 147, 92, 'SJ147/CJM/12-141', 7, 7, 375, 375),
(87, 147, 93, 'SJ147/CJM/12-141', 8, 8, 325, 325),
(88, 147, 94, 'SJ147/CJM/12-141', 9, 9, 125, 125),
(89, 147, 95, 'SJ147/CJM/12-141', 10, 10, 100, 100),
(90, 148, 96, 'SJ148/CJM/12-143', 5, 5, 30, 30),
(91, 148, 97, 'SJ148/CJM/12-143', 6, 6, 185, 185),
(92, 148, 98, 'SJ148/CJM/12-143', 7, 7, 200, 200),
(93, 148, 99, 'SJ148/CJM/12-143', 8, 8, 250, 250),
(94, 148, 100, 'SJ148/CJM/12-143', 9, 9, 235, 235),
(95, 148, 101, 'SJ148/CJM/12-143', 10, 10, 100, 100),
(96, 149, 102, 'SJ149/CJM/12-144', 5, 5, 40, 40),
(97, 149, 103, 'SJ149/CJM/12-144', 6, 6, 100, 100),
(98, 149, 104, 'SJ149/CJM/12-144', 7, 7, 150, 150),
(99, 149, 105, 'SJ149/CJM/12-144', 8, 8, 150, 150),
(100, 149, 106, 'SJ149/CJM/12-144', 9, 9, 60, 60),
(101, 150, 107, 'SJ150/CJM/12-145', 5, 5, 100, 100),
(102, 150, 108, 'SJ150/CJM/12-145', 6, 6, 225, 225),
(103, 150, 109, 'SJ150/CJM/12-145', 7, 7, 375, 375),
(104, 150, 110, 'SJ150/CJM/12-145', 8, 8, 325, 325),
(105, 150, 111, 'SJ150/CJM/12-145', 9, 9, 125, 125),
(106, 150, 112, 'SJ150/CJM/12-145', 10, 10, 100, 100),
(107, 151, 113, 'SJ151/CJM/12-146', 5, 5, 200, 200),
(108, 151, 114, 'SJ151/CJM/12-146', 6, 6, 265, 265),
(109, 151, 115, 'SJ151/CJM/12-146', 7, 7, 530, 530),
(110, 151, 116, 'SJ151/CJM/12-146', 8, 8, 800, 800),
(111, 151, 117, 'SJ151/CJM/12-146', 9, 9, 135, 135),
(112, 151, 118, 'SJ151/CJM/12-146', 10, 10, 70, 70),
(113, 152, 119, 'SJ152/CJM/12-147', 5, 5, 50, 50),
(114, 152, 120, 'SJ152/CJM/12-147', 6, 6, 70, 70),
(115, 152, 121, 'SJ152/CJM/12-147', 7, 7, 80, 80),
(116, 152, 122, 'SJ152/CJM/12-147', 8, 8, 80, 80),
(117, 152, 123, 'SJ152/CJM/12-147', 9, 9, 20, 20),
(118, 153, 124, 'SJ153/CJM/12-148', 3, 3, 25, 25),
(119, 153, 125, 'SJ153/CJM/12-148', 4, 4, 50, 50),
(120, 153, 126, 'SJ153/CJM/12-148', 5, 5, 750, 750),
(121, 153, 127, 'SJ153/CJM/12-148', 6, 6, 500, 500),
(122, 153, 128, 'SJ153/CJM/12-148', 7, 7, 175, 175),
(123, 154, 129, 'SJ154/CJM/12-149', 5, 5, 50, 50),
(124, 154, 130, 'SJ154/CJM/12-149', 6, 6, 70, 70),
(125, 154, 131, 'SJ154/CJM/12-149', 7, 7, 80, 80),
(126, 154, 132, 'SJ154/CJM/12-149', 8, 8, 80, 80),
(127, 154, 133, 'SJ154/CJM/12-149', 9, 9, 20, 20),
(128, 155, 134, 'SJ155/CJM/12-150', 5, 5, 50, 50),
(129, 155, 135, 'SJ155/CJM/12-150', 6, 6, 70, 70),
(130, 155, 136, 'SJ155/CJM/12-150', 7, 7, 80, 80),
(131, 155, 137, 'SJ155/CJM/12-150', 8, 8, 80, 80),
(132, 155, 138, 'SJ155/CJM/12-150', 9, 9, 20, 20),
(133, 156, 139, 'SJ156/CJM/12-151', 5, 5, 0, 0),
(134, 156, 140, 'SJ156/CJM/12-151', 6, 6, 300, 300),
(135, 156, 141, 'SJ156/CJM/12-151', 7, 7, 600, 600),
(136, 156, 142, 'SJ156/CJM/12-151', 8, 8, 350, 350),
(137, 156, 143, 'SJ156/CJM/12-151', 9, 9, 0, 0),
(138, 157, 144, 'SJ157/CJM/12-152', 5, 5, 100, 100),
(139, 157, 145, 'SJ157/CJM/12-152', 6, 6, 200, 200),
(140, 157, 146, 'SJ157/CJM/12-152', 7, 7, 250, 250),
(141, 157, 147, 'SJ157/CJM/12-152', 8, 8, 600, 600),
(142, 157, 148, 'SJ157/CJM/12-152', 9, 9, 150, 150),
(143, 157, 149, 'SJ157/CJM/12-152', 10, 10, 200, 200),
(144, 158, 150, 'SJ158/CJM/12-153', 6, 6, 160, 160),
(145, 158, 151, 'SJ158/CJM/12-153', 7, 7, 320, 320),
(146, 158, 152, 'SJ158/CJM/12-153', 8, 8, 240, 240),
(147, 158, 153, 'SJ158/CJM/12-153', 9, 9, 80, 80),
(148, 159, 154, 'SJ159/CJM/12-154', 5, 5, 150, 150),
(149, 159, 155, 'SJ159/CJM/12-154', 6, 6, 270, 270),
(150, 159, 156, 'SJ159/CJM/12-154', 7, 7, 180, 180),
(151, 159, 157, 'SJ159/CJM/12-154', 8, 8, 110, 110),
(152, 159, 158, 'SJ159/CJM/12-154', 9, 9, 165, 165),
(153, 159, 159, 'SJ159/CJM/12-154', 10, 10, 125, 125),
(154, 160, 160, 'SJ160/CJM/12-155', 5, 5, 100, 100),
(155, 160, 161, 'SJ160/CJM/12-155', 6, 6, 225, 225),
(156, 160, 162, 'SJ160/CJM/12-155', 7, 7, 375, 375),
(157, 160, 163, 'SJ160/CJM/12-155', 8, 8, 325, 325),
(158, 160, 164, 'SJ160/CJM/12-155', 9, 9, 125, 125),
(159, 160, 165, 'SJ160/CJM/12-155', 10, 10, 100, 100),
(160, 161, 166, 'SJ161/CJM/12-156', 3, 3, 25, 25),
(161, 161, 167, 'SJ161/CJM/12-156', 4, 4, 50, 50),
(162, 161, 168, 'SJ161/CJM/12-156', 5, 5, 750, 750),
(163, 161, 169, 'SJ161/CJM/12-156', 6, 6, 500, 500),
(164, 161, 170, 'SJ161/CJM/12-156', 7, 7, 175, 175),
(165, 162, 171, 'SJ162/CJM/12-158', 5, 5, 100, 100),
(166, 162, 172, 'SJ162/CJM/12-158', 6, 6, 200, 200),
(167, 162, 173, 'SJ162/CJM/12-158', 7, 7, 250, 250),
(168, 162, 174, 'SJ162/CJM/12-158', 8, 8, 600, 600),
(169, 162, 175, 'SJ162/CJM/12-158', 9, 9, 150, 150),
(170, 162, 176, 'SJ162/CJM/12-158', 10, 10, 200, 200),
(171, 163, 177, 'SJ163/CJM/12-159', 5, 5, 150, 150),
(172, 163, 178, 'SJ163/CJM/12-159', 6, 6, 200, 200),
(173, 163, 179, 'SJ163/CJM/12-159', 7, 7, 450, 450),
(174, 163, 180, 'SJ163/CJM/12-159', 8, 8, 250, 250),
(175, 163, 181, 'SJ163/CJM/12-159', 9, 9, 100, 100),
(176, 163, 182, 'SJ163/CJM/12-159', 10, 10, 100, 100),
(177, 164, 183, 'SJ164/CJM/12-160', 5, 5, 150, 150),
(178, 164, 184, 'SJ164/CJM/12-160', 6, 6, 200, 200),
(179, 164, 185, 'SJ164/CJM/12-160', 7, 7, 450, 450),
(180, 164, 186, 'SJ164/CJM/12-160', 8, 8, 250, 250),
(181, 164, 187, 'SJ164/CJM/12-160', 9, 9, 100, 100),
(182, 164, 188, 'SJ164/CJM/12-160', 10, 10, 100, 100),
(183, 165, 189, 'SJ165/CJM/12-161', 5, 5, 125, 125),
(184, 165, 190, 'SJ165/CJM/12-161', 6, 6, 175, 175),
(185, 165, 191, 'SJ165/CJM/12-161', 7, 7, 375, 375),
(186, 165, 192, 'SJ165/CJM/12-161', 8, 8, 425, 425),
(187, 165, 193, 'SJ165/CJM/12-161', 9, 9, 75, 75),
(188, 165, 194, 'SJ165/CJM/12-161', 10, 10, 75, 75),
(189, 166, 195, 'SJ166/CJM/12-162', 5, 5, 100, 100),
(190, 166, 196, 'SJ166/CJM/12-162', 6, 6, 225, 225),
(191, 166, 197, 'SJ166/CJM/12-162', 7, 7, 375, 375),
(192, 166, 198, 'SJ166/CJM/12-162', 8, 8, 325, 325),
(193, 166, 199, 'SJ166/CJM/12-162', 9, 9, 125, 125),
(194, 166, 200, 'SJ166/CJM/12-162', 10, 10, 100, 100),
(195, 167, 201, 'SJ167/CJM/12-163', 5, 5, 0, 0),
(196, 167, 202, 'SJ167/CJM/12-163', 6, 6, 30, 30),
(197, 167, 203, 'SJ167/CJM/12-163', 7, 7, 370, 370),
(198, 167, 204, 'SJ167/CJM/12-163', 8, 8, 315, 315),
(199, 167, 205, 'SJ167/CJM/12-163', 9, 9, 35, 35),
(200, 167, 206, 'SJ167/CJM/12-163', 10, 10, 0, 0),
(201, 168, 207, 'SJ168/CJM/12-164', 5, 5, 125, 125),
(202, 168, 208, 'SJ168/CJM/12-164', 6, 6, 175, 175),
(203, 168, 209, 'SJ168/CJM/12-164', 7, 7, 375, 375),
(204, 168, 210, 'SJ168/CJM/12-164', 8, 8, 425, 425),
(205, 168, 211, 'SJ168/CJM/12-164', 9, 9, 75, 75),
(206, 168, 212, 'SJ168/CJM/12-164', 10, 10, 75, 75),
(207, 169, 213, 'SJ169/CJM/12-165', 5, 5, 60, 60),
(208, 169, 214, 'SJ169/CJM/12-165', 6, 6, 200, 200),
(209, 169, 215, 'SJ169/CJM/12-165', 7, 7, 260, 260),
(210, 169, 216, 'SJ169/CJM/12-165', 8, 8, 200, 200),
(211, 169, 217, 'SJ169/CJM/12-165', 9, 9, 80, 80),
(212, 170, 218, 'SJ170/CJM/12-166', 5, 5, 60, 60),
(213, 170, 219, 'SJ170/CJM/12-166', 6, 6, 200, 200),
(214, 170, 220, 'SJ170/CJM/12-166', 7, 7, 260, 260),
(215, 170, 221, 'SJ170/CJM/12-166', 8, 8, 200, 200),
(216, 170, 222, 'SJ170/CJM/12-166', 9, 9, 80, 80),
(217, 171, 223, 'SJ171/CJM/12-167', 5, 5, 100, 100),
(218, 171, 224, 'SJ171/CJM/12-167', 6, 6, 0, 0),
(219, 171, 225, 'SJ171/CJM/12-167', 7, 7, 0, 0),
(220, 171, 226, 'SJ171/CJM/12-167', 8, 8, 0, 0),
(221, 171, 227, 'SJ171/CJM/12-167', 9, 9, 150, 150),
(222, 172, 228, 'SJ172/CJM/12-169', 6, 6, 21, 21),
(223, 172, 229, 'SJ172/CJM/12-169', 7, 7, 42, 42),
(224, 172, 230, 'SJ172/CJM/12-169', 8, 8, 105, 105),
(225, 172, 231, 'SJ172/CJM/12-169', 9, 9, 84, 84),
(226, 172, 232, 'SJ172/CJM/12-169', 10, 10, 42, 42),
(227, 172, 233, 'SJ172/CJM/12-169', 11, 11, 21, 21),
(228, 173, 234, 'SJ173/CJM/12-170', 6, 6, 21, 21),
(229, 173, 235, 'SJ173/CJM/12-170', 7, 7, 42, 42),
(230, 173, 236, 'SJ173/CJM/12-170', 8, 8, 67, 67),
(231, 173, 237, 'SJ173/CJM/12-170', 9, 9, 84, 84),
(232, 173, 238, 'SJ173/CJM/12-170', 10, 10, 42, 42),
(233, 173, 239, 'SJ173/CJM/12-170', 11, 11, 0, 0),
(234, 174, 240, 'SJ174/CJM/12-172', 5, 5, 100, 100),
(235, 174, 241, 'SJ174/CJM/12-172', 6, 6, 150, 150),
(236, 174, 242, 'SJ174/CJM/12-172', 7, 7, 300, 300),
(237, 174, 243, 'SJ174/CJM/12-172', 8, 8, 250, 250),
(238, 174, 244, 'SJ174/CJM/12-172', 9, 9, 125, 125),
(239, 174, 245, 'SJ174/CJM/12-172', 10, 10, 75, 75),
(240, 175, 246, 'SJ175/CJM/12-171', 6, 6, 0, 0),
(241, 175, 247, 'SJ175/CJM/12-171', 7, 7, 0, 0),
(242, 175, 248, 'SJ175/CJM/12-171', 8, 8, 38, 38),
(243, 175, 249, 'SJ175/CJM/12-171', 9, 9, 0, 0),
(244, 175, 250, 'SJ175/CJM/12-171', 10, 10, 0, 0),
(245, 175, 251, 'SJ175/CJM/12-171', 11, 11, 21, 21),
(246, 176, 252, 'SJ176/CJM/12-173', 5, 5, 200, 200),
(247, 176, 253, 'SJ176/CJM/12-173', 6, 6, 200, 200),
(248, 176, 254, 'SJ176/CJM/12-173', 7, 7, 250, 250),
(249, 176, 255, 'SJ176/CJM/12-173', 8, 8, 200, 200),
(250, 176, 256, 'SJ176/CJM/12-173', 9, 9, 50, 50),
(251, 176, 257, 'SJ176/CJM/12-173', 10, 10, 100, 100),
(252, 177, 258, 'SJ177/CJM/12-174', 6, 6, 115, 115),
(253, 177, 259, 'SJ177/CJM/12-174', 7, 7, 185, 185),
(254, 177, 260, 'SJ177/CJM/12-174', 8, 8, 110, 110),
(255, 177, 261, 'SJ177/CJM/12-174', 9, 9, 145, 145),
(256, 177, 262, 'SJ177/CJM/12-174', 10, 10, 75, 75),
(257, 177, 263, 'SJ177/CJM/12-174', 11, 11, 90, 90),
(258, 178, 264, 'SJ178/CJM/12-175', 5, 5, 0, 0),
(259, 178, 265, 'SJ178/CJM/12-175', 6, 6, 50, 50),
(260, 178, 266, 'SJ178/CJM/12-175', 7, 7, 450, 450),
(261, 178, 267, 'SJ178/CJM/12-175', 8, 8, 500, 500),
(262, 178, 268, 'SJ178/CJM/12-175', 9, 9, 0, 0),
(263, 178, 269, 'SJ178/CJM/12-175', 10, 10, 0, 0),
(264, 179, 270, 'SJ179/CJM/12-176', 6, 6, 0, 0),
(265, 179, 271, 'SJ179/CJM/12-176', 7, 7, 0, 0),
(266, 179, 272, 'SJ179/CJM/12-176', 8, 8, 80, 80),
(267, 179, 273, 'SJ179/CJM/12-176', 9, 9, 0, 0),
(268, 179, 274, 'SJ179/CJM/12-176', 10, 10, 0, 0),
(269, 179, 275, 'SJ179/CJM/12-176', 11, 11, 0, 0),
(270, 180, 276, 'SJ180/CJM/12-177', 5, 5, 120, 120),
(271, 180, 277, 'SJ180/CJM/12-177', 6, 6, 270, 270),
(272, 180, 278, 'SJ180/CJM/12-177', 7, 7, 350, 350),
(273, 180, 279, 'SJ180/CJM/12-177', 8, 8, 200, 200),
(274, 180, 280, 'SJ180/CJM/12-177', 9, 9, 20, 20),
(275, 180, 281, 'SJ180/CJM/12-177', 10, 10, 40, 40),
(276, 181, 282, 'SJ181/CJM/12-178', 3, 3, 25, 25),
(277, 181, 283, 'SJ181/CJM/12-178', 4, 4, 150, 150),
(278, 181, 284, 'SJ181/CJM/12-178', 5, 5, 725, 725),
(279, 181, 285, 'SJ181/CJM/12-178', 6, 6, 900, 900),
(280, 181, 286, 'SJ181/CJM/12-178', 7, 7, 25, 25),
(281, 182, 287, 'SJ182/CJM/12-179', 6, 6, 0, 0),
(282, 182, 288, 'SJ182/CJM/12-179', 7, 7, 90, 90),
(283, 182, 289, 'SJ182/CJM/12-179', 8, 8, 100, 100),
(284, 182, 290, 'SJ182/CJM/12-179', 9, 9, 145, 145),
(285, 182, 291, 'SJ182/CJM/12-179', 10, 10, 75, 75),
(286, 182, 292, 'SJ182/CJM/12-179', 11, 11, 90, 90),
(287, 183, 293, 'SJ183/CJM/12-180', 5, 5, 150, 150),
(288, 183, 294, 'SJ183/CJM/12-180', 6, 6, 200, 200),
(289, 183, 295, 'SJ183/CJM/12-180', 7, 7, 750, 750),
(290, 183, 296, 'SJ183/CJM/12-180', 8, 8, 400, 400),
(291, 183, 297, 'SJ183/CJM/12-180', 9, 9, 400, 400),
(292, 183, 298, 'SJ183/CJM/12-180', 10, 10, 100, 100),
(293, 184, 299, 'SJ184/CJM/12-181', 5, 5, 50, 50),
(294, 184, 300, 'SJ184/CJM/12-181', 6, 6, 75, 75),
(295, 184, 301, 'SJ184/CJM/12-181', 7, 7, 100, 100),
(296, 184, 302, 'SJ184/CJM/12-181', 8, 8, 50, 50),
(297, 184, 303, 'SJ184/CJM/12-181', 9, 9, 50, 50),
(298, 184, 304, 'SJ184/CJM/12-181', 10, 10, 0, 0),
(299, 185, 305, 'SJ185/CJM/12-182', 5, 5, 80, 80),
(300, 185, 306, 'SJ185/CJM/12-182', 6, 6, 140, 140),
(301, 185, 307, 'SJ185/CJM/12-182', 7, 7, 160, 160),
(302, 185, 308, 'SJ185/CJM/12-182', 8, 8, 140, 140),
(303, 185, 309, 'SJ185/CJM/12-182', 9, 9, 80, 80),
(304, 186, 310, 'SJ186/CJM/12-183', 5, 5, 0, 0),
(305, 186, 311, 'SJ186/CJM/12-183', 6, 6, 50, 50),
(306, 186, 312, 'SJ186/CJM/12-183', 7, 7, 100, 100),
(307, 186, 313, 'SJ186/CJM/12-183', 8, 8, 65, 65),
(308, 186, 314, 'SJ186/CJM/12-183', 9, 9, 75, 75),
(309, 186, 315, 'SJ186/CJM/12-183', 10, 10, 75, 75),
(310, 187, 316, 'SJ187/CJM/12-184', 3, 3, 0, 0),
(311, 187, 317, 'SJ187/CJM/12-184', 4, 4, 0, 0),
(312, 187, 318, 'SJ187/CJM/12-184', 5, 5, 100, 100),
(313, 187, 319, 'SJ187/CJM/12-184', 6, 6, 75, 75),
(314, 187, 320, 'SJ187/CJM/12-184', 7, 7, 0, 0),
(315, 188, 321, 'SJ188/CJM/12-185', 3, 3, 25, 25),
(316, 188, 322, 'SJ188/CJM/12-185', 4, 4, 110, 110),
(317, 188, 323, 'SJ188/CJM/12-185', 5, 5, 340, 340),
(318, 188, 324, 'SJ188/CJM/12-185', 6, 6, 425, 425),
(319, 188, 325, 'SJ188/CJM/12-185', 7, 7, 25, 25),
(320, 189, 326, 'SJ189/CJM/12-190', 5, 5, 100, 100),
(321, 189, 327, 'SJ189/CJM/12-190', 6, 6, 290, 290),
(322, 189, 328, 'SJ189/CJM/12-190', 7, 7, 330, 330),
(323, 189, 329, 'SJ189/CJM/12-190', 8, 8, 280, 280),
(324, 189, 330, 'SJ189/CJM/12-190', 9, 9, 40, 40),
(325, 189, 331, 'SJ189/CJM/12-190', 10, 10, 40, 40),
(326, 190, 332, 'SJ190/CJM/12-194', 6, 6, 100, 100),
(327, 190, 333, 'SJ190/CJM/12-194', 7, 7, 190, 190),
(328, 190, 334, 'SJ190/CJM/12-194', 8, 8, 376, 376),
(329, 190, 335, 'SJ190/CJM/12-194', 9, 9, 360, 360),
(330, 190, 336, 'SJ190/CJM/12-194', 10, 10, 300, 300),
(331, 190, 337, 'SJ190/CJM/12-194', 11, 11, 109, 109),
(332, 191, 338, 'SJ191/CJM/12-196', 6, 6, 0, 0),
(333, 191, 339, 'SJ191/CJM/12-196', 7, 7, 140, 140),
(334, 191, 340, 'SJ191/CJM/12-196', 8, 8, 140, 140),
(335, 191, 341, 'SJ191/CJM/12-196', 9, 9, 340, 340),
(336, 191, 342, 'SJ191/CJM/12-196', 10, 10, 180, 180),
(337, 191, 343, 'SJ191/CJM/12-196', 11, 11, 50, 50),
(338, 192, 344, 'SJ192/CJM/12-197', 6, 6, 97, 97),
(339, 192, 345, 'SJ192/CJM/12-197', 7, 7, 80, 80),
(340, 192, 346, 'SJ192/CJM/12-197', 8, 8, 84, 84),
(341, 192, 347, 'SJ192/CJM/12-197', 9, 9, 0, 0),
(342, 192, 348, 'SJ192/CJM/12-197', 10, 10, 0, 0),
(343, 192, 349, 'SJ192/CJM/12-197', 11, 11, 0, 0),
(344, 193, 350, 'SJ193/CJM/12-198', 5, 5, 60, 60),
(345, 193, 351, 'SJ193/CJM/12-198', 6, 6, 110, 110),
(346, 193, 352, 'SJ193/CJM/12-198', 7, 7, 270, 270),
(347, 193, 353, 'SJ193/CJM/12-198', 8, 8, 200, 200),
(348, 193, 354, 'SJ193/CJM/12-198', 9, 9, 200, 200),
(349, 193, 355, 'SJ193/CJM/12-198', 10, 10, 80, 80),
(350, 194, 356, 'SJ194/CJM/12-199', 6, 6, 400, 400),
(351, 194, 357, 'SJ194/CJM/12-199', 7, 7, 200, 200),
(352, 194, 358, 'SJ194/CJM/12-199', 8, 8, 430, 430),
(353, 194, 359, 'SJ194/CJM/12-199', 9, 9, 150, 150),
(354, 195, 360, 'SJ195/CJM/12-200', 6, 6, 8, 8),
(355, 195, 361, 'SJ195/CJM/12-200', 7, 7, 50, 50),
(356, 195, 362, 'SJ195/CJM/12-200', 8, 8, 75, 75),
(357, 195, 363, 'SJ195/CJM/12-200', 9, 9, 42, 42),
(358, 195, 364, 'SJ195/CJM/12-200', 10, 10, 11, 11),
(359, 195, 365, 'SJ195/CJM/12-200', 11, 11, 0, 0),
(360, 196, 366, 'SJ196/CJM/12-201', 6, 6, 100, 100),
(361, 196, 367, 'SJ196/CJM/12-201', 7, 7, 196, 196),
(362, 196, 368, 'SJ196/CJM/12-201', 8, 8, 357, 357),
(363, 196, 369, 'SJ196/CJM/12-201', 9, 9, 176, 176),
(364, 196, 370, 'SJ196/CJM/12-201', 10, 10, 143, 143),
(365, 196, 371, 'SJ196/CJM/12-201', 11, 11, 57, 57),
(366, 197, 372, 'SJ197/CJM/12-202', 6, 6, 18, 18),
(367, 197, 373, 'SJ197/CJM/12-202', 7, 7, 15, 15),
(368, 197, 374, 'SJ197/CJM/12-202', 8, 8, 6, 6),
(369, 197, 375, 'SJ197/CJM/12-202', 9, 9, 0, 0),
(370, 197, 376, 'SJ197/CJM/12-202', 10, 10, 0, 0),
(371, 197, 377, 'SJ197/CJM/12-202', 11, 11, 0, 0),
(372, 0, 378, '0', 5, 5, 50, 50),
(373, 0, 379, '0', 6, 6, 25, 25),
(374, 0, 380, '0', 7, 7, 100, 100),
(375, 0, 381, '0', 8, 8, 135, 135),
(376, 0, 382, '0', 9, 9, 0, 0),
(377, 0, 383, '0', 10, 10, 0, 0),
(378, 199, 384, 'SJ199/CJM/12-205', 6, 6, 1, 1),
(379, 199, 385, 'SJ199/CJM/12-205', 7, 7, 76, 76),
(380, 199, 386, 'SJ199/CJM/12-205', 8, 8, 21, 21),
(381, 199, 387, 'SJ199/CJM/12-205', 9, 9, 72, 72),
(382, 199, 388, 'SJ199/CJM/12-205', 10, 10, 5, 5),
(383, 199, 389, 'SJ199/CJM/12-205', 11, 11, 0, 0),
(384, 200, 390, 'SJ200/CJM/12-206', 6, 6, 13, 13),
(385, 200, 391, 'SJ200/CJM/12-206', 7, 7, 4, 4),
(386, 200, 392, 'SJ200/CJM/12-206', 8, 8, 20, 20),
(387, 200, 393, 'SJ200/CJM/12-206', 9, 9, 0, 0),
(388, 200, 394, 'SJ200/CJM/12-206', 10, 10, 13, 13),
(389, 200, 395, 'SJ200/CJM/12-206', 11, 11, 12, 12),
(390, 201, 396, 'SJ201/CJM/12-207', 5, 5, 160, 160),
(391, 201, 397, 'SJ201/CJM/12-207', 6, 6, 130, 130),
(392, 201, 398, 'SJ201/CJM/12-207', 7, 7, 400, 400),
(393, 201, 399, 'SJ201/CJM/12-207', 8, 8, 200, 200),
(394, 201, 400, 'SJ201/CJM/12-207', 9, 9, 235, 235),
(395, 201, 401, 'SJ201/CJM/12-207', 10, 10, 0, 0),
(396, 202, 402, 'SJ202/CJM/12-208', 6, 6, 135, 135),
(397, 202, 403, 'SJ202/CJM/12-208', 7, 7, 380, 380),
(398, 202, 404, 'SJ202/CJM/12-208', 8, 8, 150, 150),
(399, 202, 405, 'SJ202/CJM/12-208', 9, 9, 0, 0),
(400, 203, 406, 'SJ203/CJM/12-213', 6, 6, 0, 0),
(401, 203, 407, 'SJ203/CJM/12-213', 7, 7, 0, 0),
(402, 203, 408, 'SJ203/CJM/12-213', 8, 8, 2, 2),
(403, 203, 409, 'SJ203/CJM/12-213', 9, 9, 0, 0),
(404, 203, 410, 'SJ203/CJM/12-213', 10, 10, 0, 0),
(405, 203, 411, 'SJ203/CJM/12-213', 11, 11, 0, 0),
(406, 204, 412, 'SJ204/CJM/12-186', 5, 5, 80, 80),
(407, 204, 413, 'SJ204/CJM/12-186', 6, 6, 200, 200),
(408, 204, 414, 'SJ204/CJM/12-186', 7, 7, 300, 300),
(409, 204, 415, 'SJ204/CJM/12-186', 8, 8, 240, 240),
(410, 204, 416, 'SJ204/CJM/12-186', 9, 9, 120, 120),
(411, 204, 417, 'SJ204/CJM/12-186', 10, 10, 60, 60),
(412, 205, 418, 'SJ205/CJM/12-188', 3, 3, 0, 0),
(413, 205, 419, 'SJ205/CJM/12-188', 4, 4, 40, 40),
(414, 205, 420, 'SJ205/CJM/12-188', 5, 5, 485, 485),
(415, 205, 421, 'SJ205/CJM/12-188', 6, 6, 550, 550),
(416, 205, 422, 'SJ205/CJM/12-188', 7, 7, 0, 0),
(417, 206, 423, 'SJ206/CJM/12-189', 5, 5, 60, 60),
(418, 206, 424, 'SJ206/CJM/12-189', 6, 6, 80, 80),
(419, 206, 425, 'SJ206/CJM/12-189', 7, 7, 120, 120),
(420, 206, 426, 'SJ206/CJM/12-189', 8, 8, 80, 80),
(421, 206, 427, 'SJ206/CJM/12-189', 9, 9, 60, 60),
(422, 207, 428, 'SJ207/CJM/12-195', 5, 5, 150, 150),
(423, 207, 429, 'SJ207/CJM/12-195', 6, 6, 300, 300),
(424, 207, 430, 'SJ207/CJM/12-195', 7, 7, 700, 700),
(425, 207, 431, 'SJ207/CJM/12-195', 8, 8, 500, 500),
(426, 207, 432, 'SJ207/CJM/12-195', 9, 9, 150, 150),
(427, 207, 433, 'SJ207/CJM/12-195', 10, 10, 100, 100),
(428, 208, 434, 'SJ208/CJM/12-209', 5, 5, 50, 50),
(429, 208, 435, 'SJ208/CJM/12-209', 6, 6, 80, 80),
(430, 208, 436, 'SJ208/CJM/12-209', 7, 7, 120, 120),
(431, 208, 437, 'SJ208/CJM/12-209', 8, 8, 40, 40),
(432, 208, 438, 'SJ208/CJM/12-209', 9, 9, 60, 60),
(433, 209, 439, 'SJ209/CJM/12-210', 5, 5, 0, 0),
(434, 209, 440, 'SJ209/CJM/12-210', 6, 6, 100, 100),
(435, 209, 441, 'SJ209/CJM/12-210', 7, 7, 0, 0),
(436, 209, 442, 'SJ209/CJM/12-210', 8, 8, 0, 0),
(437, 209, 443, 'SJ209/CJM/12-210', 9, 9, 0, 0),
(438, 209, 444, 'SJ209/CJM/12-210', 10, 10, 0, 0),
(439, 210, 445, 'SJ210/CJM/12-213', 6, 6, 15, 15),
(440, 210, 446, 'SJ210/CJM/12-213', 7, 7, 20, 20),
(441, 210, 447, 'SJ210/CJM/12-213', 8, 8, 120, 120),
(442, 210, 448, 'SJ210/CJM/12-213', 9, 9, 0, 0),
(443, 211, 458, 'SJ211/CJM/12-212', 9, 9, 0, 0),
(444, 211, 457, 'SJ211/CJM/12-212', 8, 8, 0, 0),
(445, 211, 456, 'SJ211/CJM/12-212', 7, 7, 2, 2),
(446, 211, 455, 'SJ211/CJM/12-212', 6, 6, 6, 6),
(447, 211, 459, 'SJ211/CJM/12-212', 10, 10, 8, 8),
(448, 211, 460, 'SJ211/CJM/12-212', 11, 11, 0, 0),
(449, 212, 461, 'SJ212/CJM/12-214', 5, 5, 115, 115),
(450, 212, 462, 'SJ212/CJM/12-214', 6, 6, 300, 300),
(451, 212, 463, 'SJ212/CJM/12-214', 7, 7, 470, 470),
(452, 212, 464, 'SJ212/CJM/12-214', 8, 8, 365, 365),
(453, 212, 465, 'SJ212/CJM/12-214', 9, 9, 170, 170),
(454, 212, 466, 'SJ212/CJM/12-214', 10, 10, 80, 80),
(455, 213, 467, 'SJ213/CJM/12-215', 5, 5, 0, 0),
(456, 213, 468, 'SJ213/CJM/12-215', 6, 6, 180, 180),
(457, 213, 469, 'SJ213/CJM/12-215', 7, 7, 150, 150),
(458, 213, 470, 'SJ213/CJM/12-215', 8, 8, 100, 100),
(459, 213, 471, 'SJ213/CJM/12-215', 9, 9, 0, 0),
(460, 213, 472, 'SJ213/CJM/12-215', 10, 10, 20, 20),
(461, 214, 473, 'SJ214/CJM/12-216', 5, 5, 80, 80),
(462, 214, 474, 'SJ214/CJM/12-216', 6, 6, 140, 140),
(463, 214, 475, 'SJ214/CJM/12-216', 7, 7, 160, 160),
(464, 214, 476, 'SJ214/CJM/12-216', 8, 8, 140, 140),
(465, 214, 477, 'SJ214/CJM/12-216', 9, 9, 80, 80),
(466, 215, 478, 'SJ215/CJM/12-218', 5, 5, 10, 10),
(467, 215, 479, 'SJ215/CJM/12-218', 6, 6, 25, 25),
(468, 215, 480, 'SJ215/CJM/12-218', 7, 7, 100, 100),
(469, 215, 481, 'SJ215/CJM/12-218', 8, 8, 105, 105),
(470, 215, 482, 'SJ215/CJM/12-218', 9, 9, 0, 0),
(471, 215, 483, 'SJ215/CJM/12-218', 10, 10, 0, 0),
(472, 216, 484, 'SJ216/CJM/12-219', 5, 5, 10, 10),
(473, 216, 485, 'SJ216/CJM/12-219', 6, 6, 0, 0),
(474, 216, 486, 'SJ216/CJM/12-219', 7, 7, 0, 0),
(475, 216, 487, 'SJ216/CJM/12-219', 8, 8, 40, 40),
(476, 216, 488, 'SJ216/CJM/12-219', 9, 9, 0, 0),
(477, 217, 489, 'SJ217/CJM/12-220', 5, 5, 0, 0),
(478, 217, 490, 'SJ217/CJM/12-220', 6, 6, 90, 90),
(479, 217, 491, 'SJ217/CJM/12-220', 7, 7, 50, 50),
(480, 217, 492, 'SJ217/CJM/12-220', 8, 8, 180, 180),
(481, 217, 493, 'SJ217/CJM/12-220', 9, 9, 5, 5),
(482, 217, 494, 'SJ217/CJM/12-220', 10, 10, 100, 100),
(483, 218, 495, 'SJ218/CJM/12-221', 5, 5, 115, 115),
(484, 218, 496, 'SJ218/CJM/12-221', 6, 6, 180, 180),
(485, 218, 497, 'SJ218/CJM/12-221', 7, 7, 360, 360),
(486, 218, 498, 'SJ218/CJM/12-221', 8, 8, 225, 225),
(487, 218, 499, 'SJ218/CJM/12-221', 9, 9, 80, 80),
(488, 218, 500, 'SJ218/CJM/12-221', 10, 10, 80, 80),
(489, 219, 501, 'SJ219/CJM/12-222', 5, 5, 100, 100),
(490, 219, 502, 'SJ219/CJM/12-222', 6, 6, 125, 125),
(491, 219, 503, 'SJ219/CJM/12-222', 7, 7, 175, 175),
(492, 219, 504, 'SJ219/CJM/12-222', 8, 8, 225, 225),
(493, 219, 505, 'SJ219/CJM/12-222', 9, 9, 125, 125),
(494, 219, 506, 'SJ219/CJM/12-222', 10, 10, 100, 100),
(495, 220, 507, 'SJ220/CJM/12-223', 5, 5, 0, 0),
(496, 220, 508, 'SJ220/CJM/12-223', 6, 6, 120, 120),
(497, 220, 509, 'SJ220/CJM/12-223', 7, 7, 110, 110),
(498, 220, 510, 'SJ220/CJM/12-223', 8, 8, 140, 140),
(499, 220, 511, 'SJ220/CJM/12-223', 9, 9, 90, 90),
(500, 220, 512, 'SJ220/CJM/12-223', 10, 10, 0, 0),
(501, 221, 513, 'SJ221/CJM/12-224', 5, 5, 0, 0),
(502, 221, 514, 'SJ221/CJM/12-224', 6, 6, 100, 100),
(503, 221, 515, 'SJ221/CJM/12-224', 7, 7, 200, 200),
(504, 221, 516, 'SJ221/CJM/12-224', 8, 8, 100, 100),
(505, 221, 517, 'SJ221/CJM/12-224', 9, 9, 0, 0),
(506, 221, 518, 'SJ221/CJM/12-224', 10, 10, 0, 0),
(507, 222, 519, 'SJ222/CJM/12-226', 5, 5, 120, 120),
(508, 222, 520, 'SJ222/CJM/12-226', 6, 6, 180, 180),
(509, 222, 521, 'SJ222/CJM/12-226', 7, 7, 200, 200),
(510, 222, 522, 'SJ222/CJM/12-226', 8, 8, 180, 180),
(511, 222, 523, 'SJ222/CJM/12-226', 9, 9, 100, 100),
(512, 222, 524, 'SJ222/CJM/12-226', 10, 10, 80, 80),
(513, 223, 525, 'SJ223/CJM/12-227', 5, 5, 0, 0),
(514, 223, 526, 'SJ223/CJM/12-227', 6, 6, 15, 15),
(515, 223, 527, 'SJ223/CJM/12-227', 7, 7, 175, 175),
(516, 223, 528, 'SJ223/CJM/12-227', 8, 8, 225, 225),
(517, 223, 529, 'SJ223/CJM/12-227', 9, 9, 125, 125),
(518, 223, 530, 'SJ223/CJM/12-227', 10, 10, 0, 0),
(519, 224, 531, 'SJ224/CJM/12-228', 5, 5, 0, 0),
(520, 224, 532, 'SJ224/CJM/12-228', 6, 6, 120, 120),
(521, 224, 533, 'SJ224/CJM/12-228', 7, 7, 260, 260),
(522, 224, 534, 'SJ224/CJM/12-228', 8, 8, 190, 190),
(523, 224, 535, 'SJ224/CJM/12-228', 9, 9, 60, 60),
(524, 224, 536, 'SJ224/CJM/12-228', 10, 10, 10, 10),
(525, 225, 537, 'SJ225/CJM/12-229', 5, 5, 80, 80),
(526, 225, 538, 'SJ225/CJM/12-229', 6, 6, 140, 140),
(527, 225, 539, 'SJ225/CJM/12-229', 7, 7, 160, 160),
(528, 225, 540, 'SJ225/CJM/12-229', 8, 8, 140, 140),
(529, 225, 541, 'SJ225/CJM/12-229', 9, 9, 80, 80),
(530, 226, 542, 'SJ226/CJM/12-230', 5, 5, 81, 81),
(531, 226, 543, 'SJ226/CJM/12-230', 6, 6, 110, 110),
(532, 226, 544, 'SJ226/CJM/12-230', 7, 7, 0, 0),
(533, 226, 545, 'SJ226/CJM/12-230', 8, 8, 0, 0),
(534, 226, 546, 'SJ226/CJM/12-230', 9, 9, 0, 0),
(535, 226, 547, 'SJ226/CJM/12-230', 10, 10, 100, 100),
(536, 227, 548, 'SJ227/CJM/12-231', 5, 5, 19, 19),
(537, 227, 549, 'SJ227/CJM/12-231', 6, 6, 0, 0),
(538, 227, 550, 'SJ227/CJM/12-231', 7, 7, 0, 0),
(539, 227, 551, 'SJ227/CJM/12-231', 8, 8, 0, 0),
(540, 227, 552, 'SJ227/CJM/12-231', 9, 9, 0, 0),
(541, 227, 553, 'SJ227/CJM/12-231', 10, 10, 0, 0),
(542, 228, 554, 'SJ228/CJM/12-232', 5, 5, 150, 150),
(543, 228, 555, 'SJ228/CJM/12-232', 6, 6, 335, 335),
(544, 228, 556, 'SJ228/CJM/12-232', 7, 7, 190, 190),
(545, 228, 557, 'SJ228/CJM/12-232', 8, 8, 145, 145),
(546, 228, 558, 'SJ228/CJM/12-232', 9, 9, 125, 125),
(547, 228, 559, 'SJ228/CJM/12-232', 10, 10, 60, 60),
(548, 229, 560, 'SJ229/CJM/12-233', 5, 5, 100, 100),
(549, 229, 561, 'SJ229/CJM/12-233', 6, 6, 225, 225),
(550, 229, 562, 'SJ229/CJM/12-233', 7, 7, 375, 375),
(551, 229, 563, 'SJ229/CJM/12-233', 8, 8, 325, 325),
(552, 229, 564, 'SJ229/CJM/12-233', 9, 9, 125, 125),
(553, 229, 565, 'SJ229/CJM/12-233', 10, 10, 100, 100),
(554, 230, 566, 'SJ230/CJM/12-234', 6, 6, 0, 0),
(555, 230, 567, 'SJ230/CJM/12-234', 7, 7, 50, 50),
(556, 230, 568, 'SJ230/CJM/12-234', 8, 8, 100, 100),
(557, 230, 569, 'SJ230/CJM/12-234', 9, 9, 310, 310),
(558, 230, 570, 'SJ230/CJM/12-234', 10, 10, 188, 188),
(559, 230, 571, 'SJ230/CJM/12-234', 11, 11, 0, 0),
(560, 231, 572, 'SJ231/CJM/12-236', 5, 5, 0, 0),
(561, 231, 573, 'SJ231/CJM/12-236', 6, 6, 65, 65),
(562, 231, 574, 'SJ231/CJM/12-236', 7, 7, 410, 410),
(563, 231, 575, 'SJ231/CJM/12-236', 8, 8, 205, 205),
(564, 231, 576, 'SJ231/CJM/12-236', 9, 9, 0, 0),
(565, 231, 577, 'SJ231/CJM/12-236', 10, 10, 65, 65),
(566, 232, 578, 'SJ232/CJM/12-237', 6, 6, 108, 108),
(567, 232, 579, 'SJ232/CJM/12-237', 7, 7, 127, 127),
(568, 232, 580, 'SJ232/CJM/12-237', 8, 8, 165, 165),
(569, 232, 581, 'SJ232/CJM/12-237', 9, 9, 0, 0),
(570, 232, 582, 'SJ232/CJM/12-237', 10, 10, 0, 0),
(571, 232, 583, 'SJ232/CJM/12-237', 11, 11, 0, 0),
(572, 233, 584, 'SJ233/CJM/12-238', 5, 5, 0, 0),
(573, 233, 585, 'SJ233/CJM/12-238', 6, 6, 100, 100),
(574, 233, 586, 'SJ233/CJM/12-238', 7, 7, 118, 118),
(575, 233, 587, 'SJ233/CJM/12-238', 8, 8, 0, 0),
(576, 233, 588, 'SJ233/CJM/12-238', 9, 9, 0, 0),
(577, 233, 589, 'SJ233/CJM/12-238', 10, 10, 0, 0),
(578, 234, 590, 'SJ234/CJM/12-239', 5, 5, 20, 20),
(579, 234, 591, 'SJ234/CJM/12-239', 6, 6, 45, 45),
(580, 234, 592, 'SJ234/CJM/12-239', 7, 7, 75, 75),
(581, 234, 593, 'SJ234/CJM/12-239', 8, 8, 65, 65),
(582, 234, 594, 'SJ234/CJM/12-239', 9, 9, 25, 25),
(583, 234, 595, 'SJ234/CJM/12-239', 10, 10, 20, 20),
(584, 235, 596, 'SJ235/CJM/12-240', 5, 5, 150, 150),
(585, 235, 597, 'SJ235/CJM/12-240', 6, 6, 400, 400),
(586, 235, 598, 'SJ235/CJM/12-240', 7, 7, 600, 600),
(587, 235, 599, 'SJ235/CJM/12-240', 8, 8, 350, 350),
(588, 235, 600, 'SJ235/CJM/12-240', 9, 9, 125, 125),
(589, 235, 601, 'SJ235/CJM/12-240', 10, 10, 125, 125),
(590, 236, 602, 'SJ236/CJM/12-241', 5, 5, 0, 0),
(591, 236, 603, 'SJ236/CJM/12-241', 6, 6, 0, 0),
(592, 236, 604, 'SJ236/CJM/12-241', 7, 7, 282, 282),
(593, 236, 605, 'SJ236/CJM/12-241', 8, 8, 250, 250),
(594, 236, 606, 'SJ236/CJM/12-241', 9, 9, 0, 0),
(595, 236, 607, 'SJ236/CJM/12-241', 10, 10, 0, 0),
(596, 237, 608, 'SJ237/CJM/12-243', 6, 6, 0, 0),
(597, 237, 609, 'SJ237/CJM/12-243', 7, 7, 30, 30),
(598, 237, 610, 'SJ237/CJM/12-243', 8, 8, 17, 17),
(599, 237, 611, 'SJ237/CJM/12-243', 9, 9, 0, 0),
(600, 237, 612, 'SJ237/CJM/12-243', 10, 10, 0, 0),
(601, 237, 613, 'SJ237/CJM/12-243', 11, 11, 0, 0),
(602, 238, 614, 'SJ238/CJM/12-244', 6, 6, 30, 30),
(603, 238, 615, 'SJ238/CJM/12-244', 7, 7, 45, 45),
(604, 238, 616, 'SJ238/CJM/12-244', 8, 8, 25, 25),
(605, 238, 617, 'SJ238/CJM/12-244', 9, 9, 153, 153),
(606, 238, 618, 'SJ238/CJM/12-244', 10, 10, 103, 103),
(607, 238, 619, 'SJ238/CJM/12-244', 11, 11, 55, 55),
(608, 239, 620, 'SJ239/CJM/12-245', 5, 5, 145, 145),
(609, 239, 621, 'SJ239/CJM/12-245', 6, 6, 135, 135),
(610, 239, 622, 'SJ239/CJM/12-245', 7, 7, 75, 75),
(611, 239, 623, 'SJ239/CJM/12-245', 8, 8, 75, 75),
(612, 239, 624, 'SJ239/CJM/12-245', 9, 9, 75, 75),
(613, 239, 625, 'SJ239/CJM/12-245', 10, 10, 105, 105),
(614, 240, 626, 'SJ240/CJM/12-246', 5, 5, 0, 0),
(615, 240, 627, 'SJ240/CJM/12-246', 6, 6, 110, 110),
(616, 240, 628, 'SJ240/CJM/12-246', 7, 7, 70, 70),
(617, 240, 629, 'SJ240/CJM/12-246', 8, 8, 0, 0),
(618, 240, 630, 'SJ240/CJM/12-246', 9, 9, 53, 53),
(619, 240, 631, 'SJ240/CJM/12-246', 10, 10, 0, 0),
(620, 241, 632, 'SJ241/CJM/12-247', 5, 5, 0, 0),
(621, 241, 633, 'SJ241/CJM/12-247', 6, 6, 90, 90),
(622, 241, 634, 'SJ241/CJM/12-247', 7, 7, 240, 240),
(623, 241, 635, 'SJ241/CJM/12-247', 8, 8, 50, 50),
(624, 241, 636, 'SJ241/CJM/12-247', 9, 9, 0, 0),
(625, 241, 637, 'SJ241/CJM/12-247', 10, 10, 0, 0),
(626, 242, 638, 'SJ242/CJM/12-248', 6, 6, 0, 0),
(627, 242, 639, 'SJ242/CJM/12-248', 7, 7, 27, 27),
(628, 242, 640, 'SJ242/CJM/12-248', 8, 8, 44, 44),
(629, 242, 641, 'SJ242/CJM/12-248', 9, 9, 15, 15),
(630, 242, 642, 'SJ242/CJM/12-248', 10, 10, 5, 5),
(631, 242, 643, 'SJ242/CJM/12-248', 11, 11, 104, 104),
(632, 243, 644, 'SJ243/CJM/12-250', 5, 5, 0, 0),
(633, 243, 645, 'SJ243/CJM/12-250', 6, 6, 0, 0),
(634, 243, 646, 'SJ243/CJM/12-250', 7, 7, 18, 18),
(635, 243, 647, 'SJ243/CJM/12-250', 8, 8, 100, 100),
(636, 243, 648, 'SJ243/CJM/12-250', 9, 9, 0, 0),
(637, 243, 649, 'SJ243/CJM/12-250', 10, 10, 0, 0),
(638, 244, 650, 'SJ244/CJM/12-251', 5, 5, 40, 40),
(639, 244, 651, 'SJ244/CJM/12-251', 6, 6, 0, 0),
(640, 244, 652, 'SJ244/CJM/12-251', 7, 7, 0, 0),
(641, 244, 653, 'SJ244/CJM/12-251', 8, 8, 30, 30),
(642, 244, 654, 'SJ244/CJM/12-251', 9, 9, 0, 0),
(643, 244, 655, 'SJ244/CJM/12-251', 10, 10, 0, 0),
(644, 245, 656, 'SJ245/CJM/12-252', 5, 5, 85, 85),
(645, 245, 657, 'SJ245/CJM/12-252', 6, 6, 90, 90),
(646, 245, 658, 'SJ245/CJM/12-252', 7, 7, 295, 295),
(647, 245, 659, 'SJ245/CJM/12-252', 8, 8, 220, 220),
(648, 245, 660, 'SJ245/CJM/12-252', 9, 9, 12, 12),
(649, 245, 661, 'SJ245/CJM/12-252', 10, 10, 65, 65),
(650, 246, 662, 'SJ246/CJM/12-253', 5, 5, 0, 0),
(651, 246, 663, 'SJ246/CJM/12-253', 6, 6, 0, 0),
(652, 246, 664, 'SJ246/CJM/12-253', 7, 7, 287, 287),
(653, 246, 665, 'SJ246/CJM/12-253', 8, 8, 135, 135),
(654, 246, 666, 'SJ246/CJM/12-253', 9, 9, 145, 145),
(655, 246, 667, 'SJ246/CJM/12-253', 10, 10, 0, 0),
(656, 247, 668, 'SJ247/CJM/12-254', 5, 5, 50, 50),
(657, 247, 669, 'SJ247/CJM/12-254', 6, 6, 170, 170),
(658, 247, 670, 'SJ247/CJM/12-254', 7, 7, 160, 160),
(659, 247, 671, 'SJ247/CJM/12-254', 8, 8, 170, 170),
(660, 247, 672, 'SJ247/CJM/12-254', 9, 9, 20, 20),
(661, 247, 673, 'SJ247/CJM/12-254', 10, 10, 60, 60),
(662, 248, 674, 'SJ248/CJM/12-255', 6, 6, 0, 0),
(663, 248, 675, 'SJ248/CJM/12-255', 7, 7, 0, 0),
(664, 248, 676, 'SJ248/CJM/12-255', 8, 8, 70, 70),
(665, 248, 677, 'SJ248/CJM/12-255', 9, 9, 130, 130),
(666, 248, 678, 'SJ248/CJM/12-255', 10, 10, 127, 127),
(667, 248, 679, 'SJ248/CJM/12-255', 11, 11, 73, 73),
(668, 249, 680, 'SJ249/CJM/12-256', 5, 5, 0, 0),
(669, 249, 681, 'SJ249/CJM/12-256', 6, 6, 130, 130),
(670, 249, 682, 'SJ249/CJM/12-256', 7, 7, 230, 230),
(671, 249, 683, 'SJ249/CJM/12-256', 8, 8, 100, 100),
(672, 249, 684, 'SJ249/CJM/12-256', 9, 9, 33, 33),
(673, 249, 685, 'SJ249/CJM/12-256', 10, 10, 65, 65),
(674, 250, 686, 'SJ250/CJM/12-250', 6, 6, 19, 19),
(675, 250, 687, 'SJ250/CJM/12-250', 7, 7, 20, 20),
(676, 250, 688, 'SJ250/CJM/12-250', 8, 8, 100, 100),
(677, 250, 689, 'SJ250/CJM/12-250', 9, 9, 0, 0),
(678, 250, 690, 'SJ250/CJM/12-250', 10, 10, 0, 0),
(679, 250, 691, 'SJ250/CJM/12-250', 11, 11, 0, 0),
(680, 251, 692, 'SJ251/CJM/12-251', 6, 6, 0, 0),
(681, 251, 693, 'SJ251/CJM/12-251', 7, 7, 0, 0),
(682, 251, 694, 'SJ251/CJM/12-251', 8, 8, 50, 50),
(683, 251, 695, 'SJ251/CJM/12-251', 9, 9, 0, 0),
(684, 251, 696, 'SJ251/CJM/12-251', 10, 10, 0, 0),
(685, 251, 697, 'SJ251/CJM/12-251', 11, 11, 0, 0),
(686, 252, 698, 'SJ252/CJM/12-252', 5, 5, 0, 0),
(687, 252, 699, 'SJ252/CJM/12-252', 6, 6, 0, 0),
(688, 252, 700, 'SJ252/CJM/12-252', 7, 7, 0, 0),
(689, 252, 701, 'SJ252/CJM/12-252', 8, 8, 0, 0),
(690, 252, 702, 'SJ252/CJM/12-252', 9, 9, 190, 190),
(691, 252, 703, 'SJ252/CJM/12-252', 10, 10, 0, 0),
(692, 253, 704, 'SJ253/CJM/12-253', 6, 6, 47, 47),
(693, 253, 705, 'SJ253/CJM/12-253', 7, 7, 114, 114),
(694, 253, 706, 'SJ253/CJM/12-253', 8, 8, 29, 29),
(695, 253, 707, 'SJ253/CJM/12-253', 9, 9, 69, 69),
(696, 253, 708, 'SJ253/CJM/12-253', 10, 10, 6, 6),
(697, 253, 709, 'SJ253/CJM/12-253', 11, 11, 3, 3),
(698, 254, 710, 'SJ254/CJM/12-254', 6, 6, 22, 22),
(699, 254, 711, 'SJ254/CJM/12-254', 7, 7, 77, 77),
(700, 254, 712, 'SJ254/CJM/12-254', 8, 8, 114, 114),
(701, 254, 713, 'SJ254/CJM/12-254', 9, 9, 37, 37),
(702, 254, 714, 'SJ254/CJM/12-254', 10, 10, 0, 0),
(703, 254, 715, 'SJ254/CJM/12-254', 11, 11, 0, 0),
(704, 255, 716, 'SJ255/CJM/12-257', 5, 5, 0, 0),
(705, 255, 717, 'SJ255/CJM/12-257', 6, 6, 24, 24),
(706, 255, 718, 'SJ255/CJM/12-257', 7, 7, 178, 178),
(707, 255, 719, 'SJ255/CJM/12-257', 8, 8, 220, 220),
(708, 255, 720, 'SJ255/CJM/12-257', 9, 9, 0, 0),
(709, 255, 721, 'SJ255/CJM/12-257', 10, 10, 0, 0),
(710, 256, 722, 'SJ256/CJM/12-258', 5, 5, 58, 58),
(711, 256, 723, 'SJ256/CJM/12-258', 6, 6, 70, 70),
(712, 256, 724, 'SJ256/CJM/12-258', 7, 7, 135, 135),
(713, 256, 725, 'SJ256/CJM/12-258', 8, 8, 120, 120),
(714, 256, 726, 'SJ256/CJM/12-258', 9, 9, 32, 32),
(715, 256, 727, 'SJ256/CJM/12-258', 10, 10, 0, 0),
(716, 257, 728, 'SJ257/CJM/12-259', 5, 5, 70, 70),
(717, 257, 729, 'SJ257/CJM/12-259', 6, 6, 60, 60),
(718, 257, 730, 'SJ257/CJM/12-259', 7, 7, 30, 30),
(719, 257, 731, 'SJ257/CJM/12-259', 8, 8, 110, 110),
(720, 257, 732, 'SJ257/CJM/12-259', 9, 9, 220, 220),
(721, 258, 733, 'SJ258/CJM/12-261', 5, 5, 65, 65),
(722, 258, 734, 'SJ258/CJM/12-261', 6, 6, 21, 21),
(723, 258, 735, 'SJ258/CJM/12-261', 7, 7, 3, 3),
(724, 258, 736, 'SJ258/CJM/12-261', 8, 8, 0, 0),
(725, 258, 737, 'SJ258/CJM/12-261', 9, 9, 40, 40),
(726, 258, 738, 'SJ258/CJM/12-261', 10, 10, 50, 50),
(727, 259, 739, 'SJ259/CJM/12-262', 5, 5, 0, 0),
(728, 259, 740, 'SJ259/CJM/12-262', 6, 6, 90, 90),
(729, 259, 741, 'SJ259/CJM/12-262', 7, 7, 300, 300),
(730, 259, 742, 'SJ259/CJM/12-262', 8, 8, 150, 150),
(731, 259, 743, 'SJ259/CJM/12-262', 9, 9, 50, 50),
(732, 259, 744, 'SJ259/CJM/12-262', 10, 10, 0, 0),
(733, 260, 745, 'SJ260/CJM/12-263', 5, 5, 0, 0),
(734, 260, 746, 'SJ260/CJM/12-263', 6, 6, 0, 0),
(735, 260, 747, 'SJ260/CJM/12-263', 7, 7, 510, 510),
(736, 260, 748, 'SJ260/CJM/12-263', 8, 8, 0, 0),
(737, 260, 749, 'SJ260/CJM/12-263', 9, 9, 0, 0),
(738, 261, 750, 'SJ261/CJM/12-264', 5, 5, 120, 120),
(739, 261, 751, 'SJ261/CJM/12-264', 6, 6, 200, 200),
(740, 261, 752, 'SJ261/CJM/12-264', 7, 7, 510, 510),
(741, 261, 753, 'SJ261/CJM/12-264', 8, 8, 150, 150),
(742, 261, 754, 'SJ261/CJM/12-264', 9, 9, 0, 0),
(743, 261, 755, 'SJ261/CJM/12-264', 10, 10, 0, 0),
(744, 262, 756, 'SJ262/CJM/12-266', 5, 5, 0, 0),
(745, 262, 757, 'SJ262/CJM/12-266', 6, 6, 300, 300),
(746, 262, 758, 'SJ262/CJM/12-266', 7, 7, 500, 500),
(747, 262, 759, 'SJ262/CJM/12-266', 8, 8, 500, 500),
(748, 262, 760, 'SJ262/CJM/12-266', 9, 9, 350, 350),
(749, 263, 761, 'SJ263/CJM/12-267', 5, 5, 0, 0),
(750, 263, 762, 'SJ263/CJM/12-267', 6, 6, 60, 60),
(751, 263, 763, 'SJ263/CJM/12-267', 7, 7, 100, 100),
(752, 263, 764, 'SJ263/CJM/12-267', 8, 8, 305, 305),
(753, 263, 765, 'SJ263/CJM/12-267', 9, 9, 195, 195),
(754, 263, 766, 'SJ263/CJM/12-267', 10, 10, 40, 40),
(755, 264, 767, 'SJ264/CJM/12-268', 5, 5, 60, 60),
(756, 264, 768, 'SJ264/CJM/12-268', 6, 6, 260, 260),
(757, 264, 769, 'SJ264/CJM/12-268', 7, 7, 60, 60),
(758, 264, 770, 'SJ264/CJM/12-268', 8, 8, 10, 10),
(759, 264, 771, 'SJ264/CJM/12-268', 9, 9, 0, 0),
(760, 264, 772, 'SJ264/CJM/12-268', 10, 10, 0, 0),
(761, 265, 773, 'SJ265/CJM/12-269', 5, 5, 80, 80),
(762, 265, 774, 'SJ265/CJM/12-269', 6, 6, 110, 110),
(763, 265, 775, 'SJ265/CJM/12-269', 7, 7, 70, 70),
(764, 265, 776, 'SJ265/CJM/12-269', 8, 8, 60, 60),
(765, 265, 777, 'SJ265/CJM/12-269', 9, 9, 20, 20),
(766, 265, 778, 'SJ265/CJM/12-269', 10, 10, 70, 70),
(767, 266, 779, 'SJ266/CJM/12-270', 5, 5, 250, 250),
(768, 266, 780, 'SJ266/CJM/12-270', 6, 6, 200, 200),
(769, 266, 781, 'SJ266/CJM/12-270', 7, 7, 335, 335),
(770, 266, 782, 'SJ266/CJM/12-270', 8, 8, 125, 125),
(771, 266, 783, 'SJ266/CJM/12-270', 9, 9, -60, -60),
(772, 267, 784, 'SJ267/CJM/12-273', 5, 5, 50, 50),
(773, 267, 785, 'SJ267/CJM/12-273', 6, 6, 100, 100),
(774, 267, 786, 'SJ267/CJM/12-273', 7, 7, 165, 165),
(775, 267, 787, 'SJ267/CJM/12-273', 8, 8, 125, 125),
(776, 267, 788, 'SJ267/CJM/12-273', 9, 9, 0, 0),
(777, 268, 789, 'SJ268/CJM/12-274', 5, 5, 0, 0),
(778, 268, 790, 'SJ268/CJM/12-274', 6, 6, 86, 86),
(779, 268, 791, 'SJ268/CJM/12-274', 7, 7, 0, 0),
(780, 268, 792, 'SJ268/CJM/12-274', 8, 8, 0, 0),
(781, 268, 793, 'SJ268/CJM/12-274', 9, 9, 0, 0),
(782, 268, 794, 'SJ268/CJM/12-274', 10, 10, 0, 0),
(783, 269, 795, 'SJ269/CJM/12-275', 5, 5, 27, 27),
(784, 269, 796, 'SJ269/CJM/12-275', 6, 6, 0, 0),
(785, 269, 797, 'SJ269/CJM/12-275', 7, 7, 0, 0),
(786, 269, 798, 'SJ269/CJM/12-275', 8, 8, 0, 0),
(787, 269, 799, 'SJ269/CJM/12-275', 9, 9, 0, 0),
(788, 269, 800, 'SJ269/CJM/12-275', 10, 10, 0, 0),
(789, 270, 801, 'SJ270/CJM/12-276', 5, 5, 95, 95),
(790, 270, 802, 'SJ270/CJM/12-276', 6, 6, 230, 230),
(791, 270, 803, 'SJ270/CJM/12-276', 7, 7, 360, 360),
(792, 270, 804, 'SJ270/CJM/12-276', 8, 8, 280, 280),
(793, 270, 805, 'SJ270/CJM/12-276', 9, 9, 105, 105),
(794, 270, 806, 'SJ270/CJM/12-276', 10, 10, 50, 50),
(795, 271, 807, 'SJ271/CJM/12-277', 5, 5, 0, 0),
(796, 271, 808, 'SJ271/CJM/12-277', 6, 6, 201, 201),
(797, 271, 809, 'SJ271/CJM/12-277', 7, 7, 0, 0),
(798, 271, 810, 'SJ271/CJM/12-277', 8, 8, 0, 0),
(799, 271, 811, 'SJ271/CJM/12-277', 9, 9, 0, 0),
(800, 271, 812, 'SJ271/CJM/12-277', 10, 10, 0, 0),
(801, 272, 813, 'SJ272/CJM/12-278', 5, 5, 50, 50),
(802, 272, 814, 'SJ272/CJM/12-278', 6, 6, 50, 50),
(803, 272, 815, 'SJ272/CJM/12-278', 7, 7, 120, 120),
(804, 272, 816, 'SJ272/CJM/12-278', 8, 8, 60, 60),
(805, 272, 817, 'SJ272/CJM/12-278', 9, 9, 55, 55),
(806, 273, 818, 'SJ273/CJM/12-279', 5, 5, 60, 60),
(807, 273, 819, 'SJ273/CJM/12-279', 6, 6, 80, 80),
(808, 273, 820, 'SJ273/CJM/12-279', 7, 7, 120, 120),
(809, 273, 821, 'SJ273/CJM/12-279', 8, 8, 80, 80),
(810, 273, 822, 'SJ273/CJM/12-279', 9, 9, 60, 60),
(811, 274, 823, 'SJ274/CJM/12-280', 5, 5, 125, 125),
(812, 274, 824, 'SJ274/CJM/12-280', 6, 6, 60, 60),
(813, 274, 825, 'SJ274/CJM/12-280', 7, 7, 375, 375),
(814, 274, 826, 'SJ274/CJM/12-280', 8, 8, 375, 375),
(815, 274, 827, 'SJ274/CJM/12-280', 9, 9, 135, 135),
(816, 274, 828, 'SJ274/CJM/12-280', 10, 10, 75, 75),
(817, 275, 829, 'SJ275/CJM/12-282', 5, 5, 0, 0),
(818, 275, 830, 'SJ275/CJM/12-282', 6, 6, 0, 0),
(819, 275, 831, 'SJ275/CJM/12-282', 7, 7, 90, 90),
(820, 275, 832, 'SJ275/CJM/12-282', 8, 8, 230, 230),
(821, 275, 833, 'SJ275/CJM/12-282', 9, 9, 80, 80),
(822, 275, 834, 'SJ275/CJM/12-282', 10, 10, 80, 80),
(823, 276, 835, 'SJ276/CJM/12-283', 5, 5, 0, 0),
(824, 276, 836, 'SJ276/CJM/12-283', 6, 6, 10, 10),
(825, 276, 837, 'SJ276/CJM/12-283', 7, 7, 0, 0),
(826, 276, 838, 'SJ276/CJM/12-283', 8, 8, 10, 10),
(827, 276, 839, 'SJ276/CJM/12-283', 9, 9, 35, 35),
(828, 276, 840, 'SJ276/CJM/12-283', 10, 10, 25, 25),
(829, 277, 841, 'SJ277/CJM/12-284', 5, 5, 0, 0),
(830, 277, 842, 'SJ277/CJM/12-284', 6, 6, 40, 40),
(831, 277, 843, 'SJ277/CJM/12-284', 7, 7, 0, 0),
(832, 277, 844, 'SJ277/CJM/12-284', 8, 8, 0, 0),
(833, 277, 845, 'SJ277/CJM/12-284', 9, 9, 65, 65),
(834, 277, 846, 'SJ277/CJM/12-284', 10, 10, 0, 0),
(835, 278, 847, 'SJ278/CJM/12-285', 5, 5, 0, 0),
(836, 278, 848, 'SJ278/CJM/12-285', 6, 6, 0, 0),
(837, 278, 849, 'SJ278/CJM/12-285', 7, 7, 200, 200),
(838, 278, 850, 'SJ278/CJM/12-285', 8, 8, 250, 250),
(839, 278, 851, 'SJ278/CJM/12-285', 9, 9, 185, 185),
(840, 278, 852, 'SJ278/CJM/12-285', 10, 10, 40, 40),
(841, 279, 853, 'SJ279/CJM/12-285', 5, 5, 150, 150),
(842, 279, 854, 'SJ279/CJM/12-285', 6, 6, 360, 360),
(843, 279, 855, 'SJ279/CJM/12-285', 7, 7, 450, 450),
(844, 279, 856, 'SJ279/CJM/12-285', 8, 8, 300, 300),
(845, 279, 857, 'SJ279/CJM/12-285', 9, 9, 150, 150),
(846, 279, 858, 'SJ279/CJM/12-285', 10, 10, 100, 100),
(847, 280, 859, 'SJ280/CJM/12-286', 5, 5, 80, 80),
(848, 280, 860, 'SJ280/CJM/12-286', 6, 6, 170, 170),
(849, 280, 861, 'SJ280/CJM/12-286', 7, 7, 130, 130),
(850, 280, 862, 'SJ280/CJM/12-286', 8, 8, 0, 0),
(851, 280, 863, 'SJ280/CJM/12-286', 9, 9, 5, 5),
(852, 280, 864, 'SJ280/CJM/12-286', 10, 10, 0, 0),
(853, 281, 865, 'SJ281/CJM/12-287', 5, 5, 55, 55),
(854, 281, 866, 'SJ281/CJM/12-287', 6, 6, 80, 80),
(855, 281, 867, 'SJ281/CJM/12-287', 7, 7, 0, 0),
(856, 281, 868, 'SJ281/CJM/12-287', 8, 8, 230, 230),
(857, 281, 869, 'SJ281/CJM/12-287', 9, 9, 130, 130),
(858, 281, 870, 'SJ281/CJM/12-287', 10, 10, 50, 50),
(859, 282, 871, 'SJ282/CJM/12-288', 5, 5, 0, 0),
(860, 282, 872, 'SJ282/CJM/12-288', 6, 6, 0, 0),
(861, 282, 873, 'SJ282/CJM/12-288', 7, 7, 55, 55),
(862, 282, 874, 'SJ282/CJM/12-288', 8, 8, 0, 0),
(863, 282, 875, 'SJ282/CJM/12-288', 9, 9, 0, 0),
(864, 282, 876, 'SJ282/CJM/12-288', 10, 10, 80, 80),
(865, 283, 877, 'SJ283/CJM/12-289', 5, 5, 0, 0),
(866, 283, 878, 'SJ283/CJM/12-289', 6, 6, 40, 40),
(867, 283, 879, 'SJ283/CJM/12-289', 7, 7, 450, 450),
(868, 283, 880, 'SJ283/CJM/12-289', 8, 8, 0, 0),
(869, 283, 881, 'SJ283/CJM/12-289', 9, 9, 0, 0),
(870, 283, 882, 'SJ283/CJM/12-289', 10, 10, 0, 0),
(871, 284, 883, 'SJ284/CJM/12-292', 5, 5, 85, 85),
(872, 284, 884, 'SJ284/CJM/12-292', 6, 6, 30, 30),
(873, 284, 885, 'SJ284/CJM/12-292', 7, 7, 370, 370),
(874, 284, 886, 'SJ284/CJM/12-292', 8, 8, 460, 460),
(875, 284, 887, 'SJ284/CJM/12-292', 9, 9, 75, 75),
(876, 284, 888, 'SJ284/CJM/12-292', 10, 10, 100, 100),
(877, 285, 889, 'SJ285/CJM/12-293', 5, 5, 0, 0),
(878, 285, 890, 'SJ285/CJM/12-293', 6, 6, 10, 10),
(879, 285, 891, 'SJ285/CJM/12-293', 7, 7, 80, 80),
(880, 285, 892, 'SJ285/CJM/12-293', 8, 8, 30, 30),
(881, 285, 893, 'SJ285/CJM/12-293', 9, 9, 15, 15),
(882, 285, 894, 'SJ285/CJM/12-293', 10, 10, 0, 0),
(883, 286, 895, 'SJ286/CJM/12-294', 5, 5, 80, 80),
(884, 286, 896, 'SJ286/CJM/12-294', 6, 6, 180, 180),
(885, 286, 897, 'SJ286/CJM/12-294', 7, 7, 265, 265),
(886, 286, 898, 'SJ286/CJM/12-294', 8, 8, 185, 185),
(887, 286, 899, 'SJ286/CJM/12-294', 9, 9, 90, 90),
(888, 286, 900, 'SJ286/CJM/12-294', 10, 10, 80, 80),
(889, 287, 901, 'SJ287/CJM/12-271', 6, 6, 0, 0),
(890, 287, 902, 'SJ287/CJM/12-271', 7, 7, 25, 25),
(891, 287, 903, 'SJ287/CJM/12-271', 8, 8, 100, 100),
(892, 287, 904, 'SJ287/CJM/12-271', 9, 9, 140, 140),
(893, 287, 905, 'SJ287/CJM/12-271', 10, 10, 103, 103),
(894, 287, 906, 'SJ287/CJM/12-271', 11, 11, 50, 50),
(895, 288, 907, 'SJ288/CJM/12-272', 6, 6, 45, 45),
(896, 288, 908, 'SJ288/CJM/12-272', 7, 7, 97, 97),
(897, 288, 909, 'SJ288/CJM/12-272', 8, 8, 70, 70),
(898, 288, 910, 'SJ288/CJM/12-272', 9, 9, 32, 32),
(899, 288, 911, 'SJ288/CJM/12-272', 10, 10, 0, 0),
(900, 288, 912, 'SJ288/CJM/12-272', 11, 11, 0, 0),
(901, 289, 913, 'SJ289/CJM/12-288', 5, 5, 125, 125),
(902, 289, 914, 'SJ289/CJM/12-288', 6, 6, 100, 100),
(903, 289, 915, 'SJ289/CJM/12-288', 7, 7, 175, 175),
(904, 289, 916, 'SJ289/CJM/12-288', 8, 8, 125, 125),
(905, 289, 917, 'SJ289/CJM/12-288', 9, 9, 15, 15),
(906, 289, 918, 'SJ289/CJM/12-288', 10, 10, 35, 35),
(907, 290, 919, 'SJ290/CJM/12-295', 5, 5, 0, 0),
(908, 290, 920, 'SJ290/CJM/12-295', 6, 6, 3, 3),
(909, 290, 921, 'SJ290/CJM/12-295', 7, 7, 0, 0),
(910, 290, 922, 'SJ290/CJM/12-295', 8, 8, 0, 0),
(911, 290, 923, 'SJ290/CJM/12-295', 9, 9, 0, 0),
(912, 290, 924, 'SJ290/CJM/12-295', 10, 10, 0, 0),
(913, 291, 925, 'SJ291/CJM/12-297', 5, 5, 65, 65),
(914, 291, 926, 'SJ291/CJM/12-297', 6, 6, 170, 170),
(915, 291, 927, 'SJ291/CJM/12-297', 7, 7, 230, 230),
(916, 291, 928, 'SJ291/CJM/12-297', 8, 8, 190, 190),
(917, 291, 929, 'SJ291/CJM/12-297', 9, 9, 225, 225),
(918, 291, 930, 'SJ291/CJM/12-297', 10, 10, 0, 0),
(919, 292, 931, 'SJ292/CJM/12-299', 6, 6, 250, 250),
(920, 292, 932, 'SJ292/CJM/12-299', 7, 7, 860, 860),
(921, 292, 933, 'SJ292/CJM/12-299', 8, 8, 650, 650),
(922, 293, 934, 'SJ293/CJM/12-298', 5, 5, 0, 0),
(923, 293, 935, 'SJ293/CJM/12-298', 6, 6, 0, 0),
(924, 293, 936, 'SJ293/CJM/12-298', 7, 7, 0, 0),
(925, 293, 937, 'SJ293/CJM/12-298', 8, 8, 0, 0),
(926, 293, 938, 'SJ293/CJM/12-298', 9, 9, 60, 60),
(927, 294, 939, 'SJ294/CJM/12-300', 5, 5, 60, 60),
(928, 294, 940, 'SJ294/CJM/12-300', 6, 6, 80, 80),
(929, 294, 941, 'SJ294/CJM/12-300', 7, 7, 120, 120),
(930, 294, 942, 'SJ294/CJM/12-300', 8, 8, 80, 80),
(931, 294, 943, 'SJ294/CJM/12-300', 9, 9, 60, 60),
(932, 295, 944, 'SJ295/CJM/12-314', 5, 5, 125, 125),
(933, 295, 945, 'SJ295/CJM/12-314', 6, 6, 300, 300),
(934, 295, 946, 'SJ295/CJM/12-314', 7, 7, 500, 500),
(935, 295, 947, 'SJ295/CJM/12-314', 8, 8, 225, 225),
(936, 295, 948, 'SJ295/CJM/12-314', 9, 9, 75, 75),
(937, 295, 949, 'SJ295/CJM/12-314', 10, 10, 25, 25),
(938, 296, 950, 'SJ296/CJM/12-315', 5, 5, 125, 125),
(939, 296, 951, 'SJ296/CJM/12-315', 6, 6, 300, 300),
(940, 296, 952, 'SJ296/CJM/12-315', 7, 7, 500, 500),
(941, 296, 953, 'SJ296/CJM/12-315', 8, 8, 225, 225),
(942, 296, 954, 'SJ296/CJM/12-315', 9, 9, 75, 75),
(943, 296, 955, 'SJ296/CJM/12-315', 10, 10, 25, 25),
(944, 297, 956, 'SJ297/CJM/12-313', 5, 5, 120, 120),
(945, 297, 957, 'SJ297/CJM/12-313', 6, 6, 270, 270),
(946, 297, 958, 'SJ297/CJM/12-313', 7, 7, 450, 450),
(947, 297, 959, 'SJ297/CJM/12-313', 8, 8, 390, 390),
(948, 297, 960, 'SJ297/CJM/12-313', 9, 9, 150, 150),
(949, 297, 961, 'SJ297/CJM/12-313', 10, 10, 120, 120),
(950, 298, 962, 'SJ298/CJM/12-316', 5, 5, 60, 60),
(951, 298, 963, 'SJ298/CJM/12-316', 6, 6, 80, 80),
(952, 298, 964, 'SJ298/CJM/12-316', 7, 7, 120, 120),
(953, 298, 965, 'SJ298/CJM/12-316', 8, 8, 80, 80),
(954, 298, 966, 'SJ298/CJM/12-316', 9, 9, 60, 60),
(955, 299, 967, 'SJ299/CJM/12-317', 5, 5, 150, 150),
(956, 299, 968, 'SJ299/CJM/12-317', 6, 6, 500, 500),
(957, 299, 969, 'SJ299/CJM/12-317', 7, 7, 400, 400),
(958, 299, 970, 'SJ299/CJM/12-317', 8, 8, 450, 450),
(959, 299, 971, 'SJ299/CJM/12-317', 9, 9, 100, 100),
(960, 299, 972, 'SJ299/CJM/12-317', 10, 10, 150, 150),
(961, 300, 973, 'SJ300/CJM/12-301', 5, 5, 60, 60),
(962, 300, 974, 'SJ300/CJM/12-301', 6, 6, 80, 80),
(963, 300, 975, 'SJ300/CJM/12-301', 7, 7, 120, 120),
(964, 300, 976, 'SJ300/CJM/12-301', 8, 8, 80, 80),
(965, 300, 977, 'SJ300/CJM/12-301', 9, 9, 60, 60),
(966, 301, 978, 'SJ301/CJM/12-318', 5, 5, 50, 50),
(967, 301, 979, 'SJ301/CJM/12-318', 6, 6, 50, 50),
(968, 301, 980, 'SJ301/CJM/12-318', 7, 7, 225, 225),
(969, 301, 981, 'SJ301/CJM/12-318', 8, 8, 500, 500),
(970, 301, 982, 'SJ301/CJM/12-318', 9, 9, 125, 125),
(971, 301, 983, 'SJ301/CJM/12-318', 10, 10, 150, 150),
(972, 302, 984, 'SJ302/CJM/12-313', 5, 5, 0, 0),
(973, 302, 985, 'SJ302/CJM/12-313', 6, 6, 90, 90),
(974, 302, 986, 'SJ302/CJM/12-313', 7, 7, 140, 140),
(975, 302, 987, 'SJ302/CJM/12-313', 8, 8, 540, 540),
(976, 302, 988, 'SJ302/CJM/12-313', 9, 9, 110, 110),
(977, 302, 989, 'SJ302/CJM/12-313', 10, 10, 80, 80),
(978, 303, 1078, 'SJ319/CJM/13-329', 5, 5, 10, 10),
(979, 304, 990, 'SJ303/CJM/12-313', 5, 5, 40, 40),
(980, 304, 991, 'SJ303/CJM/12-313', 6, 6, 125, 125),
(981, 304, 992, 'SJ303/CJM/12-313', 7, 7, 100, 100),
(982, 304, 993, 'SJ303/CJM/12-313', 8, 8, 50, 50),
(983, 304, 994, 'SJ303/CJM/12-313', 9, 9, 50, 50),
(984, 304, 995, 'SJ303/CJM/12-313', 10, 10, 25, 25),
(985, 305, 996, 'SJ304/CJM/12-321', 5, 5, 125, 125),
(986, 305, 997, 'SJ304/CJM/12-321', 6, 6, 30, 30),
(987, 305, 998, 'SJ304/CJM/12-321', 7, 7, 125, 125),
(988, 305, 999, 'SJ304/CJM/12-321', 8, 8, 170, 170),
(989, 305, 1000, 'SJ304/CJM/12-321', 9, 9, 50, 50),
(990, 306, 1001, 'SJ305/CJM/12-322', 5, 5, 125, 125),
(991, 306, 1002, 'SJ305/CJM/12-322', 6, 6, 40, 40),
(992, 306, 1003, 'SJ305/CJM/12-322', 7, 7, 125, 125),
(993, 306, 1004, 'SJ305/CJM/12-322', 8, 8, 160, 160),
(994, 306, 1005, 'SJ305/CJM/12-322', 9, 9, 50, 50),
(995, 307, 1006, 'SJ306/CJM/12-323', 5, 5, 125, 125),
(996, 307, 1007, 'SJ306/CJM/12-323', 6, 6, 40, 40),
(997, 307, 1008, 'SJ306/CJM/12-323', 7, 7, 125, 125),
(998, 307, 1009, 'SJ306/CJM/12-323', 8, 8, 160, 160),
(999, 307, 1010, 'SJ306/CJM/12-323', 9, 9, 50, 50),
(1000, 308, 1011, 'SJ307/CJM/12-324', 5, 5, 125, 125),
(1001, 308, 1012, 'SJ307/CJM/12-324', 6, 6, 40, 40),
(1002, 308, 1013, 'SJ307/CJM/12-324', 7, 7, 125, 125),
(1003, 308, 1014, 'SJ307/CJM/12-324', 8, 8, 160, 160),
(1004, 308, 1015, 'SJ307/CJM/12-324', 9, 9, 50, 50),
(1005, 309, 1016, 'SJ308/CJM/12-325', 5, 5, 60, 60),
(1006, 309, 1017, 'SJ308/CJM/12-325', 6, 6, 80, 80);
INSERT INTO `dtb_delivery_detail` (`id`, `delivery_id`, `ukur_id`, `sj_no`, `size_sj`, `size`, `qty_sj`, `quantity`) VALUES
(1007, 309, 1018, 'SJ308/CJM/12-325', 7, 7, 120, 120),
(1008, 309, 1019, 'SJ308/CJM/12-325', 8, 8, 80, 80),
(1009, 309, 1020, 'SJ308/CJM/12-325', 9, 9, 60, 60),
(1010, 310, 1021, 'SJ309/CJM/12-326', 5, 5, 50, 50),
(1011, 310, 1022, 'SJ309/CJM/12-326', 6, 6, 125, 125),
(1012, 310, 1023, 'SJ309/CJM/12-326', 7, 7, 600, 600),
(1013, 310, 1024, 'SJ309/CJM/12-326', 8, 8, 500, 500),
(1014, 310, 1025, 'SJ309/CJM/12-326', 9, 9, 50, 50),
(1015, 310, 1026, 'SJ309/CJM/12-326', 10, 10, 25, 25),
(1016, 311, 1027, 'SJ310/CJM/12-308', 6, 6, 0, 0),
(1017, 311, 1028, 'SJ310/CJM/12-308', 7, 7, 340, 340),
(1018, 311, 1029, 'SJ310/CJM/12-308', 8, 8, 0, 0),
(1019, 312, 1030, 'SJ311/CJM/12-310', 5, 5, 0, 0),
(1020, 312, 1031, 'SJ311/CJM/12-310', 6, 6, 105, 105),
(1021, 312, 1032, 'SJ311/CJM/12-310', 7, 7, 0, 0),
(1022, 312, 1033, 'SJ311/CJM/12-310', 8, 8, 0, 0),
(1023, 312, 1034, 'SJ311/CJM/12-310', 9, 9, 80, 80),
(1024, 312, 1035, 'SJ311/CJM/12-310', 10, 10, 0, 0),
(1025, 313, 1036, 'SJ312/CJM/12-312', 5, 5, 0, 0),
(1026, 313, 1037, 'SJ312/CJM/12-312', 6, 6, 0, 0),
(1027, 313, 1038, 'SJ312/CJM/12-312', 7, 7, 35, 35),
(1028, 313, 1039, 'SJ312/CJM/12-312', 8, 8, 75, 75),
(1029, 313, 1040, 'SJ312/CJM/12-312', 9, 9, 10, 10),
(1030, 313, 1041, 'SJ312/CJM/12-312', 10, 10, 0, 0),
(1031, 314, 1042, 'SJ313/CJM/12-327', 5, 5, 50, 50),
(1032, 314, 1043, 'SJ313/CJM/12-327', 6, 6, 20, 20),
(1033, 314, 1044, 'SJ313/CJM/12-327', 7, 7, 200, 200),
(1034, 314, 1045, 'SJ313/CJM/12-327', 8, 8, 235, 235),
(1035, 314, 1046, 'SJ313/CJM/12-327', 9, 9, 80, 80),
(1036, 314, 1047, 'SJ313/CJM/12-327', 10, 10, 75, 75),
(1037, 315, 1048, 'SJ314/CJM/12-328', 5, 5, 70, 70),
(1038, 315, 1049, 'SJ314/CJM/12-328', 6, 6, 125, 125),
(1039, 315, 1050, 'SJ314/CJM/12-328', 7, 7, 265, 265),
(1040, 315, 1051, 'SJ314/CJM/12-328', 8, 8, 170, 170),
(1041, 315, 1052, 'SJ314/CJM/12-328', 9, 9, 40, 40),
(1042, 315, 1053, 'SJ314/CJM/12-328', 10, 10, 30, 30),
(1043, 316, 1054, 'SJ315/CJM/12-329', 5, 5, 225, 225),
(1044, 316, 1055, 'SJ315/CJM/12-329', 6, 6, 350, 350),
(1045, 316, 1056, 'SJ315/CJM/12-329', 7, 7, 490, 490),
(1046, 316, 1057, 'SJ315/CJM/12-329', 8, 8, 200, 200),
(1047, 316, 1058, 'SJ315/CJM/12-329', 9, 9, 170, 170),
(1048, 316, 1059, 'SJ315/CJM/12-329', 10, 10, 75, 75),
(1049, 317, 1060, 'SJ316/CJM/12-330', 5, 5, 225, 225),
(1050, 317, 1061, 'SJ316/CJM/12-330', 6, 6, 475, 475),
(1051, 317, 1062, 'SJ316/CJM/12-330', 7, 7, 650, 650),
(1052, 317, 1063, 'SJ316/CJM/12-330', 8, 8, 400, 400),
(1053, 317, 1064, 'SJ316/CJM/12-330', 9, 9, 175, 175),
(1054, 317, 1065, 'SJ316/CJM/12-330', 10, 10, 75, 75),
(1055, 318, 1066, 'SJ317/CJM/12-331', 5, 5, 0, 0),
(1056, 318, 1067, 'SJ317/CJM/12-331', 6, 6, 125, 125),
(1057, 318, 1068, 'SJ317/CJM/12-331', 7, 7, 160, 160),
(1058, 318, 1069, 'SJ317/CJM/12-331', 8, 8, 200, 200),
(1059, 318, 1070, 'SJ317/CJM/12-331', 9, 9, 5, 5),
(1060, 318, 1071, 'SJ317/CJM/12-331', 10, 10, 0, 0),
(1061, 319, 1072, 'SJ318/CJM/12-332', 5, 5, 180, 180),
(1062, 319, 1073, 'SJ318/CJM/12-332', 6, 6, 325, 325),
(1063, 319, 1074, 'SJ318/CJM/12-332', 7, 7, 650, 650),
(1064, 319, 1075, 'SJ318/CJM/12-332', 8, 8, 430, 430),
(1065, 319, 1076, 'SJ318/CJM/12-332', 9, 9, 95, 95),
(1066, 319, 1077, 'SJ318/CJM/12-332', 10, 10, 70, 70),
(1067, 303, 1079, 'SJ319/CJM/13-329', 6, 6, 30, 30),
(1068, 303, 1080, 'SJ319/CJM/13-329', 7, 7, 0, 0),
(1069, 303, 1081, 'SJ319/CJM/13-329', 8, 8, 20, 20),
(1070, 303, 1082, 'SJ319/CJM/13-329', 9, 9, 5, 5),
(1071, 320, 1083, 'SJ320/CJM/13-330', 5, 5, 10, 10),
(1072, 320, 1084, 'SJ320/CJM/13-330', 6, 6, 0, 0),
(1073, 320, 1085, 'SJ320/CJM/13-330', 7, 7, 500, 500),
(1074, 320, 1086, 'SJ320/CJM/13-330', 8, 8, 450, 450),
(1075, 320, 1087, 'SJ320/CJM/13-330', 9, 9, 0, 0),
(1076, 320, 1088, 'SJ320/CJM/13-330', 10, 10, 0, 0),
(1077, 321, 1089, 'SJ321/CJM/13-333', 5, 5, 120, 120),
(1078, 321, 1090, 'SJ321/CJM/13-333', 6, 6, 0, 0),
(1079, 321, 1091, 'SJ321/CJM/13-333', 7, 7, 0, 0),
(1080, 321, 1092, 'SJ321/CJM/13-333', 8, 8, 310, 310),
(1081, 321, 1093, 'SJ321/CJM/13-333', 9, 9, 0, 0),
(1082, 321, 1094, 'SJ321/CJM/13-333', 10, 10, 110, 110),
(1083, 322, 1095, 'SJ322/CJM/13-334', 5, 5, 80, 80),
(1084, 322, 1096, 'SJ322/CJM/13-334', 6, 6, 235, 235),
(1085, 322, 1097, 'SJ322/CJM/13-334', 7, 7, 422, 422),
(1086, 322, 1098, 'SJ322/CJM/13-334', 8, 8, 263, 263),
(1087, 322, 1099, 'SJ322/CJM/13-334', 9, 9, 165, 165),
(1088, 322, 1100, 'SJ322/CJM/13-334', 10, 10, 35, 35),
(1089, 323, 1101, 'SJ323/CJM/13-335', 5, 5, 0, 0),
(1090, 323, 1102, 'SJ323/CJM/13-335', 6, 6, 20, 20),
(1091, 323, 1103, 'SJ323/CJM/13-335', 7, 7, 25, 25),
(1092, 323, 1104, 'SJ323/CJM/13-335', 8, 8, 25, 25),
(1093, 323, 1105, 'SJ323/CJM/13-335', 9, 9, 25, 25),
(1094, 323, 1106, 'SJ323/CJM/13-335', 10, 10, 75, 75),
(1095, 324, 1107, 'SJ324/CJM/13-336', 6, 6, 40, 40),
(1096, 324, 1108, 'SJ324/CJM/13-336', 7, 7, 80, 80),
(1097, 324, 1109, 'SJ324/CJM/13-336', 8, 8, 180, 180),
(1098, 324, 1110, 'SJ324/CJM/13-336', 9, 9, 75, 75),
(1099, 324, 1111, 'SJ324/CJM/13-336', 10, 10, 80, 80),
(1100, 324, 1112, 'SJ324/CJM/13-336', 11, 11, 40, 40),
(1101, 325, 1113, 'SJ325/CJM/13-337', 5, 5, 85, 85),
(1102, 325, 1114, 'SJ325/CJM/13-337', 6, 6, 75, 75),
(1103, 325, 1115, 'SJ325/CJM/13-337', 7, 7, 130, 130),
(1104, 325, 1116, 'SJ325/CJM/13-337', 8, 8, 100, 100),
(1105, 325, 1117, 'SJ325/CJM/13-337', 9, 9, 60, 60),
(1106, 325, 1118, 'SJ325/CJM/13-337', 10, 10, 50, 50),
(1107, 326, 1119, 'SJ326/CJM/13-338', 5, 5, 115, 115),
(1108, 326, 1120, 'SJ326/CJM/13-338', 6, 6, 75, 75),
(1109, 326, 1121, 'SJ326/CJM/13-338', 7, 7, 200, 200),
(1110, 326, 1122, 'SJ326/CJM/13-338', 8, 8, 250, 250),
(1111, 326, 1123, 'SJ326/CJM/13-338', 9, 9, 60, 60),
(1112, 326, 1124, 'SJ326/CJM/13-338', 10, 10, 50, 50),
(1113, 327, 1125, 'SJ327/CJM/13-339', 6, 6, 0, 0),
(1114, 327, 1126, 'SJ327/CJM/13-339', 7, 7, 0, 0),
(1115, 327, 1127, 'SJ327/CJM/13-339', 8, 8, 20, 20),
(1116, 327, 1128, 'SJ327/CJM/13-339', 9, 9, 60, 60),
(1117, 327, 1129, 'SJ327/CJM/13-339', 10, 10, 0, 0),
(1118, 327, 1130, 'SJ327/CJM/13-339', 11, 11, 0, 0),
(1119, 328, 1131, 'SJ328/CJM/13-340', 6, 6, 0, 0),
(1120, 328, 1132, 'SJ328/CJM/13-340', 7, 7, 134, 134),
(1121, 328, 1133, 'SJ328/CJM/13-340', 8, 8, 80, 80),
(1122, 328, 1134, 'SJ328/CJM/13-340', 9, 9, 260, 260),
(1123, 328, 1135, 'SJ328/CJM/13-340', 10, 10, 134, 134),
(1124, 328, 1136, 'SJ328/CJM/13-340', 11, 11, 67, 67),
(1125, 329, 1137, 'SJ329/CJM/13-341', 5, 5, 65, 65),
(1126, 329, 1138, 'SJ329/CJM/13-341', 6, 6, 135, 135),
(1127, 329, 1139, 'SJ329/CJM/13-341', 7, 7, 900, 900),
(1128, 329, 1140, 'SJ329/CJM/13-341', 8, 8, 325, 325),
(1129, 329, 1141, 'SJ329/CJM/13-341', 9, 9, 40, 40),
(1130, 329, 1142, 'SJ329/CJM/13-341', 10, 10, 70, 70),
(1131, 330, 1143, 'SJ330/CJM/13-339', 5, 5, 0, 0),
(1132, 330, 1144, 'SJ330/CJM/13-339', 6, 6, 0, 0),
(1133, 330, 1145, 'SJ330/CJM/13-339', 7, 7, 13, 13),
(1134, 330, 1146, 'SJ330/CJM/13-339', 8, 8, 32, 32),
(1135, 330, 1147, 'SJ330/CJM/13-339', 9, 9, 10, 10),
(1136, 330, 1148, 'SJ330/CJM/13-339', 10, 10, 45, 45),
(1137, 331, 1149, 'SJ331/CJM/13-340', 5, 5, 0, 0),
(1138, 331, 1150, 'SJ331/CJM/13-340', 6, 6, 0, 0),
(1139, 331, 1151, 'SJ331/CJM/13-340', 7, 7, 120, 120),
(1140, 331, 1152, 'SJ331/CJM/13-340', 8, 8, 0, 0),
(1141, 331, 1153, 'SJ331/CJM/13-340', 9, 9, 0, 0),
(1142, 331, 1154, 'SJ331/CJM/13-340', 10, 10, 10, 10),
(1143, 332, 1155, 'SJ332/CJM/13-341', 5, 5, 0, 0),
(1144, 332, 1156, 'SJ332/CJM/13-341', 6, 6, 145, 145),
(1145, 332, 1157, 'SJ332/CJM/13-341', 7, 7, 155, 155),
(1146, 332, 1158, 'SJ332/CJM/13-341', 8, 8, 0, 0),
(1147, 332, 1159, 'SJ332/CJM/13-341', 9, 9, 0, 0),
(1148, 332, 1160, 'SJ332/CJM/13-341', 10, 10, 0, 0),
(1149, 333, 1161, 'SJ333/CJM/13-343', 6, 6, 67, 67),
(1150, 333, 1162, 'SJ333/CJM/13-343', 7, 7, 0, 0),
(1151, 333, 1163, 'SJ333/CJM/13-343', 8, 8, 175, 175),
(1152, 333, 1164, 'SJ333/CJM/13-343', 9, 9, 8, 8),
(1153, 333, 1165, 'SJ333/CJM/13-343', 10, 10, 0, 0),
(1154, 333, 1166, 'SJ333/CJM/13-343', 11, 11, 0, 0),
(1155, 334, 1167, 'SJ334/CJM/13-344', 6, 6, 0, 0),
(1156, 334, 1168, 'SJ334/CJM/13-344', 7, 7, 0, 0),
(1157, 334, 1169, 'SJ334/CJM/13-344', 8, 8, 0, 0),
(1158, 334, 1170, 'SJ334/CJM/13-344', 9, 9, 25, 25),
(1159, 334, 1171, 'SJ334/CJM/13-344', 10, 10, 0, 0),
(1160, 334, 1172, 'SJ334/CJM/13-344', 11, 11, 0, 0),
(1161, 335, 1173, 'SJ335/CJM/13-345', 5, 5, 0, 0),
(1162, 335, 1174, 'SJ335/CJM/13-345', 6, 6, 0, 0),
(1163, 335, 1175, 'SJ335/CJM/13-345', 7, 7, 35, 35),
(1164, 335, 1176, 'SJ335/CJM/13-345', 8, 8, 0, 0),
(1165, 335, 1177, 'SJ335/CJM/13-345', 9, 9, 15, 15),
(1166, 335, 1178, 'SJ335/CJM/13-345', 10, 10, 0, 0),
(1167, 336, 1179, 'SJ336/CJM/13-346', 5, 5, 35, 35),
(1168, 336, 1180, 'SJ336/CJM/13-346', 6, 6, 65, 65),
(1169, 336, 1181, 'SJ336/CJM/13-346', 7, 7, 440, 440),
(1170, 336, 1182, 'SJ336/CJM/13-346', 8, 8, 335, 335),
(1171, 336, 1183, 'SJ336/CJM/13-346', 9, 9, 35, 35),
(1172, 336, 1184, 'SJ336/CJM/13-346', 10, 10, 30, 30),
(1173, 337, 1185, 'SJ337/CJM/13-347', 5, 5, 0, 0),
(1174, 337, 1186, 'SJ337/CJM/13-347', 6, 6, 0, 0),
(1175, 337, 1187, 'SJ337/CJM/13-347', 7, 7, 100, 100),
(1176, 337, 1188, 'SJ337/CJM/13-347', 8, 8, 340, 340),
(1177, 337, 1189, 'SJ337/CJM/13-347', 9, 9, 25, 25),
(1178, 337, 1190, 'SJ337/CJM/13-347', 10, 10, 0, 0),
(1179, 338, 1191, 'SJ338/CJM/13-348', 5, 5, 0, 0),
(1180, 338, 1192, 'SJ338/CJM/13-348', 6, 6, 150, 150),
(1181, 338, 1193, 'SJ338/CJM/13-348', 7, 7, 100, 100),
(1182, 338, 1194, 'SJ338/CJM/13-348', 8, 8, 0, 0),
(1183, 338, 1195, 'SJ338/CJM/13-348', 9, 9, 0, 0),
(1184, 338, 1196, 'SJ338/CJM/13-348', 10, 10, 0, 0),
(1185, 339, 1197, 'SJ339/CJM/13-352', 5, 5, 85, 85),
(1186, 339, 1198, 'SJ339/CJM/13-352', 6, 6, 75, 75),
(1187, 339, 1199, 'SJ339/CJM/13-352', 7, 7, 130, 130),
(1188, 339, 1200, 'SJ339/CJM/13-352', 8, 8, 100, 100),
(1189, 339, 1201, 'SJ339/CJM/13-352', 9, 9, 60, 60),
(1190, 339, 1202, 'SJ339/CJM/13-352', 10, 10, 50, 50),
(1191, 340, 1203, 'SJ340/CJM/13-353', 5, 5, 150, 150),
(1192, 340, 1204, 'SJ340/CJM/13-353', 6, 6, 180, 180),
(1193, 340, 1205, 'SJ340/CJM/13-353', 7, 7, 345, 345),
(1194, 340, 1206, 'SJ340/CJM/13-353', 8, 8, 450, 450),
(1195, 340, 1207, 'SJ340/CJM/13-353', 9, 9, 40, 40),
(1196, 340, 1208, 'SJ340/CJM/13-353', 10, 10, 45, 45),
(1197, 341, 1209, 'SJ341/CJM/13-354', 5, 5, 0, 0),
(1198, 341, 1210, 'SJ341/CJM/13-354', 6, 6, 0, 0),
(1199, 341, 1211, 'SJ341/CJM/13-354', 7, 7, 60, 60),
(1200, 341, 1212, 'SJ341/CJM/13-354', 8, 8, 0, 0),
(1201, 341, 1213, 'SJ341/CJM/13-354', 9, 9, 0, 0),
(1202, 341, 1214, 'SJ341/CJM/13-354', 10, 10, 0, 0),
(1203, 342, 1215, 'SJ342/CJM/13-355', 5, 5, 60, 60),
(1204, 342, 1216, 'SJ342/CJM/13-355', 6, 6, 100, 100),
(1205, 342, 1217, 'SJ342/CJM/13-355', 7, 7, 150, 150),
(1206, 342, 1218, 'SJ342/CJM/13-355', 8, 8, 125, 125),
(1207, 342, 1219, 'SJ342/CJM/13-355', 9, 9, 40, 40),
(1208, 342, 1220, 'SJ342/CJM/13-355', 10, 10, 25, 25),
(1209, 343, 1221, 'SJ343/CJM/13-349', 5, 5, 0, 0),
(1210, 343, 1222, 'SJ343/CJM/13-349', 6, 6, 45, 45),
(1211, 343, 1223, 'SJ343/CJM/13-349', 7, 7, 200, 200),
(1212, 343, 1224, 'SJ343/CJM/13-349', 8, 8, 80, 80),
(1213, 343, 1225, 'SJ343/CJM/13-349', 9, 9, 145, 145),
(1214, 343, 1226, 'SJ343/CJM/13-349', 10, 10, 10, 10),
(1215, 344, 1227, 'SJ344/CJM/13-351', 5, 5, 0, 0),
(1216, 344, 1228, 'SJ344/CJM/13-351', 6, 6, 10, 10),
(1217, 344, 1229, 'SJ344/CJM/13-351', 7, 7, 0, 0),
(1218, 344, 1230, 'SJ344/CJM/13-351', 8, 8, 240, 240),
(1219, 344, 1231, 'SJ344/CJM/13-351', 9, 9, 20, 20),
(1220, 344, 1232, 'SJ344/CJM/13-351', 10, 10, 0, 0),
(1221, 345, 1233, 'SJ345/CJM/13-357', 5, 5, 100, 100),
(1222, 345, 1234, 'SJ345/CJM/13-357', 6, 6, 180, 180),
(1223, 345, 1235, 'SJ345/CJM/13-357', 7, 7, 380, 380),
(1224, 345, 1236, 'SJ345/CJM/13-357', 8, 8, 240, 240),
(1225, 345, 1237, 'SJ345/CJM/13-357', 9, 9, 60, 60),
(1226, 345, 1238, 'SJ345/CJM/13-357', 10, 10, 40, 40),
(1227, 346, 1239, 'SJ346/CJM/13-356', 5, 5, 40, 40),
(1228, 346, 1240, 'SJ346/CJM/13-356', 6, 6, 210, 210),
(1229, 346, 1241, 'SJ346/CJM/13-356', 7, 7, 610, 610),
(1230, 346, 1242, 'SJ346/CJM/13-356', 8, 8, 340, 340),
(1231, 346, 1243, 'SJ346/CJM/13-356', 9, 9, 180, 180),
(1232, 346, 1244, 'SJ346/CJM/13-356', 10, 10, 80, 80),
(1233, 347, 1245, 'SJ347/CJM/13-358', 5, 5, 150, 150),
(1234, 347, 1246, 'SJ347/CJM/13-358', 6, 6, 200, 200),
(1235, 347, 1247, 'SJ347/CJM/13-358', 7, 7, 300, 300),
(1236, 347, 1248, 'SJ347/CJM/13-358', 8, 8, 200, 200),
(1237, 347, 1249, 'SJ347/CJM/13-358', 9, 9, 90, 90),
(1238, 347, 1250, 'SJ347/CJM/13-358', 10, 10, 60, 60),
(1239, 348, 1251, 'SJ348/CJM/13-360', 5, 5, 0, 0),
(1240, 348, 1252, 'SJ348/CJM/13-360', 6, 6, 70, 70),
(1241, 348, 1253, 'SJ348/CJM/13-360', 7, 7, 270, 270),
(1242, 348, 1254, 'SJ348/CJM/13-360', 8, 8, 160, 160),
(1243, 348, 1255, 'SJ348/CJM/13-360', 9, 9, 0, 0),
(1244, 348, 1256, 'SJ348/CJM/13-360', 10, 10, 0, 0),
(1245, 349, 1257, 'SJ349/CJM/13-362', 5, 5, 70, 70),
(1246, 349, 1258, 'SJ349/CJM/13-362', 6, 6, 120, 120),
(1247, 349, 1259, 'SJ349/CJM/13-362', 7, 7, 195, 195),
(1248, 349, 1260, 'SJ349/CJM/13-362', 8, 8, 0, 0),
(1249, 349, 1261, 'SJ349/CJM/13-362', 9, 9, 190, 190),
(1250, 349, 1262, 'SJ349/CJM/13-362', 10, 10, 105, 105),
(1251, 350, 1263, 'SJ350/CJM/13-363', 5, 5, 145, 145),
(1252, 350, 1264, 'SJ350/CJM/13-363', 6, 6, 325, 325),
(1253, 350, 1265, 'SJ350/CJM/13-363', 7, 7, 230, 230),
(1254, 350, 1266, 'SJ350/CJM/13-363', 8, 8, 375, 375),
(1255, 350, 1267, 'SJ350/CJM/13-363', 9, 9, 75, 75),
(1256, 350, 1268, 'SJ350/CJM/13-363', 10, 10, 75, 75),
(1257, 351, 1269, 'SJ351/CJM/133-364', 5, 5, 0, 0),
(1258, 351, 1270, 'SJ351/CJM/133-364', 6, 6, 100, 100),
(1259, 351, 1271, 'SJ351/CJM/133-364', 7, 7, 25, 25),
(1260, 351, 1272, 'SJ351/CJM/133-364', 8, 8, 0, 0),
(1261, 351, 1273, 'SJ351/CJM/133-364', 9, 9, 0, 0),
(1262, 351, 1274, 'SJ351/CJM/133-364', 10, 10, 0, 0),
(1263, 352, 1275, 'SJ352/CJM/13-365', 5, 5, 0, 0),
(1264, 352, 1276, 'SJ352/CJM/13-365', 6, 6, 80, 80),
(1265, 352, 1277, 'SJ352/CJM/13-365', 7, 7, 95, 95),
(1266, 352, 1278, 'SJ352/CJM/13-365', 8, 8, 0, 0),
(1267, 352, 1279, 'SJ352/CJM/13-365', 9, 9, 5, 5),
(1268, 352, 1280, 'SJ352/CJM/13-365', 10, 10, 0, 0),
(1269, 353, 1281, 'SJ353/CJM/13-365', 5, 5, 110, 110),
(1270, 353, 1282, 'SJ353/CJM/13-365', 6, 6, 0, 0),
(1271, 353, 1283, 'SJ353/CJM/13-365', 7, 7, 0, 0),
(1272, 353, 1284, 'SJ353/CJM/13-365', 8, 8, 0, 0),
(1273, 353, 1285, 'SJ353/CJM/13-365', 9, 9, 0, 0),
(1274, 353, 1286, 'SJ353/CJM/13-365', 10, 10, 0, 0),
(1275, 354, 1287, 'SJ354/CJM/13-367', 5, 5, 30, 30),
(1276, 354, 1288, 'SJ354/CJM/13-367', 6, 6, 0, 0),
(1277, 354, 1289, 'SJ354/CJM/13-367', 7, 7, 220, 220),
(1278, 354, 1290, 'SJ354/CJM/13-367', 8, 8, 0, 0),
(1279, 354, 1291, 'SJ354/CJM/13-367', 9, 9, 25, 25),
(1280, 354, 1292, 'SJ354/CJM/13-367', 10, 10, 0, 0),
(1281, 355, 1293, 'SJ355/CJM/13-350', 6, 6, 0, 0),
(1282, 355, 1294, 'SJ355/CJM/13-350', 7, 7, 0, 0),
(1283, 355, 1295, 'SJ355/CJM/13-350', 8, 8, 80, 80),
(1284, 355, 1296, 'SJ355/CJM/13-350', 9, 9, 0, 0),
(1285, 355, 1297, 'SJ355/CJM/13-350', 10, 10, 0, 0),
(1286, 355, 1298, 'SJ355/CJM/13-350', 11, 11, 0, 0),
(1287, 356, 1299, 'SJ356/CJM/13-370', 5, 5, 0, 0),
(1288, 356, 1300, 'SJ356/CJM/13-370', 6, 6, 0, 0),
(1289, 356, 1301, 'SJ356/CJM/13-370', 7, 7, 190, 190),
(1290, 356, 1302, 'SJ356/CJM/13-370', 8, 8, 0, 0),
(1291, 356, 1303, 'SJ356/CJM/13-370', 9, 9, 0, 0),
(1292, 356, 1304, 'SJ356/CJM/13-370', 10, 10, 0, 0),
(1293, 357, 1305, 'SJ357/CJM/13-372', 5, 5, 165, 165),
(1294, 357, 1306, 'SJ357/CJM/13-372', 6, 6, 400, 400),
(1295, 357, 1307, 'SJ357/CJM/13-372', 7, 7, 565, 565),
(1296, 357, 1308, 'SJ357/CJM/13-372', 8, 8, 60, 60),
(1297, 357, 1309, 'SJ357/CJM/13-372', 9, 9, 50, 50),
(1298, 357, 1310, 'SJ357/CJM/13-372', 10, 10, 40, 40),
(1299, 358, 1311, 'SJ358/CJM/13-371', 5, 5, 0, 0),
(1300, 358, 1312, 'SJ358/CJM/13-371', 6, 6, 150, 150),
(1301, 358, 1313, 'SJ358/CJM/13-371', 7, 7, 150, 150),
(1302, 358, 1314, 'SJ358/CJM/13-371', 8, 8, 195, 195),
(1303, 358, 1315, 'SJ358/CJM/13-371', 9, 9, 0, 0),
(1304, 358, 1316, 'SJ358/CJM/13-371', 10, 10, 0, 0),
(1305, 359, 1317, 'SJ359/CJM/13-373', 5, 5, 0, 0),
(1306, 359, 1318, 'SJ359/CJM/13-373', 6, 6, 0, 0),
(1307, 359, 1319, 'SJ359/CJM/13-373', 7, 7, 10, 10),
(1308, 359, 1320, 'SJ359/CJM/13-373', 8, 8, 0, 0),
(1309, 359, 1321, 'SJ359/CJM/13-373', 9, 9, 0, 0),
(1310, 359, 1322, 'SJ359/CJM/13-373', 10, 10, 0, 0),
(1311, 360, 1323, 'SJ360/CJM/13-374', 5, 5, 20, 20),
(1312, 360, 1324, 'SJ360/CJM/13-374', 6, 6, 130, 130),
(1313, 360, 1325, 'SJ360/CJM/13-374', 7, 7, 400, 400),
(1314, 360, 1326, 'SJ360/CJM/13-374', 8, 8, 320, 320),
(1315, 360, 1327, 'SJ360/CJM/13-374', 9, 9, 90, 90),
(1316, 360, 1328, 'SJ360/CJM/13-374', 10, 10, 40, 40),
(1317, 361, 1329, 'SJ361/CJM/13-375', 5, 5, 20, 20),
(1318, 361, 1330, 'SJ361/CJM/13-375', 6, 6, 130, 130),
(1319, 361, 1331, 'SJ361/CJM/13-375', 7, 7, 60, 60),
(1320, 361, 1332, 'SJ361/CJM/13-375', 8, 8, 0, 0),
(1321, 361, 1333, 'SJ361/CJM/13-375', 9, 9, 0, 0),
(1322, 361, 1334, 'SJ361/CJM/13-375', 10, 10, 40, 40),
(1323, 362, 1335, 'SJ362/CJM/13-376', 5, 5, 0, 0),
(1324, 362, 1336, 'SJ362/CJM/13-376', 6, 6, 0, 0),
(1325, 362, 1337, 'SJ362/CJM/13-376', 7, 7, 75, 75),
(1326, 362, 1338, 'SJ362/CJM/13-376', 8, 8, 180, 180),
(1327, 362, 1339, 'SJ362/CJM/13-376', 9, 9, 0, 0),
(1328, 362, 1340, 'SJ362/CJM/13-376', 10, 10, 0, 0),
(1329, 363, 1341, 'SJ363/CJM/13-375', 5, 5, 0, 0),
(1330, 363, 1342, 'SJ363/CJM/13-375', 6, 6, 0, 0),
(1331, 363, 1343, 'SJ363/CJM/13-375', 7, 7, 335, 335),
(1332, 363, 1344, 'SJ363/CJM/13-375', 8, 8, 220, 220),
(1333, 363, 1345, 'SJ363/CJM/13-375', 9, 9, 90, 90),
(1334, 363, 1346, 'SJ363/CJM/13-375', 10, 10, 0, 0),
(1335, 364, 1347, 'SJ364/CJM/13-376', 5, 5, 30, 30),
(1336, 364, 1348, 'SJ364/CJM/13-376', 6, 6, 170, 170),
(1337, 364, 1349, 'SJ364/CJM/13-376', 7, 7, 270, 270),
(1338, 364, 1350, 'SJ364/CJM/13-376', 8, 8, 500, 500),
(1339, 364, 1351, 'SJ364/CJM/13-376', 9, 9, 140, 140),
(1340, 364, 1352, 'SJ364/CJM/13-376', 10, 10, 120, 120),
(1341, 365, 1353, 'SJ365/CJM/13-377', 5, 5, 5, 5),
(1342, 365, 1354, 'SJ365/CJM/13-377', 6, 6, 78, 78),
(1343, 365, 1355, 'SJ365/CJM/13-377', 7, 7, 28, 28),
(1344, 365, 1356, 'SJ365/CJM/13-377', 8, 8, 210, 210),
(1345, 365, 1357, 'SJ365/CJM/13-377', 9, 9, 130, 130),
(1346, 365, 1358, 'SJ365/CJM/13-377', 10, 10, 54, 54),
(1347, 366, 1359, 'SJ366/CJM/13-378', 5, 5, 190, 190),
(1348, 366, 1360, 'SJ366/CJM/13-378', 6, 6, 0, 0),
(1349, 366, 1361, 'SJ366/CJM/13-378', 7, 7, 0, 0),
(1350, 366, 1362, 'SJ366/CJM/13-378', 8, 8, 0, 0),
(1351, 366, 1363, 'SJ366/CJM/13-378', 9, 9, 0, 0),
(1352, 366, 1364, 'SJ366/CJM/13-378', 10, 10, 0, 0),
(1353, 367, 1365, 'SJ367/CJM/13-368', 5, 5, 135, 135),
(1354, 367, 1366, 'SJ367/CJM/13-368', 6, 6, 600, 600),
(1355, 367, 1367, 'SJ367/CJM/13-368', 7, 7, 500, 500),
(1356, 367, 1368, 'SJ367/CJM/13-368', 8, 8, 600, 600),
(1357, 367, 1369, 'SJ367/CJM/13-368', 9, 9, 135, 135),
(1358, 367, 1370, 'SJ367/CJM/13-368', 10, 10, 30, 30),
(1359, 368, 1371, 'SJ368/CJM/13-369', 5, 5, 0, 0),
(1360, 368, 1372, 'SJ368/CJM/13-369', 6, 6, 0, 0),
(1361, 368, 1373, 'SJ368/CJM/13-369', 7, 7, 0, 0),
(1362, 368, 1374, 'SJ368/CJM/13-369', 8, 8, 0, 0),
(1363, 368, 1375, 'SJ368/CJM/13-369', 9, 9, 225, 225),
(1364, 368, 1376, 'SJ368/CJM/13-369', 10, 10, 280, 280),
(1365, 369, 1377, 'SJ369/CJM/13-369', 5, 5, 0, 0),
(1366, 369, 1378, 'SJ369/CJM/13-369', 6, 6, 50, 50),
(1367, 369, 1379, 'SJ369/CJM/13-369', 7, 7, 190, 190),
(1368, 369, 1380, 'SJ369/CJM/13-369', 8, 8, 300, 300),
(1369, 369, 1381, 'SJ369/CJM/13-369', 9, 9, 0, 0),
(1370, 369, 1382, 'SJ369/CJM/13-369', 10, 10, 0, 0),
(1371, 370, 1383, 'SJ370/CJM/13-380', 6, 6, 75, 75),
(1372, 370, 1384, 'SJ370/CJM/13-380', 7, 7, 115, 115),
(1373, 370, 1385, 'SJ370/CJM/13-380', 8, 8, 125, 125),
(1374, 370, 1386, 'SJ370/CJM/13-380', 9, 9, 95, 95),
(1375, 370, 1387, 'SJ370/CJM/13-380', 10, 10, 50, 50),
(1376, 370, 1388, 'SJ370/CJM/13-380', 11, 11, 40, 40),
(1377, 371, 1389, 'SJ371/CJM/13-381', 5, 5, 30, 30),
(1378, 371, 1390, 'SJ371/CJM/13-381', 6, 6, 22, 22),
(1379, 371, 1391, 'SJ371/CJM/13-381', 7, 7, 82, 82),
(1380, 371, 1392, 'SJ371/CJM/13-381', 8, 8, 250, 250),
(1381, 371, 1393, 'SJ371/CJM/13-381', 9, 9, 20, 20),
(1382, 371, 1394, 'SJ371/CJM/13-381', 10, 10, 56, 56),
(1383, 372, 1395, 'SJ372/CJM/13-382', 5, 5, 0, 0),
(1384, 372, 1396, 'SJ372/CJM/13-382', 6, 6, 0, 0),
(1385, 372, 1397, 'SJ372/CJM/13-382', 7, 7, 0, 0),
(1386, 372, 1398, 'SJ372/CJM/13-382', 8, 8, 100, 100),
(1387, 372, 1399, 'SJ372/CJM/13-382', 9, 9, 310, 310),
(1388, 372, 1400, 'SJ372/CJM/13-382', 10, 10, 160, 160),
(1389, 373, 1401, 'SJ373/CJM/13-384', 5, 5, 20, 20),
(1390, 373, 1402, 'SJ373/CJM/13-384', 6, 6, 80, 80),
(1391, 373, 1403, 'SJ373/CJM/13-384', 7, 7, 100, 100),
(1392, 373, 1404, 'SJ373/CJM/13-384', 8, 8, 300, 300),
(1393, 373, 1405, 'SJ373/CJM/13-384', 9, 9, 0, 0),
(1394, 373, 1406, 'SJ373/CJM/13-384', 10, 10, 0, 0),
(1395, 374, 1407, 'SJ374/CJM/13-385', 5, 5, 10, 10),
(1396, 374, 1408, 'SJ374/CJM/13-385', 6, 6, 20, 20),
(1397, 374, 1409, 'SJ374/CJM/13-385', 7, 7, 60, 60),
(1398, 374, 1410, 'SJ374/CJM/13-385', 8, 8, 40, 40),
(1399, 374, 1411, 'SJ374/CJM/13-385', 9, 9, 50, 50),
(1400, 374, 1412, 'SJ374/CJM/13-385', 10, 10, 20, 20),
(1401, 375, 1413, 'SJ375/CJM/13-386', 5, 5, 41, 41),
(1402, 375, 1414, 'SJ375/CJM/13-386', 6, 6, 63, 63),
(1403, 375, 1415, 'SJ375/CJM/13-386', 7, 7, 108, 108),
(1404, 375, 1416, 'SJ375/CJM/13-386', 8, 8, 149, 149),
(1405, 375, 1417, 'SJ375/CJM/13-386', 9, 9, 108, 108),
(1406, 375, 1418, 'SJ375/CJM/13-386', 10, 10, 52, 52),
(1407, 375, 1419, 'SJ375/CJM/13-386', 11, 11, 11, 11),
(1408, 376, 1420, 'SJ376/CJM/13-387', 5, 5, 110, 110),
(1409, 376, 1421, 'SJ376/CJM/13-387', 6, 6, 16, 16),
(1410, 376, 1422, 'SJ376/CJM/13-387', 7, 7, 50, 50),
(1411, 376, 1423, 'SJ376/CJM/13-387', 8, 8, 75, 75),
(1412, 376, 1424, 'SJ376/CJM/13-387', 9, 9, 95, 95),
(1413, 376, 1425, 'SJ376/CJM/13-387', 10, 10, 175, 175),
(1414, 376, 1426, 'SJ376/CJM/13-387', 11, 11, 10, 10),
(1415, 377, 1427, 'SJ377/CJM/13-361', 5, 5, 20, 20),
(1416, 377, 1428, 'SJ377/CJM/13-361', 6, 6, 130, 130),
(1417, 377, 1429, 'SJ377/CJM/13-361', 7, 7, 70, 70),
(1418, 377, 1430, 'SJ377/CJM/13-361', 8, 8, 0, 0),
(1419, 377, 1431, 'SJ377/CJM/13-361', 9, 9, 90, 90),
(1420, 377, 1432, 'SJ377/CJM/13-361', 10, 10, 40, 40),
(1421, 378, 1433, 'SJ378/CJM/13-366', 5, 5, 0, 0),
(1422, 378, 1434, 'SJ378/CJM/13-366', 6, 6, 0, 0),
(1423, 378, 1435, 'SJ378/CJM/13-366', 7, 7, 330, 330),
(1424, 378, 1436, 'SJ378/CJM/13-366', 8, 8, 320, 320),
(1425, 378, 1437, 'SJ378/CJM/13-366', 9, 9, 0, 0),
(1426, 378, 1438, 'SJ378/CJM/13-366', 10, 10, 0, 0),
(1427, 379, 1439, 'SJ379/CJM/13-388', 5, 5, 26, 26),
(1428, 379, 1440, 'SJ379/CJM/13-388', 6, 6, 236, 236),
(1429, 379, 1441, 'SJ379/CJM/13-388', 7, 7, 430, 430),
(1430, 379, 1442, 'SJ379/CJM/13-388', 8, 8, 538, 538),
(1431, 379, 1443, 'SJ379/CJM/13-388', 9, 9, 395, 395),
(1432, 379, 1444, 'SJ379/CJM/13-388', 10, 10, 83, 83),
(1433, 379, 1445, 'SJ379/CJM/13-388', 11, 11, 0, 0),
(1434, 380, 1446, 'SJ380/CJM/13-389', 5, 5, 31, 31),
(1435, 380, 1447, 'SJ380/CJM/13-389', 6, 6, 29, 29),
(1436, 380, 1448, 'SJ380/CJM/13-389', 7, 7, 19, 19),
(1437, 380, 1449, 'SJ380/CJM/13-389', 8, 8, 63, 63),
(1438, 380, 1450, 'SJ380/CJM/13-389', 9, 9, 29, 29),
(1439, 380, 1451, 'SJ380/CJM/13-389', 10, 10, 0, 0),
(1440, 380, 1452, 'SJ380/CJM/13-389', 11, 11, 58, 58),
(1441, 381, 1453, 'SJ381/CJM/13-390', 5, 5, 0, 0),
(1442, 381, 1454, 'SJ381/CJM/13-390', 6, 6, 0, 0),
(1443, 381, 1455, 'SJ381/CJM/13-390', 7, 7, 5, 5),
(1444, 381, 1456, 'SJ381/CJM/13-390', 8, 8, 100, 100),
(1445, 381, 1457, 'SJ381/CJM/13-390', 9, 9, 0, 0),
(1446, 381, 1458, 'SJ381/CJM/13-390', 10, 10, 0, 0),
(1447, 382, 1459, 'SJ382/CJM/13-391', 5, 5, 0, 0),
(1448, 382, 1460, 'SJ382/CJM/13-391', 6, 6, 0, 0),
(1449, 382, 1461, 'SJ382/CJM/13-391', 7, 7, 30, 30),
(1450, 382, 1462, 'SJ382/CJM/13-391', 8, 8, 0, 0),
(1451, 382, 1463, 'SJ382/CJM/13-391', 9, 9, 200, 200),
(1452, 382, 1464, 'SJ382/CJM/13-391', 10, 10, 120, 120),
(1453, 383, 1465, 'SJ383/CJM/13-392', 5, 5, 90, 90),
(1454, 383, 1466, 'SJ383/CJM/13-392', 6, 6, 30, 30),
(1455, 383, 1467, 'SJ383/CJM/13-392', 7, 7, 210, 210),
(1456, 383, 1468, 'SJ383/CJM/13-392', 8, 8, 200, 200),
(1457, 383, 1469, 'SJ383/CJM/13-392', 9, 9, 150, 150),
(1458, 383, 1470, 'SJ383/CJM/13-392', 10, 10, 180, 180),
(1459, 384, 1471, 'SJ384/CJM/13-393', 5, 5, 0, 0),
(1460, 384, 1472, 'SJ384/CJM/13-393', 6, 6, 0, 0),
(1461, 384, 1473, 'SJ384/CJM/13-393', 7, 7, 110, 110),
(1462, 384, 1474, 'SJ384/CJM/13-393', 8, 8, 165, 165),
(1463, 384, 1475, 'SJ384/CJM/13-393', 9, 9, 20, 20),
(1464, 384, 1476, 'SJ384/CJM/13-393', 10, 10, 65, 65),
(1465, 385, 1477, 'SJ385/CJM/13-394', 5, 5, 0, 0),
(1466, 385, 1478, 'SJ385/CJM/13-394', 6, 6, 150, 150),
(1467, 385, 1479, 'SJ385/CJM/13-394', 7, 7, 220, 220),
(1468, 385, 1480, 'SJ385/CJM/13-394', 8, 8, 100, 100),
(1469, 385, 1481, 'SJ385/CJM/13-394', 9, 9, 95, 95),
(1470, 385, 1482, 'SJ385/CJM/13-394', 10, 10, 0, 0),
(1471, 386, 1483, 'SJ386/CJM/13-395', 5, 5, 0, 0),
(1472, 386, 1484, 'SJ386/CJM/13-395', 6, 6, 320, 320),
(1473, 386, 1485, 'SJ386/CJM/13-395', 7, 7, 30, 30),
(1474, 386, 1486, 'SJ386/CJM/13-395', 8, 8, 0, 0),
(1475, 386, 1487, 'SJ386/CJM/13-395', 9, 9, 0, 0),
(1476, 386, 1488, 'SJ386/CJM/13-395', 10, 10, 0, 0),
(1477, 387, 1489, 'SJ387/CJM/13-396', 5, 5, 37, 37),
(1478, 387, 1490, 'SJ387/CJM/13-396', 6, 6, 323, 323),
(1479, 387, 1491, 'SJ387/CJM/13-396', 7, 7, 316, 316),
(1480, 387, 1492, 'SJ387/CJM/13-396', 8, 8, 294, 294),
(1481, 387, 1493, 'SJ387/CJM/13-396', 9, 9, 128, 128),
(1482, 387, 1494, 'SJ387/CJM/13-396', 10, 10, 7, 7),
(1483, 388, 1495, 'SJ388/CJM/13-398', 5, 5, 20, 20),
(1484, 388, 1496, 'SJ388/CJM/13-398', 6, 6, 120, 120),
(1485, 388, 1497, 'SJ388/CJM/13-398', 7, 7, 300, 300),
(1486, 388, 1498, 'SJ388/CJM/13-398', 8, 8, 400, 400),
(1487, 388, 1499, 'SJ388/CJM/13-398', 9, 9, 220, 220),
(1488, 388, 1500, 'SJ388/CJM/13-398', 10, 10, 85, 85),
(1489, 389, 1501, 'SJ389/CJM/13-397', 5, 5, 160, 160),
(1490, 389, 1502, 'SJ389/CJM/13-397', 6, 6, 170, 170),
(1491, 389, 1503, 'SJ389/CJM/13-397', 7, 7, 400, 400),
(1492, 389, 1504, 'SJ389/CJM/13-397', 8, 8, 300, 300),
(1493, 390, 1505, 'SJ390/CJM/13-400', 5, 5, 0, 0),
(1494, 390, 1506, 'SJ390/CJM/13-400', 6, 6, 0, 0),
(1495, 390, 1507, 'SJ390/CJM/13-400', 7, 7, 250, 250),
(1496, 390, 1508, 'SJ390/CJM/13-400', 8, 8, 315, 315),
(1497, 390, 1509, 'SJ390/CJM/13-400', 9, 9, 100, 100),
(1498, 390, 1510, 'SJ390/CJM/13-400', 10, 10, 0, 0),
(1499, 391, 1511, 'SJ391/CJM/13-399', 5, 5, 0, 0),
(1500, 391, 1512, 'SJ391/CJM/13-399', 6, 6, 0, 0),
(1501, 391, 1513, 'SJ391/CJM/13-399', 7, 7, 30, 30),
(1502, 391, 1514, 'SJ391/CJM/13-399', 8, 8, 30, 30),
(1503, 391, 1515, 'SJ391/CJM/13-399', 9, 9, 120, 120),
(1504, 391, 1516, 'SJ391/CJM/13-399', 10, 10, 70, 70),
(1505, 392, 1517, 'SJ392/CJM/13-401', 5, 5, 0, 0),
(1506, 392, 1518, 'SJ392/CJM/13-401', 6, 6, 52, 52),
(1507, 392, 1519, 'SJ392/CJM/13-401', 7, 7, 15, 15),
(1508, 392, 1520, 'SJ392/CJM/13-401', 8, 8, 95, 95),
(1509, 392, 1521, 'SJ392/CJM/13-401', 9, 9, 0, 0),
(1510, 392, 1522, 'SJ392/CJM/13-401', 10, 10, 47, 47),
(1511, 393, 1523, 'SJ393/CJM/13-402', 5, 5, 0, 0),
(1512, 393, 1524, 'SJ393/CJM/13-402', 6, 6, 0, 0),
(1513, 393, 1525, 'SJ393/CJM/13-402', 7, 7, 80, 80),
(1514, 393, 1526, 'SJ393/CJM/13-402', 8, 8, 20, 20),
(1515, 393, 1527, 'SJ393/CJM/13-402', 9, 9, 185, 185),
(1516, 393, 1528, 'SJ393/CJM/13-402', 10, 10, 0, 0),
(1517, 394, 1529, 'SJ394/CJM/13-403', 5, 5, 140, 140),
(1518, 394, 1530, 'SJ394/CJM/13-403', 6, 6, 337, 337),
(1519, 394, 1531, 'SJ394/CJM/13-403', 7, 7, 325, 325),
(1520, 394, 1532, 'SJ394/CJM/13-403', 8, 8, 200, 200),
(1521, 395, 1533, 'SJ395/CJM/13-404', 5, 5, 0, 0),
(1522, 395, 1534, 'SJ395/CJM/13-404', 6, 6, 0, 0),
(1523, 395, 1535, 'SJ395/CJM/13-404', 7, 7, 30, 30),
(1524, 395, 1536, 'SJ395/CJM/13-404', 8, 8, 40, 40),
(1525, 395, 1537, 'SJ395/CJM/13-404', 9, 9, 20, 20),
(1526, 395, 1538, 'SJ395/CJM/13-404', 10, 10, 0, 0),
(1527, 396, 1539, 'SJ396/CJM/13-406', 5, 5, 113, 113),
(1528, 396, 1540, 'SJ396/CJM/13-406', 6, 6, 20, 20),
(1529, 396, 1541, 'SJ396/CJM/13-406', 7, 7, 174, 174),
(1530, 396, 1542, 'SJ396/CJM/13-406', 8, 8, 6, 6),
(1531, 396, 1543, 'SJ396/CJM/13-406', 9, 9, 12, 12),
(1532, 396, 1544, 'SJ396/CJM/13-406', 10, 10, 0, 0),
(1533, 397, 1545, 'SJ397/CJM/13-408', 5, 5, 30, 30),
(1534, 397, 1546, 'SJ397/CJM/13-408', 6, 6, 180, 180),
(1535, 397, 1547, 'SJ397/CJM/13-408', 7, 7, 170, 170),
(1536, 397, 1548, 'SJ397/CJM/13-408', 8, 8, 255, 255),
(1537, 397, 1549, 'SJ397/CJM/13-408', 9, 9, 110, 110),
(1538, 397, 1550, 'SJ397/CJM/13-408', 10, 10, 140, 140),
(1539, 398, 1551, 'SJ398/CJM/13-405', 5, 5, 190, 190),
(1540, 398, 1552, 'SJ398/CJM/13-405', 6, 6, 300, 300),
(1541, 398, 1553, 'SJ398/CJM/13-405', 7, 7, 80, 80),
(1542, 398, 1554, 'SJ398/CJM/13-405', 8, 8, 300, 300),
(1543, 398, 1555, 'SJ398/CJM/13-405', 9, 9, 130, 130),
(1544, 399, 1556, 'SJ399/CJM/13-409', 7, 7, 80, 80),
(1545, 399, 1557, 'SJ399/CJM/13-409', 8, 8, 290, 290),
(1546, 399, 1558, 'SJ399/CJM/13-409', 9, 9, 130, 130),
(1547, 400, NULL, NULL, NULL, 1, NULL, 5),
(1548, 400, NULL, NULL, NULL, 2, NULL, 5),
(1549, 400, NULL, NULL, NULL, 3, NULL, 5),
(1550, 400, NULL, NULL, NULL, 4, NULL, 5),
(1551, 400, NULL, NULL, NULL, 5, NULL, 5),
(1552, 400, NULL, NULL, NULL, 6, NULL, 5),
(1553, 400, NULL, NULL, NULL, 7, NULL, 5),
(1554, 400, NULL, NULL, NULL, 8, NULL, 5),
(1555, 400, NULL, NULL, NULL, 9, NULL, 5),
(1556, 400, NULL, NULL, NULL, 10, NULL, 5),
(1557, 400, NULL, NULL, NULL, 11, NULL, 5),
(1558, 400, NULL, NULL, NULL, 12, NULL, 5),
(1559, 400, NULL, NULL, NULL, 13, NULL, 5);

-- --------------------------------------------------------

--
-- Struktur dari tabel `dtb_invoice`
--

CREATE TABLE IF NOT EXISTS `dtb_invoice` (
  `id` bigint(20) unsigned NOT NULL auto_increment,
  `order_id` bigint(20) unsigned NOT NULL,
  `delivery_id` bigint(20) unsigned NOT NULL,
  `product_id` bigint(20) unsigned NOT NULL,
  `invoice_no` varchar(20) default NULL,
  `po_no` char(6) NOT NULL,
  `sj_no` varchar(20) default NULL,
  `ob_no` varchar(20) default NULL,
  `date` date default NULL,
  `invoice_date` date default NULL,
  `due_date` date default NULL,
  `qty_inv` int(11) default '0',
  `quantity` int(11) default '0',
  `price` int(11) default '0',
  `discount` int(11) default '0',
  `total` int(11) default '0',
  `ppn` int(11) default '0',
  `tax` int(11) default '0',
  `total_include_tax` int(11) default '0',
  `tt_no` char(5) default NULL,
  `bayar_no` char(5) default NULL,
  `status` tinyint(4) default '0',
  `create_date` datetime default NULL,
  `update_date` datetime default NULL,
  PRIMARY KEY  (`id`)
) ENGINE=InnoDB  DEFAULT CHARSET=utf8 AUTO_INCREMENT=399 ;

--
-- Dumping data untuk tabel `dtb_invoice`
--

INSERT INTO `dtb_invoice` (`id`, `order_id`, `delivery_id`, `product_id`, `invoice_no`, `po_no`, `sj_no`, `ob_no`, `date`, `invoice_date`, `due_date`, `qty_inv`, `quantity`, `price`, `discount`, `total`, `ppn`, `tax`, `total_include_tax`, `tt_no`, `bayar_no`, `status`, `create_date`, `update_date`) VALUES
(1, 6, 1, 2, 'FK001/CJM/BLD32', '11426', 'SJ001/CJM/11-597', '', '2011-07-14', '2011-07-14', '2011-09-14', 420, 420, 28600, 0, 12012000, 0, 0, 12012000, 'TT001', 'PD001', 1, NULL, NULL),
(2, 3, 2, 1, 'FK002/CJM/MOR23', '11967', 'SJ002/CJM/11-605', '', '2011-07-23', '2011-07-23', '2011-09-23', 610, 610, 14400, 0, 8784000, 0, 0, 8784000, 'TT001', 'PD001', 1, NULL, NULL),
(3, 3, 3, 1, 'FK003/CJM/MOR23', '11967', 'SJ003/CJM/11-604', '', '2011-07-22', '2011-07-22', '2011-09-22', 800, 800, 14400, 0, 11520000, 0, 0, 11520000, 'TT001', 'PD001', 1, NULL, NULL),
(4, 6, 4, 2, 'FK004/CJM/BLD32', '11426', 'SJ004/CJM/11-603', '', '2011-07-22', '2011-07-22', '2011-09-22', 420, 420, 28600, 0, 12012000, 0, 0, 12012000, 'TT001', 'PD001', 1, NULL, NULL),
(5, 3, 5, 1, 'FK005/CJM/MOR23', '11967', 'SJ005/CJM/11-601', '', '2011-07-20', '2011-07-20', '2011-09-20', 590, 590, 14400, 0, 8496000, 0, 0, 8496000, 'TT001', 'PD001', 1, NULL, NULL),
(6, 5, 6, 1, 'FK006/CJM/MOR23', '12443', 'SJ006/CJM/11-0102', '', '2011-07-26', '2011-07-26', '2011-09-26', 485, 485, 14400, 0, 6984000, 0, 0, 6984000, 'TT001', 'PD001', 1, NULL, NULL),
(7, 1, 7, 4, 'FK007/CJM/RMW72', '11999', 'SJ007/CJM/11-0103', '', '2011-07-26', '2011-07-26', '2011-09-26', 650, 650, 8300, 0, 5395000, 0, 0, 5395000, 'TT001', 'PD001', 1, NULL, NULL),
(8, 1, 8, 4, 'FK008/CJM/RMW72', '11999', 'SJ008/CJM/11-0107', '', '2011-07-28', '2011-07-28', '2011-09-28', 350, 350, 8300, 0, 2905000, 0, 0, 2905000, 'TT001', 'PD001', 1, NULL, NULL),
(9, 5, 9, 1, 'FK009/CJM/MOR23', '12443', 'SJ009/CJM/11-0104', '', '2011-07-28', '2011-07-28', '2011-09-28', 515, 515, 14400, 0, 7416000, 0, 0, 7416000, 'TT001', 'PD001', 1, NULL, NULL),
(10, 2, 10, 1, 'FK010/CJM/MOR23', '11663', 'SJ010/CJM/11-0106', '', '2011-07-28', '2011-07-28', '2011-09-28', 415, 415, 14400, 0, 5976000, 0, 0, 5976000, 'TT001', 'PD001', 1, NULL, NULL),
(11, 2, 11, 1, 'FK011/CJM/MOR23', '11663', 'SJ011/CJM/11-0109', '', '2011-07-30', '2011-07-30', '2011-09-30', 1085, 1085, 14400, 0, 15624000, 0, 0, 15624000, 'TT001', 'PD001', 1, NULL, NULL),
(12, 1, 12, 4, 'FK012/CJM/RMW72', '11999', 'SJ012/CJM/11-0110', '', '2011-07-30', '2011-07-30', '2011-09-30', 750, 750, 8300, 0, 6225000, 0, 0, 6225000, 'TT001', 'PD001', 1, NULL, NULL),
(13, 21, 14, 1, 'FK013/CJM/MOR23', '11990', 'SJ013/CJM/11-0112', '', '2011-08-02', '2011-08-02', '2011-10-02', 160, 160, 14400, 0, 2304000, 0, 0, 2304000, 'TT001', 'PD001', 1, NULL, NULL),
(14, 7, 15, 1, 'FK014/CJM/MOR23', '12441', 'SJ014/CJM/11-0111', '', '2011-08-02', '2011-08-02', '2011-10-02', 1000, 1000, 14400, 0, 14400000, 0, 0, 14400000, 'TT001', 'PD001', 1, NULL, NULL),
(15, 21, 16, 1, 'FK015/CJM/MOR23', '11990', 'SJ015/CJM/11', '', '2011-08-05', '2011-08-05', '2011-10-05', 1070, 1070, 14400, 0, 15408000, 0, 0, 15408000, 'TT001', 'PD001', 1, NULL, NULL),
(16, 20, 17, 1, 'FK016/CJM/MOR23', '11991', 'SJ016/CJM/11-0113', '', '2011-08-09', '2011-08-09', '2011-10-09', 1250, 1250, 14400, 0, 18000000, 0, 0, 18000000, 'TT001', 'PD001', 1, NULL, NULL),
(17, 6, 18, 2, 'FK017/CJM/BLD32', '11426', 'SJ017/CJM/11-0114', '', '2011-08-09', '2011-08-09', '2011-10-09', 460, 460, 28600, 0, 13156000, 0, 0, 13156000, 'TT001', 'PD001', 1, NULL, NULL),
(18, 21, 19, 1, 'FK018/CJM/MOR23', '11990', 'SJ018/CJM/11-0115', '', '2011-08-09', '2011-08-09', '2011-10-09', 20, 20, 14400, 0, 288000, 0, 0, 288000, 'TT001', 'PD001', 1, NULL, NULL),
(19, 6, 20, 2, 'FK019/CJM/BLD32', '11426', 'SJ019/CJM/11-0116', '', '2011-08-13', '2011-08-13', '2011-10-13', 200, 200, 28600, 0, 5720000, 0, 0, 5720000, 'TT001', 'PD002', 1, NULL, NULL),
(20, 16, 21, 2, 'FK020/CJM/BLD32', '11427', 'SJ020/CJM/11-0117', '', '2011-08-13', '2011-08-13', '2011-10-13', 530, 530, 28600, 0, 15158000, 0, 0, 15158000, 'TT001', 'PD002', 1, NULL, NULL),
(21, 16, 22, 2, 'FK021/CJM/BLD32', '11427', 'SJ021/CJM/11-0116', '', '2011-08-16', '2011-08-16', '2011-10-16', 420, 420, 28600, 0, 12012000, 0, 0, 12012000, 'TT001', 'PD002', 1, NULL, NULL),
(22, 1, 23, 4, 'FK022/CJM/RMW72', '11999', 'SJ022/CJM/11-0115', '', '2011-08-16', '2011-08-16', '2011-10-16', 250, 250, 8300, 0, 2075000, 0, 0, 2075000, 'TT001', 'PD002', 1, NULL, NULL),
(23, 18, 24, 11, 'FK023/CJM/JPE85', '11675', 'SJ023/CJM/11-0117', '', '2011-08-16', '2011-08-16', '2011-10-16', 310, 310, 31500, 0, 9765000, 0, 0, 9765000, 'TT001', 'PD002', 1, NULL, NULL),
(24, 19, 25, 12, 'FK024/CJM/JPE88', '11676', 'SJ024/CJM/11-0119', '', '2011-08-18', '2011-08-18', '2011-10-18', 350, 350, 32500, 0, 11375000, 0, 0, 11375000, 'TT001', 'PD002', 1, NULL, NULL),
(25, 18, 26, 11, 'FK025/CJM/JPE85', '11675', 'SJ025/CJM/11-0118', '', '2011-08-18', '2011-08-18', '2011-10-18', 90, 90, 31500, 0, 2835000, 0, 0, 2835000, 'TT001', 'PD002', 1, NULL, NULL),
(26, 16, 13, 2, 'FK026/CJM/BLD32', '11427', 'SJ026/CJM/11', '', '2011-08-18', '2011-08-18', '2011-10-18', 515, 515, 28600, 0, 14729000, 0, 0, 14729000, 'TT001', 'PD002', 1, NULL, NULL),
(27, 16, 27, 2, 'FK027/CJM/BLD32', '11427', 'SJ027/CJM/11', '', '2011-08-22', '2011-08-22', '2011-10-22', 35, 35, 28600, 0, 1001000, 0, 0, 1001000, 'TT001', 'PD002', 1, NULL, NULL),
(28, 17, 28, 2, 'FK028/CJM/BLD32', '11432', 'SJ028/CJM/11', '', '2011-08-22', '2011-08-22', '2011-10-22', 900, 900, 28600, 0, 25740000, 0, 0, 25740000, 'TT001', 'PD002', 1, NULL, NULL),
(29, 19, 29, 12, 'FK029/CJM/JPE88', '11676', 'SJ029/CJM/11', '', '2011-08-22', '2011-08-22', '2011-10-22', 50, 50, 32500, 0, 1625000, 0, 0, 1625000, 'TT001', 'PD002', 1, NULL, NULL),
(30, 17, 30, 2, 'FK030/CJM/BLD32', '11432', 'SJ030/CJM/11-22', '', '2011-09-08', '2011-09-08', '2011-11-08', 1000, 1000, 28600, 0, 28600000, 2860000, 2860000, 31460000, 'TT002', 'PD003', 1, NULL, NULL),
(31, 8, 31, 5, 'FK031/CJM/KRO08', '12514', 'SJ031/CJM/11-23', '', '2011-09-08', '2011-09-08', '2011-11-08', 660, 660, 12000, 0, 7920000, 792000, 792000, 8712000, 'TT002', 'PD003', 1, NULL, NULL),
(32, 9, 32, 6, 'FK032/CJM/KRO08', '12515', 'SJ032/CJM/11-24', '', '2011-09-08', '2011-09-08', '2011-11-08', 360, 360, 12000, 0, 4320000, 432000, 432000, 4752000, 'TT002', 'PD003', 1, NULL, NULL),
(33, 32, 33, 1, 'FK033/CJM/MOR23', '14081', 'SJ033/CJM/11-25', '', '2011-09-08', '2011-09-08', '2011-11-08', 1000, 1000, 14400, 0, 14400000, 1440000, 1440000, 15840000, 'TT002', 'PD003', 1, NULL, NULL),
(34, 10, 34, 4, 'FK034/CJM/RMW72', '13379', 'SJ034/CJM/11-27', '', '2011-09-12', '2011-09-12', '2011-11-12', 1500, 1500, 8300, 0, 12450000, 1245000, 1245000, 13695000, 'TT002', 'PD003', 1, NULL, NULL),
(35, 30, 35, 1, 'FK035/CJM/MOR23', '14083', 'SJ035/CJM/11-27', '', '2011-09-12', '2011-09-12', '2011-11-12', 1085, 1085, 14400, 0, 15624000, 1562400, 1562400, 17186400, 'TT002', 'PD003', 1, NULL, NULL),
(36, 8, 36, 5, 'FK036/CJM/KRO08', '12514', 'SJ036/CJM/11-28', '', '2011-09-15', '2011-09-15', '2011-11-15', 245, 245, 12000, 0, 2940000, 294000, 294000, 3234000, 'TT002', 'PD004', 1, NULL, NULL),
(37, 9, 37, 6, 'FK037/CJM/KRO08', '12515', 'SJ037/CJM/11-28', '', '2011-09-15', '2011-09-15', '2011-11-15', 510, 510, 12000, 0, 6120000, 612000, 612000, 6732000, 'TT002', 'PD004', 1, NULL, NULL),
(38, 23, 38, 4, 'FK038/CJM/RMW72', '13660', 'SJ038/CJM/11-29', '', '2011-09-15', '2011-09-15', '2011-11-15', 850, 850, 8300, 0, 7055000, 705500, 705500, 7760500, 'TT002', 'PD004', 1, NULL, NULL),
(39, 17, 39, 2, 'FK039/CJM/BLD32', '11432', 'SJ039/CJM/11-30', '', '2011-09-19', '2011-09-19', '2011-11-19', 100, 100, 28600, 0, 2860000, 286000, 286000, 3146000, 'TT002', 'PD004', 1, NULL, NULL),
(40, 8, 40, 5, 'FK040/CJM/KRO08', '12514', 'SJ040/CJM/11-31', '', '2011-09-19', '2011-09-19', '2011-11-19', 95, 95, 12000, 0, 1140000, 114000, 114000, 1254000, 'TT002', 'PD004', 1, NULL, NULL),
(41, 9, 41, 6, 'FK041/CJM/KRO08', '12515', 'SJ041/CJM/11-32', '', '2011-09-19', '2011-09-19', '2011-11-19', 130, 130, 12000, 0, 1560000, 156000, 156000, 1716000, 'TT002', 'PD004', 1, NULL, NULL),
(42, 31, 42, 1, 'FK042/CJM/MOR23', '14084', 'SJ042/CJM/11-34', '', '2011-09-19', '2011-09-19', '2011-11-19', 360, 360, 14400, 0, 5184000, 518400, 518400, 5702400, 'TT002', 'PD004', 1, NULL, NULL),
(43, 23, 43, 4, 'FK043/CJM/RMW72', '13660', 'SJ043/CJM/11-35', '', '2011-09-19', '2011-09-19', '2011-11-19', 400, 400, 8300, 0, 3320000, 332000, 332000, 3652000, 'TT002', 'PD004', 1, NULL, NULL),
(44, 30, 44, 1, 'FK044/CJM/MOR23', '14083', 'SJ044/CJM/11', '', '2011-09-19', '2011-09-19', '2011-11-19', 340, 340, 14400, 0, 4896000, 489600, 489600, 5385600, 'TT002', 'PD004', 1, NULL, NULL),
(45, 32, 45, 1, 'FK045/CJM/MOR23', '14081', 'SJ045/CJM/11', '', '2011-09-19', '2011-09-19', '2011-11-19', 425, 425, 14400, 0, 6120000, 612000, 612000, 6732000, 'TT002', 'PD004', 1, NULL, NULL),
(46, 26, 46, 4, 'FK047/CJM/RMW72', '13663', 'SJ047/CJM/11-34', '', '2011-09-26', '2011-09-26', '2011-11-26', 585, 585, 8300, 0, 4855500, 485550, 485550, 5341050, 'TT002', 'PD005', 1, NULL, NULL),
(47, 14, 47, 9, 'FK046/CJM/MOR10', '12734', 'SJ046/CJM/11-36', '', '2011-09-19', '2011-09-19', '2011-11-19', 340, 340, 44000, 0, 14960000, 1496000, 1496000, 16456000, 'TT002', 'PD004', 1, NULL, NULL),
(48, 14, 48, 9, 'FK048/CJM/MOR10', '12734', 'SJ048/CJM/11-35', '', '2011-09-26', '2011-09-26', '2011-11-26', 181, 181, 44000, 0, 7964000, 796400, 796400, 8760400, 'TT002', 'PD005', 1, NULL, NULL),
(49, 13, 49, 8, 'FK049/CJM/MOR10', '11604', 'SJ049/CJM/11-37', '', '2011-09-29', '2011-09-29', '2011-11-29', 340, 340, 44000, 0, 14960000, 1496000, 1496000, 16456000, 'TT002', 'PD005', 1, NULL, NULL),
(50, 14, 50, 9, 'FK050/CJM/MOR10', '12734', 'SJ050/CJM/11-36', '', '2011-09-29', '2011-09-29', '2011-11-29', 192, 192, 44000, 0, 8448000, 844800, 844800, 9292800, 'TT003', 'PD006', 1, NULL, NULL),
(51, 14, 51, 9, 'FK051/CJM/MOR10', '12734', 'SJ051/CJM/11-38', '', '2011-10-04', '2011-10-04', '2011-12-04', 78, 78, 44000, 0, 3432000, 343200, 343200, 3775200, 'TT003', 'PD006', 1, NULL, NULL),
(52, 15, 52, 10, 'FK052/CJM/MOR10', '12733', 'SJ052/CJM/11-39', '', '2011-10-04', '2011-10-04', '2011-12-04', 350, 350, 44000, 0, 15400000, 1540000, 1540000, 16940000, 'TT003', 'PD006', 1, NULL, NULL),
(53, 13, 53, 8, 'FK053/CJM/MOR10', '11604', 'SJ053/CJM/11-40', '', '2011-10-04', '2011-10-04', '2011-12-04', 360, 360, 44000, 0, 15840000, 1584000, 1584000, 17424000, 'TT003', 'PD006', 1, NULL, NULL),
(54, 15, 54, 10, 'FK054/CJM/MOR10', '12733', 'SJ054/CJM/11-41', '', '2011-10-06', '2011-10-06', '2011-12-06', 140, 140, 44000, 0, 6160000, 616000, 616000, 6776000, 'TT003', 'PD006', 1, NULL, NULL),
(55, 15, 55, 10, 'FK055/CJM/MOR10', '12733', 'SJ055/CJM/11-42', '', '2011-10-07', '2011-10-07', '2011-12-07', 20, 20, 44000, 0, 880000, 88000, 88000, 968000, 'TT003', 'PD006', 1, NULL, NULL),
(56, 31, 56, 1, 'FK056/CJM/MOR23', '14084', 'SJ056/CJM/11-44', '', '2011-10-12', '2011-10-12', '2011-12-12', 40, 40, 14400, 0, 576000, 57600, 57600, 633600, 'TT003', 'PD006', 1, NULL, NULL),
(57, 15, 57, 10, 'FK057/CJM/MOR10', '12733', 'SJ057/CJM/11-45', '', '2011-10-12', '2011-10-12', '2011-12-12', 55, 55, 44000, 0, 2420000, 242000, 242000, 2662000, 'TT003', 'PD006', 1, NULL, NULL),
(58, 33, 58, 1, 'FK058/CJM/MOR23', '14921', 'SJ058/CJM/11-46', '', '2011-10-12', '2011-10-12', '2011-12-12', 1500, 1500, 14400, 0, 21600000, 2160000, 2160000, 23760000, 'TT003', 'PD006', 1, NULL, NULL),
(59, 33, 59, 1, 'FK059/CJM/MOR23', '14921', 'SJ059/CJM/11-49', '', '2011-10-14', '2011-10-14', '2011-12-14', 500, 500, 14400, 0, 7200000, 720000, 720000, 7920000, 'TT003', 'PD007', 1, NULL, NULL),
(60, 34, 60, 1, 'FK060/CJM/MOR23', '14922', 'SJ060/CJM/11-50', '', '2011-10-14', '2011-10-14', '2011-12-14', 430, 430, 14400, 0, 6192000, 619200, 619200, 6811200, 'TT003', 'PD007', 1, NULL, NULL),
(61, 12, 61, 7, 'FK061/CJM/MOR10', '11603', 'SJ061/CJM/11-49', '', '2011-10-18', '2011-10-18', '2011-12-18', 255, 255, 44000, 0, 11220000, 1122000, 1122000, 12342000, 'TT003', 'PD007', 1, NULL, NULL),
(62, 34, 62, 1, 'FK062/CJM/MOR23', '14922', 'SJ062/CJM/11-50', '', '2011-10-18', '2011-10-18', '2011-12-18', 1410, 1410, 14400, 0, 20304000, 2030400, 2030400, 22334400, 'TT003', 'PD007', 1, NULL, NULL),
(63, 25, 63, 4, 'FK063/CJM/RMW72', '13662', 'SJ063/CJM/11-52', '', '2011-10-21', '2011-10-21', '2011-12-21', 665, 665, 8300, 0, 5519500, 551950, 551950, 6071450, 'TT003', 'PD007', 1, NULL, NULL),
(64, 22, 64, 13, 'FK064/CJM/JAZ26', '13766', 'SJ064/CJM/11-54', '', '2011-10-21', '2011-10-21', '2011-12-21', 800, 800, 39500, 0, 31600000, 3160000, 3160000, 34760000, 'TT003', 'PD007', 1, NULL, NULL),
(65, 28, 65, 14, 'FK065/CJM/MOR23', '14479', 'SJ065/CJM/11-55', '', '2011-10-21', '2011-10-21', '2011-12-21', 1000, 1000, 14400, 0, 14400000, 1440000, 1440000, 15840000, 'TT003', 'PD007', 1, NULL, NULL),
(66, 35, 66, 1, 'FK066/CJM/MOR23', '14923', 'SJ066/CJM/11-56', '', '2011-10-21', '2011-10-21', '2011-12-21', 630, 630, 14400, 0, 9072000, 907200, 907200, 9979200, 'TT003', 'PD007', 1, NULL, NULL),
(67, 13, 67, 8, 'FK067/CJM/MOR10', '11604', 'SJ067/CJM/11-57', '', '2011-10-21', '2011-10-21', '2011-12-21', 35, 35, 44000, 0, 1540000, 154000, 154000, 1694000, 'TT003', 'PD007', 1, NULL, NULL),
(68, 12, 68, 7, 'FK068/CJM/MOR10', '11603', 'SJ068/CJM/11-58', '', '2011-10-21', '2011-10-21', '2011-12-21', 165, 165, 44000, 0, 7260000, 726000, 726000, 7986000, 'TT003', 'PD007', 1, NULL, NULL),
(69, 25, 69, 4, 'FK069/CJM/RMW72', '13662', 'SJ069/CJM/11-59', '', '2011-10-24', '2011-10-24', '2011-12-24', 585, 585, 8300, 0, 4855500, 485550, 485550, 5341050, 'TT003', 'PD007', 1, NULL, NULL),
(70, 26, 70, 4, 'FK070/CJM/RMW72', '13663', 'SJ070/CJM/11-60', '', '2011-10-24', '2011-10-24', '2011-12-24', 15, 15, 8300, 0, 124500, 12450, 12450, 136950, 'TT003', 'PD007', 1, NULL, NULL),
(71, 35, 71, 1, 'FK071/CJM/MOR23', '14923', 'SJ071/CJM/11-61', '', '2011-10-24', '2011-10-24', '2011-12-24', 370, 370, 14400, 0, 5328000, 532800, 532800, 5860800, 'TT003', 'PD007', 1, NULL, NULL),
(72, 12, 72, 7, 'FK072/CJM/MOR10', '11603', 'SJ072/CJM/11-63', '', '2011-10-24', '2011-10-24', '2011-12-24', 250, 250, 44000, 0, 11000000, 1100000, 1100000, 12100000, 'TT003', 'PD007', 1, NULL, NULL),
(73, 38, 73, 4, 'FK073/CJM/RMW72', '15172', 'SJ073/CJM/11-64', '', '2011-10-26', '2011-10-26', '2011-12-26', 990, 990, 8300, 0, 8217000, 821700, 821700, 9038700, 'TT003', 'PD007', 1, NULL, NULL),
(74, 13, 74, 8, 'FK074/CJM/MOR10', '11604', 'SJ074/CJM/11-67', '', '2011-10-26', '2011-10-26', '2011-12-26', 23, 23, 44000, 0, 1012000, 101200, 101200, 1113200, 'TT003', 'PD007', 1, NULL, NULL),
(75, 12, 75, 7, 'FK075/CJM/MOR10', '11603', 'SJ075/CJM/11-68', '', '2011-10-26', '2011-10-26', '2011-12-26', 140, 140, 44000, 0, 6160000, 616000, 616000, 6776000, 'TT003', 'PD007', 1, NULL, NULL),
(76, 41, 76, 1, 'FK076/CJM/MOR23', '15796', 'SJ076/CJM/11-70', '', '2011-10-28', '2011-10-28', '2011-12-28', 1135, 1135, 14400, 0, 16344000, 1634400, 1634400, 17978400, 'TT003', 'PD007', 1, NULL, NULL),
(77, 13, 77, 8, 'FK077/CJM/MOR10', '11604', 'SJ077/CJM/11-71', '', '2011-10-28', '2011-10-28', '2011-12-28', 22, 22, 44000, 0, 968000, 96800, 96800, 1064800, 'TT003', 'PD007', 1, NULL, NULL),
(78, 39, 78, 4, 'FK078/CJM/RMW72', '15173', 'SJ078/CJM/11-72', '', '2011-10-31', '2011-10-31', '2011-12-31', 1500, 1500, 8300, 0, 12450000, 1245000, 1245000, 13695000, 'TT003', 'PD008', 1, NULL, NULL),
(79, 41, 79, 1, 'FK079/CJM/MOR23', '15796', 'SJ079/CJM/11-73', '', '2011-10-31', '2011-10-31', '2011-12-31', 865, 865, 14400, 0, 12456000, 1245600, 1245600, 13701600, 'TT003', 'PD008', 1, NULL, NULL),
(80, 42, 80, 1, 'FK080/CJM/MOR23', '15798', 'SJ080/CJM/11-74', '', '2011-10-31', '2011-10-31', '2011-12-31', 1500, 1500, 14400, 0, 21600000, 2160000, 2160000, 23760000, 'TT004', 'PD013', 1, NULL, NULL),
(81, 27, 81, 14, 'FK081/CJM/MOR23', '14477', 'SJ081/CJM/11-65', '', '2011-11-01', '2011-11-01', '2012-01-01', 570, 570, 14400, 0, 8208000, 820800, 820800, 9028800, 'TT004', 'PD013', 1, NULL, NULL),
(82, 34, 82, 1, 'FK082/CJM/MOR23', '14922', 'SJ082/CJM/11-75', '', '2011-11-10', '2011-11-10', '2012-01-10', 160, 160, 14400, 0, 2304000, 230400, 230400, 2534400, 'TT004', 'PD013', 1, NULL, NULL),
(83, 54, 83, 1, 'FK083/CJM/MOR23', '16122', 'SJ083/CJM/11-76', '', '2011-11-10', '2011-11-10', '2012-01-10', 2000, 2000, 14400, 0, 28800000, 2880000, 2880000, 31680000, 'TT004', 'PD013', 1, NULL, NULL),
(84, 53, 84, 1, 'FK084/CJM/MOR23', '16124', 'SJ084/CJM/11-77', '', '2011-11-10', '2011-11-10', '2012-01-10', 1376, 1376, 14400, 0, 19814400, 1981440, 1981440, 21795840, 'TT004', 'PD013', 1, NULL, NULL),
(85, 12, 85, 7, 'FK085/CJM/MOR10', '11603', 'SJ085/CJM/11-72', '', '2011-11-11', '2011-11-11', '2012-01-11', 77, 77, 44000, 338800, 3388000, 304920, 304920, 3354120, 'TT004', 'PD013', 1, NULL, NULL),
(86, 13, 86, 8, 'FK086/CJM/MOR10', '11604', 'SJ086/CJM/11-78', '', '2011-11-11', '2011-11-11', '2012-01-11', 46, 46, 44000, 202400, 2024000, 182160, 182160, 2003760, 'TT004', 'PD013', 1, NULL, NULL),
(87, 12, 87, 7, 'FK087/CJM/MOR10', '11603', 'SJ087/CJM/11-79', '', '2011-11-11', '2011-11-11', '2012-01-11', 89, 89, 44000, 391600, 3916000, 352440, 352440, 3876840, 'TT004', 'PD013', 1, NULL, NULL),
(88, 29, 88, 14, 'FK088/CJM/MOR23', '14478', 'SJ088/CJM/11-80', '', '2011-11-11', '2011-11-11', '2012-01-11', 920, 920, 14400, 0, 13248000, 1324800, 1324800, 14572800, 'TT004', 'PD013', 1, NULL, NULL),
(89, 53, 89, 1, 'FK089/CJM/MOR23', '16124', 'SJ089/CJM/11-81', '', '2011-11-11', '2011-11-11', '2012-01-11', 124, 124, 14400, 0, 1785600, 178560, 178560, 1964160, 'TT004', 'PD013', 1, NULL, NULL),
(90, 44, 90, 1, 'FK090/CJM/MOR23', '16403', 'SJ090/CJM/11-82', '', '2011-11-11', '2011-11-11', '2012-01-11', 540, 540, 14400, 0, 7776000, 777600, 777600, 8553600, 'TT004', 'PD013', 1, NULL, NULL),
(91, 27, 91, 14, 'FK091/CJM/MOR23', '14477', 'SJ091/CJM/11-62', '', '2011-11-14', '2011-11-14', '2012-01-14', 1430, 1430, 14400, 0, 20592000, 2059200, 2059200, 22651200, 'TT004', 'PD013', 1, NULL, NULL),
(92, 29, 92, 14, 'FK092/CJM/MOR23', '14478', 'SJ092/CJM/11-66', '', '2011-11-14', '2011-11-14', '2012-01-14', 705, 705, 14400, 0, 10152000, 1015200, 1015200, 11167200, 'TT004', 'PD013', 1, NULL, NULL),
(93, 29, 93, 14, 'FK093/CJM/MOR23', '14478', 'SJ093/CJM/11-69', '', '2011-11-14', '2011-11-14', '2012-01-14', 375, 375, 14400, 0, 5400000, 540000, 540000, 5940000, 'TT004', 'PD013', 1, NULL, NULL),
(94, 43, 94, 1, 'FK094/CJM/MOR23', '15811', 'SJ094/CJM/11-83', '', '2011-11-15', '2011-11-15', '2012-01-15', 1500, 1500, 14400, 2160000, 21600000, 1944000, 1944000, 21384000, 'TT004', 'PD012', 1, NULL, NULL),
(95, 38, 95, 4, 'FK095/CJM/RMW72', '15172', 'SJ095/CJM/11-53', '', '2011-10-21', '2011-10-21', '2011-12-21', 510, 510, 8300, 0, 4233000, 423300, 423300, 4656300, 'TT004', 'PD013', 1, NULL, NULL),
(96, 44, 96, 1, 'FK096/CJM/MOR23', '16403', 'SJ096/CJM/11-85', '', '2011-11-21', '2011-11-21', '2012-01-21', 1460, 1460, 14400, 0, 21024000, 2102400, 2102400, 23126400, 'TT004', 'PD013', 1, NULL, NULL),
(97, 45, 97, 1, 'FK097/CJM/MOR23', '16404', 'SJ097/CJM/11-86', '', '2011-11-21', '2011-11-21', '2012-01-21', 860, 860, 14400, 0, 12384000, 1238400, 1238400, 13622400, 'TT004', 'PD013', 1, NULL, NULL),
(98, 45, 98, 1, 'FK098/CJM/MOR23', '16404', 'SJ098/CJM/11-88', '', '2011-11-24', '2011-11-24', '2012-01-24', 140, 140, 14400, 0, 2016000, 201600, 201600, 2217600, 'TT004', 'PD013', 1, NULL, NULL),
(99, 59, 99, 17, 'FK099/CJM/JKO29', '15976', 'SJ099/CJM/11-89', '', '2011-11-24', '2011-11-24', '2012-01-24', 398, 398, 37700, 0, 15004600, 1500460, 1500460, 16505060, 'TT004', 'PD013', 1, NULL, NULL),
(100, 60, 100, 18, 'FK100/CJM/JKO29', '15977', 'SJ100/CJM/11-90', '', '2011-11-24', '2011-11-24', '2012-01-24', 466, 466, 37700, 0, 17568200, 1756820, 1756820, 19325020, 'TT004', 'PD013', 1, NULL, NULL),
(101, 12, 101, 7, 'FK101/CJM/MOR10', '11603', 'SJ101/CJM/11-92', '', '2011-11-30', '2011-11-30', '2012-01-30', 190, 190, 44000, 0, 8360000, 836000, 836000, 9196000, 'TT004', 'PD012', 1, NULL, NULL),
(102, 36, 102, 15, 'FK102/CJM/CLA69', '15288', 'SJ102/CJM/11-93', '', '2011-11-30', '2011-11-30', '2012-01-30', 715, 715, 7000, 0, 5005000, 500500, 500500, 5505500, 'TT004', 'PD012', 1, NULL, NULL),
(103, 36, 103, 15, 'FK103/CJM/CLA69', '15288', 'SJ103/CJM/11-95', '', '2011-12-05', '2011-12-05', '2012-02-05', 1285, 1285, 7000, 0, 8995000, 899500, 899500, 9894500, 'TT005', 'PD011', 1, NULL, NULL),
(104, 37, 104, 15, 'FK104/CJM/CLA69', '15287', 'SJ104/CJM/11-96', '', '2011-12-05', '2011-12-05', '2012-02-05', 280, 280, 7000, 0, 1960000, 196000, 196000, 2156000, 'TT005', 'PD011', 1, NULL, NULL),
(105, 69, 105, 22, 'FK105/CJM/JKO29', '18016', 'SJ105/CJM/11-97', '', '2011-12-05', '2011-12-05', '2012-02-05', 605, 605, 52800, 0, 31944000, 3194400, 3194400, 35138400, 'TT005', 'PD011', 1, NULL, NULL),
(106, 56, 106, 14, 'FK106/CJM/MOR23', '16116', 'SJ106/CJM/11-99', '', '2011-12-05', '2011-12-05', '2012-02-05', 1000, 1000, 14400, 1440000, 14400000, 1296000, 1296000, 14256000, 'TT005', 'PD011', 1, NULL, NULL),
(107, 55, 107, 14, 'FK107/CJM/MOR23', '16118', 'SJ107/CJM/11-100', '', '2011-12-05', '2011-12-05', '2012-02-05', 130, 130, 14400, 0, 1872000, 187200, 187200, 2059200, 'TT005', 'PD011', 1, NULL, NULL),
(108, 37, 108, 15, 'FK108/CJM/CLA69', '15287', 'SJ108/CJM/11-101', '', '2011-12-08', '2011-12-08', '2012-02-08', 1010, 1010, 7000, 0, 7070000, 707000, 707000, 7777000, 'TT005', 'PD011', 1, NULL, NULL),
(109, 71, 109, 24, 'FK109/CJM/JKO28', '17994', 'SJ109/CJM/11-102', '', '2011-12-08', '2011-12-08', '2012-02-08', 740, 740, 39000, 0, 28860000, 2886000, 2886000, 31746000, 'TT005', 'PD011', 1, NULL, NULL),
(110, 55, 110, 14, 'FK110/CJM/MOR23', '16118', 'SJ110/CJM/11-103', '', '2011-12-08', '2011-12-08', '2012-02-08', 230, 230, 14400, 0, 3312000, 331200, 331200, 3643200, 'TT005', 'PD011', 1, NULL, NULL),
(111, 55, 111, 14, 'FK111/CJM/MOR23', '16118', 'SJ111/CJM/11-103', '', '2011-12-15', '2011-12-15', '2012-02-15', 140, 140, 14400, 0, 2016000, 201600, 201600, 2217600, 'TT006', 'PD011', 1, NULL, NULL),
(112, 69, 112, 22, 'FK112/CJM/JKO29', '18016', 'SJ112/CJM/11-104', '', '2011-12-15', '2011-12-15', '2012-02-15', 375, 375, 52800, 0, 19800000, 1980000, 1980000, 21780000, 'TT006', 'PD011', 1, NULL, NULL),
(113, 37, 113, 15, 'FK113/CJM/CLA69', '15287', 'SJ113/CJM/11-105', '', '2011-12-15', '2011-12-15', '2012-02-15', 460, 460, 7000, 0, 3220000, 322000, 322000, 3542000, 'TT006', 'PD014', 1, NULL, NULL),
(114, 61, 114, 19, 'FK114/CJM/JKO28', '17993', 'SJ114/CJM/11-106', '', '2011-12-15', '2011-12-15', '2012-02-15', 685, 685, 39000, 0, 26715000, 2671500, 2671500, 29386500, 'TT006', 'PD011', 1, NULL, NULL),
(115, 13, 115, 8, 'FK115/CJM/MOR10', '11604', 'SJ115/CJM/11-107', '', '2011-12-16', '2011-12-16', '2012-02-16', 74, 74, 44000, 0, 3256000, 325600, 325600, 3581600, 'TT006', 'PD011', 1, NULL, NULL),
(116, 12, 116, 7, 'FK116/CJM/MOR10', '11603', 'SJ116/CJM/11-108', '', '2011-12-16', '2011-12-16', '2012-02-16', 34, 34, 44000, 0, 1496000, 149600, 149600, 1645600, 'TT006', 'PD011', 1, NULL, NULL),
(117, 69, 117, 22, 'FK117/CJM/JKO28', '18016', 'SJ117/CJM/11-109', '', '2011-12-16', '2011-12-16', '2012-02-16', 20, 20, 52800, 0, 1056000, 105600, 105600, 1161600, 'TT006', 'PD011', 1, NULL, NULL),
(118, 61, 118, 19, 'FK118/CJM/JKO28', '17993', 'SJ118/CJM/11-110', '', '2011-12-16', '2011-12-16', '2012-02-16', 80, 80, 39000, 0, 3120000, 312000, 312000, 3432000, 'TT006', 'PD011', 1, NULL, NULL),
(119, 71, 119, 24, 'FK119/CJM/JKO28', '17994', 'SJ119/CJM/11-111', '', '2011-12-16', '2011-12-16', '2012-02-16', 260, 260, 39000, 0, 10140000, 1014000, 1014000, 11154000, 'TT006', 'PD011', 1, NULL, NULL),
(120, 62, 120, 20, 'FK120/CJM/JKO29', '18015', 'SJ120/CJM/11-102', '', '2011-12-19', '2011-12-19', '2012-02-19', 1000, 1000, 52800, 0, 52800000, 5280000, 5280000, 58080000, 'TT006', 'PD011', 1, NULL, NULL),
(121, 37, 121, 15, 'FK121/CJM/CLA69', '15287', 'SJ121/CJM/11-112', '', '2011-12-21', '2011-12-21', '2012-02-21', 250, 250, 7000, 0, 1750000, 175000, 175000, 1925000, 'TT006', 'PD014', 1, NULL, NULL),
(122, 47, 122, 4, 'FK122/CJM/RMW72', '16597', 'SJ122/CJM/11-116', '', '2012-01-02', '2012-01-02', '2012-03-02', 2000, 2000, 8300, 0, 16600000, 1660000, 1660000, 18260000, 'TT007', 'PD011', 1, NULL, NULL),
(123, 49, 123, 4, 'FK123/CJM/RMW72', '16598', 'SJ123/CJM/11-117', '', '2012-01-02', '2012-01-02', '2012-03-02', 1200, 1200, 8300, 0, 9960000, 996000, 996000, 10956000, 'TT007', 'PD011', 1, NULL, NULL),
(124, 13, 124, 8, 'FK124/CJM/MOR10', '11604', 'SJ124/CJM/11-91', '', '2012-01-05', '2012-01-05', '2012-03-05', 300, 300, 44000, 1320000, 13200000, 1188000, 1188000, 13068000, 'TT007', 'PD014', 1, NULL, NULL),
(125, 58, 125, 13, 'FK125/CJM/JAZ26', '17152', 'SJ125/CJM/11-118', '', '2012-01-10', '2012-01-10', '2012-03-10', 1000, 1000, 39500, 0, 39500000, 3950000, 3950000, 43450000, 'TT007', 'PD010', 1, NULL, NULL),
(126, 50, 126, 16, 'FK126/CJM/FLX98', '17045', 'SJ126/CJM/11-119', '', '2012-01-10', '2012-01-10', '2012-03-10', 1500, 1500, 32895, 0, 49342500, 4934250, 4934250, 54276750, 'TT007', 'PD010', 1, NULL, NULL),
(127, 46, 127, 15, 'FK127/CJM/CLA69', '17618', 'SJ127/CJM/11-120', '', '2012-01-10', '2012-01-10', '2012-03-10', 2000, 2000, 7000, 0, 14000000, 1400000, 1400000, 15400000, 'TT007', 'PD010', 1, NULL, NULL),
(128, 64, 128, 4, 'FK128/CJM/RMW72', '17935', 'SJ128/CJM/11-121', '', '2012-01-10', '2012-01-10', '2012-03-10', 2000, 2000, 8300, 0, 16600000, 1660000, 1660000, 18260000, 'TT007', 'PD010', 1, NULL, NULL),
(129, 85, 129, 26, 'FK129/CJM/MOR23', '18671', 'SJ129/CJM/11-123', '', '2012-01-20', '2012-01-20', '2012-03-20', 240, 240, 14400, 0, 3456000, 345600, 345600, 3801600, 'TT007', 'PD009', 1, NULL, NULL),
(130, 66, 130, 14, 'FK130/CJM/MOR23', '18094', 'SJ130/CJM/11-124', '', '2012-01-20', '2012-01-20', '2012-03-20', 2000, 2000, 14400, 0, 28800000, 2880000, 2880000, 31680000, 'TT007', 'PD009', 1, NULL, NULL),
(131, 51, 131, 16, 'FK131/CJM/FLX98', '17044', 'SJ131/CJM/11-116', '', '2012-01-26', '2012-01-26', '2012-03-26', 1500, 1500, 32895, 0, 49342500, 4934250, 4934250, 54276750, 'TT007', 'PD014', 1, NULL, NULL),
(132, 61, 132, 19, 'FK132/CJM/JKO28', '17993', 'SJ132/CJM/11-114', '', '2012-01-26', '2012-01-26', '2012-03-26', 235, 235, 39000, 0, 9165000, 916500, 916500, 10081500, 'TT007', 'PD014', 1, NULL, NULL),
(133, 81, 134, 1, 'FK133/CJM/MOR23', '18577', 'SJ133/CJM/12-125', '', '2012-02-01', '2012-02-01', '2012-04-01', 1500, 1500, 14400, 0, 21600000, 2160000, 2160000, 23760000, 'TT008', 'PD015', 1, NULL, NULL),
(134, 95, 133, 1, 'FK134/CJM/MOR23', '18991', 'SJ134/CJM/12-128', '', '2012-02-14', '2012-02-14', '2012-04-14', 500, 500, 14400, 0, 7200000, 720000, 720000, 7920000, 'TT008', 'PD016', 1, NULL, NULL),
(135, 74, 135, 14, 'FK135/CJM/MOR23', '18095', 'SJ135/CJM/12-127', '', '2012-02-24', '2012-02-24', '2012-04-24', 1000, 1000, 14400, 0, 14400000, 1440000, 1440000, 15840000, 'TT008', 'PD017', 1, NULL, NULL),
(136, 70, 136, 23, 'FK136/CJM/KNI13', '18043', 'SJ136/CJM/12-132', '', '2012-02-24', '2012-02-24', '2012-04-24', 1250, 1250, 22800, 0, 28500000, 2850000, 2850000, 31350000, 'TT008', 'PD017', 1, NULL, NULL),
(137, 79, 137, 1, 'FK137/CJM/MOR23', '18578', 'SJ137/CJM/12-126', '', '2012-02-29', '2012-02-29', '2012-04-29', 1500, 1500, 14400, 0, 21600000, 2160000, 2160000, 23760000, 'TT008', 'PD018', 1, NULL, NULL),
(138, 67, 138, 14, 'FK138/CJM/MOR23', '18299', 'SJ138/CJM/12-133', '', '2012-02-29', '2012-02-29', '2012-04-29', 2000, 2000, 14400, 0, 28800000, 2880000, 2880000, 31680000, 'TT008', 'PD018', 1, NULL, NULL),
(139, 78, 144, 14, 'FK149/CJM/MOR23', '18583', 'SJ144/CJM/12-137', '', '2012-03-21', '2012-03-21', '2012-05-21', 1000, 1000, 14400, 0, 14400000, 1440000, 1440000, 15840000, 'TT010', '0', 0, NULL, NULL),
(140, 93, 143, 1, 'FK148/CJM/MOR23', '18990', 'SJ143/CJM/12-136', '', '2012-03-21', '2012-03-21', '2012-05-21', 2000, 2000, 14400, 0, 28800000, 2880000, 2880000, 31680000, 'TT010', '0', 0, NULL, NULL),
(141, 73, 142, 23, 'FK147/CJM/KNI13', '18044', 'SJ142/CJM/12-135', '', '2012-03-21', '2012-03-21', '2012-05-21', 1250, 1250, 22800, 0, 28500000, 2850000, 2850000, 31350000, 'TT010', '0', 0, NULL, NULL),
(142, 77, 141, 14, 'FK146/CJM/MOR23', '18581', 'SJ141/CJM/12-134', '', '2012-03-21', '2012-03-21', '2012-05-21', 1000, 1000, 14400, 0, 14400000, 1440000, 1440000, 15840000, 'TT010', '0', 0, NULL, NULL),
(143, 91, 149, 14, 'FK145/CJM/MOR23', '18988', 'SJ149/CJM/12-144', '', '2012-03-15', '2012-03-15', '2012-05-15', 500, 500, 14400, 0, 7200000, 720000, 720000, 7920000, 'TT009', '0', 0, NULL, NULL),
(144, 90, 148, 14, 'FK144/CJM/MOR23', '18987', 'SJ148/CJM/12-143', '', '2012-03-15', '2012-03-15', '2012-05-15', 1000, 1000, 14400, 0, 14400000, 1440000, 1440000, 15840000, 'TT009', '0', 0, NULL, NULL),
(145, 88, 145, 14, 'FK143/CJM/MOR23', '18986', 'SJ145/CJM/12-142', '', '2012-03-15', '2012-03-15', '2012-05-15', 2000, 2000, 14400, 0, 28800000, 2880000, 2880000, 31680000, 'TT009', '0', 0, NULL, NULL),
(146, 82, 147, 25, 'FK142/CJM/KNI13', '18464', 'SJ147/CJM/12-141', '', '2012-03-15', '2012-03-15', '2012-05-15', 1250, 1250, 22800, 0, 28500000, 2850000, 2850000, 31350000, 'TT009', '0', 0, NULL, NULL),
(147, 75, 146, 21, 'FK141/CJM/FDY09', '18197', 'SJ146/CJM/12-140', '', '2012-03-13', '2012-03-13', '2012-05-13', 1750, 1750, 16500, 0, 28875000, 2887500, 2887500, 31762500, 'TT009', '0', 0, NULL, NULL),
(148, 92, 140, 1, 'FK140/CJM/MOR23', '18989', 'SJ140/CJM/12-131', '', '2012-03-07', '2012-03-07', '2012-05-07', 2000, 2000, 14400, 0, 28800000, 2880000, 2880000, 31680000, 'TT009', 'PD019', 1, NULL, NULL),
(149, 80, 139, 4, 'FK139/CJM/RMW72', '19632', 'SJ139/CJM/12-129', '', '2012-03-07', '2012-03-07', '2012-05-07', 1000, 1000, 8300, 0, 8300000, 830000, 830000, 9130000, 'TT009', 'PD019', 1, NULL, NULL),
(150, 83, 150, 25, 'FK150/CJM/KNI13', '18465', 'SJ150/CJM/12-145', '', '2012-03-21', '2012-03-21', '2012-05-21', 1250, 1250, 22800, 0, 28500000, 2850000, 2850000, 31350000, 'TT010', '0', 0, NULL, NULL),
(151, 94, 151, 4, 'FK151/CJM/RMW72', '19633', 'SJ151/CJM/12-146', '', '2012-03-21', '2012-03-21', '2012-05-21', 2000, 2000, 8300, 0, 16600000, 1660000, 1660000, 18260000, 'TT010', '0', 0, NULL, NULL),
(152, 68, 152, 1, 'FK152/CJM/MOR23', '20218', 'SJ152/CJM/12-147', '', '2012-03-21', '2012-03-21', '2012-05-21', 300, 300, 14400, 0, 4320000, 432000, 432000, 4752000, 'TT010', '0', 0, NULL, NULL),
(153, 84, 153, 15, 'FK153/CJM/CLA69', '19626', 'SJ153/CJM/12-148', '', '2012-03-26', '2012-03-26', '2012-05-26', 1500, 1500, 7000, 0, 10500000, 1050000, 1050000, 11550000, 'TT011', '0', 0, NULL, NULL),
(154, 76, 154, 16, 'FK154/CJM/FLX98', '20219', 'SJ154/CJM/12-149', '', '2012-03-26', '2012-03-26', '2012-05-26', 300, 300, 32895, 0, 9868500, 986850, 986850, 10855350, 'TT011', '0', 0, NULL, NULL),
(155, 72, 155, 28, 'FK155/CJM/FLX98', '20220', 'SJ155/CJM/12-150', '', '2012-03-26', '2012-03-26', '2012-05-26', 300, 300, 32895, 0, 9868500, 986850, 986850, 10855350, 'TT011', '0', 0, NULL, NULL),
(156, 101, 156, 4, 'FK156/CJM/RMW72', '20972', 'SJ156/CJM/12-151', '', '2012-03-26', '2012-03-26', '2012-05-26', 1250, 1250, 8300, 0, 10375000, 1037500, 1037500, 11412500, 'TT011', '0', 0, NULL, NULL),
(157, 24, 157, 1, 'FK157/CJM/MOR23', '20611', 'SJ157/CJM/12-152', '', '2012-03-29', '2012-03-29', '2012-05-29', 1500, 1500, 14400, 0, 21600000, 2160000, 2160000, 23760000, 'TT011', '0', 0, NULL, NULL),
(158, 102, 158, 30, 'FK158/CJM/RMW72', '21296', 'SJ158/CJM/12-153', '', '2012-03-29', '2012-03-29', '2012-05-29', 800, 800, 8300, 0, 6640000, 664000, 664000, 7304000, 'TT011', '0', 0, NULL, NULL),
(159, 52, 163, 14, 'FK163/CJM/MOR23', '20609', 'SJ163/CJM/12-159', '', '2012-04-05', '2012-04-05', '2012-06-05', 1250, 1250, 14400, 0, 18000000, 1800000, 1800000, 19800000, 'TT012', '0', 0, NULL, NULL),
(160, 48, 162, 1, 'FK162/CJM/MOR23', '20612', 'SJ162/CJM/12-158', '', '2012-04-05', '2012-04-05', '2012-06-05', 1500, 1500, 14400, 0, 21600000, 2160000, 2160000, 23760000, 'TT012', '0', 0, NULL, NULL),
(161, 89, 161, 15, 'FK161/CJM/CLA69', '19627', 'SJ161/CJM/12-156', '', '2012-04-03', '2012-04-03', '2012-06-03', 1500, 1500, 7000, 0, 10500000, 1050000, 1050000, 11550000, 'TT012', '0', 0, NULL, NULL),
(162, 65, 159, 21, 'FK159/CJM/FDY09', '18198', 'SJ159/CJM/12-154', '', '2012-04-03', '2012-04-03', '2012-06-03', 1000, 1000, 16500, 0, 16500000, 1650000, 1650000, 18150000, 'TT012', '0', 0, NULL, NULL),
(163, 86, 160, 27, 'FK160/CJM/LZR24', '18920', 'SJ160/CJM/12-155', '', '2012-04-03', '2012-04-03', '2012-06-03', 1250, 1250, 34500, 0, 43125000, 4312500, 4312500, 47437500, 'TT012', '0', 0, NULL, NULL),
(164, 40, 164, 14, 'FK164/CJM/MOR23', '20610', 'SJ164/CJM/12-160', '', '2012-04-10', '2012-04-10', '2012-06-10', 1250, 1250, 14400, 0, 18000000, 1800000, 1800000, 19800000, 'TT012', '0', 0, NULL, NULL),
(165, 96, 165, 1, 'FK165/CJM/MOR23', '20967', 'SJ165/CJM/12-161', '', '2012-04-10', '2012-04-10', '2012-06-10', 1250, 1250, 14400, 0, 18000000, 1800000, 1800000, 19800000, 'TT012', '0', 0, NULL, NULL),
(166, 87, 166, 27, 'FK166/CJM/LZR24', '18921', 'SJ166/CJM/12-162', '', '2012-04-10', '2012-04-10', '2012-06-10', 1250, 1250, 34500, 0, 43125000, 4312500, 4312500, 47437500, 'TT012', '0', 0, NULL, NULL),
(167, 65, 167, 21, 'FK167/CJM/FDY09', '18198', 'SJ167/CJM/12-163', '', '2012-04-13', '2012-04-13', '2012-06-13', 750, 750, 16500, 0, 12375000, 1237500, 1237500, 13612500, 'TT013', '0', 0, NULL, NULL),
(168, 97, 168, 1, 'FK168/CJM/MOR23', '20969', 'SJ168/CJM/12-164', '', '2012-04-13', '2012-04-13', '2012-06-13', 1250, 1250, 14400, 0, 18000000, 1800000, 1800000, 19800000, 'TT013', '0', 0, NULL, NULL),
(169, 105, 169, 14, 'FK169/CJM/MOR23', '21923', 'SJ169/CJM/12-165', '', '2012-04-13', '2012-04-13', '2012-06-13', 800, 800, 14400, 0, 11520000, 1152000, 1152000, 12672000, 'TT013', '0', 0, NULL, NULL),
(170, 104, 170, 1, 'FK170/CJM/MOR23', '21924', 'SJ170/CJM/12-166', '', '2012-04-13', '2012-04-13', '2012-06-13', 800, 800, 14400, 0, 11520000, 1152000, 1152000, 12672000, 'TT013', '0', 0, NULL, NULL),
(171, 101, 171, 4, 'FK171/CJM/RMW72', '20972', 'SJ171/CJM/12-167', '', '2012-04-20', '2012-04-20', '2012-06-20', 250, 250, 8300, 0, 2075000, 207500, 207500, 2282500, 'TT013', '0', 0, NULL, NULL),
(172, 115, 172, 35, 'FK172/CJM/MOR08', '22407', 'SJ172/CJM/12-169', '', '2012-04-25', '2012-04-25', '2012-06-25', 315, 315, 20900, 0, 6583500, 658350, 658350, 7241850, 'TT013', '0', 0, NULL, NULL),
(173, 116, 173, 36, 'FK173/CJM/MOR08', '22406', 'SJ173/CJM/12-170', '', '2012-04-25', '2012-04-25', '2012-06-25', 256, 256, 20900, 0, 5350400, 535040, 535040, 5885440, 'TT013', '0', 0, NULL, NULL),
(174, 116, 175, 36, 'FK174/CJM/MOR08', '22406', 'SJ175/CJM/12-171', '', '2012-05-03', '2012-05-03', '2012-07-03', 59, 59, 20900, 0, 1233100, 123310, 123310, 1356410, 'TT014', '0', 0, NULL, NULL),
(175, 57, 174, 29, 'FK175/CJM/KOM90', '20162', 'SJ174/CJM/12-172', '', '2012-05-03', '2012-05-03', '2012-07-03', 1000, 1000, 46000, 0, 46000000, 4600000, 4600000, 50600000, 'TT014', '0', 0, NULL, NULL),
(176, 100, 176, 14, 'FK176/CJM/MOR23', '20970', 'SJ176/CJM/12-173', '', '2012-05-03', '2012-05-03', '2012-07-03', 1000, 1000, 14400, 0, 14400000, 1440000, 1440000, 15840000, 'TT014', '0', 0, NULL, NULL),
(177, 100, 178, 14, 'FK177/CJM/MOR23', '20970', 'SJ178/CJM/12-175', '', '2012-05-08', '2012-05-08', '2012-07-08', 1000, 1000, 14400, 0, 14400000, 1440000, 1440000, 15840000, 'TT014', '0', 0, NULL, NULL),
(178, 126, 180, 4, 'FK178/CJM/RMW72', '23315', 'SJ180/CJM/12-177', '', '2012-05-10', '2012-05-10', '2012-07-10', 1000, 1000, 8300, 0, 8300000, 830000, 830000, 9130000, 'TT014', '0', 0, NULL, NULL),
(179, 99, 181, 15, 'FK179/CJM/CLA69', '20965', 'SJ181/CJM/12-178', '', '2012-05-10', '2012-05-10', '2012-07-10', 1825, 1825, 7000, 0, 12775000, 1277500, 1277500, 14052500, 'TT014', '0', 0, NULL, NULL),
(180, 125, 183, 1, 'FK180/CJM/MOR23', '23275', 'SJ183/CJM/12-180', '', '2012-05-15', '2012-05-15', '2012-07-15', 2000, 2000, 14400, 0, 28800000, 2880000, 2880000, 31680000, 'TT015', '0', 0, NULL, NULL),
(181, 63, 184, 29, 'FK181/CJM/KOM90', '20163', 'SJ184/CJM/12-181', '', '2012-05-15', '2012-05-15', '2012-07-15', 325, 325, 46000, 0, 14950000, 1495000, 1495000, 16445000, 'TT015', '0', 0, NULL, NULL),
(182, 141, 185, 1, 'FK182/CJM/MOR23', '23582', 'SJ185/CJM/12-182', '', '2012-05-15', '2012-05-15', '2012-07-15', 600, 600, 14400, 0, 8640000, 864000, 864000, 9504000, 'TT015', '0', 0, NULL, NULL),
(183, 63, 186, 29, 'FK183/CJM/KOM90', '20163', 'SJ186/CJM/12-183', '', '2012-05-25', '2012-05-25', '2012-07-25', 365, 365, 46000, 0, 16790000, 1679000, 1679000, 18469000, 'TT015', '0', 0, NULL, NULL),
(184, 99, 187, 15, 'FK184/CJM/CLA69', '20965', 'SJ187/CJM/12-184', '', '2012-05-25', '2012-05-25', '2012-07-25', 175, 175, 7000, 0, 1225000, 122500, 122500, 1347500, 'TT015', '0', 0, NULL, NULL),
(185, 98, 188, 15, 'FK185/CJM/CLA69', '20966', 'SJ188/CJM/12-185', '', '2012-05-25', '2012-05-25', '2012-07-25', 925, 925, 7000, 0, 6475000, 647500, 647500, 7122500, 'TT015', '0', 0, NULL, NULL),
(186, 121, 195, 39, 'FK199/CJM/KOM35', '22624', 'SJ195/CJM/12-200', '', '2012-06-22', '2012-06-22', '2012-08-22', 186, 186, 32000, 0, 5952000, 595200, 595200, 6547200, 'TT018', '0', 0, NULL, NULL),
(187, 114, 194, 14, 'FK198/CJM/MOR23', '22416', 'SJ194/CJM/12-199', '', '2012-06-22', '2012-06-22', '2012-08-22', 1180, 1180, 14400, 0, 16992000, 1699200, 1699200, 18691200, 'TT018', '0', 0, NULL, NULL),
(188, 118, 193, 37, 'FK197/CJM/MOR24', '22842', 'SJ193/CJM/12-198', '', '2012-06-22', '2012-06-22', '2012-08-22', 920, 920, 17500, 0, 16100000, 1610000, 1610000, 17710000, 'TT018', '0', 0, NULL, NULL),
(189, 108, 192, 33, 'FK196/CJM/MOR30', '22277', 'SJ192/CJM/12-197', '', '2012-06-19', '2012-06-19', '2012-08-19', 261, 261, 16500, 0, 4306500, 430650, 430650, 4737150, 'TT018', '0', 0, NULL, NULL),
(190, 120, 191, 38, 'FK195/CJM/KOM35', '22625', 'SJ191/CJM/12-196', '', '2012-06-19', '2012-06-19', '2012-08-19', 850, 850, 32000, 0, 27200000, 2720000, 2720000, 29920000, 'TT018', '0', 0, NULL, NULL),
(191, 155, 207, 4, 'FK194/CJM/RMW72', '23902', 'SJ207/CJM/12-195', '', '2012-06-19', '2012-06-19', '2012-08-19', 1900, 1900, 8300, 0, 15770000, 1577000, 1577000, 17347000, 'TT018', '0', 0, NULL, NULL),
(192, 121, 190, 39, 'FK193/CJM/KOM35', '22624', 'SJ190/CJM/12-194', '', '2012-06-19', '2012-06-19', '2012-08-19', 1435, 1435, 32000, 0, 45920000, 4592000, 4592000, 50512000, 'TT018', '0', 0, NULL, NULL),
(193, 118, 189, 37, 'FK192/CJM/MOR24', '22842', 'SJ189/CJM/12-190', '', '2012-06-05', '2012-06-05', '2012-08-05', 1080, 1080, 17500, 0, 18900000, 1890000, 1890000, 20790000, 'TT017', '0', 0, NULL, NULL),
(194, 154, 206, 28, 'FK191/CJM/FLX98', '23587', 'SJ206/CJM/12-189', '', '2012-06-01', '2012-06-01', '2012-08-01', 400, 400, 32895, 0, 13158000, 1315800, 1315800, 14473800, 'TT017', '0', 0, NULL, NULL),
(195, 98, 205, 15, 'FK190/CJM/CLA69', '20966', 'SJ205/CJM/12-188', '', '2012-06-01', '2012-06-01', '2012-08-01', 1075, 1075, 7000, 0, 7525000, 752500, 752500, 8277500, 'TT017', '0', 0, NULL, NULL),
(196, 117, 204, 37, 'FK189/CJM/MOR24', '22841', 'SJ204/CJM/12-186', '', '2012-06-01', '2012-06-01', '2012-08-01', 1000, 1000, 17500, 0, 17500000, 1750000, 1750000, 19250000, 'TT017', '0', 0, NULL, NULL),
(197, 108, 182, 33, 'FK188/CJM/MOR30', '22277', 'SJ182/CJM/12-179', '', '2012-05-15', '2012-05-15', '2012-07-15', 500, 500, 16500, 0, 8250000, 825000, 825000, 9075000, 'TT016', '0', 0, NULL, NULL),
(198, 113, 179, 34, 'FK187/CJM/MOR30', '22279', 'SJ179/CJM/12-176', '', '2012-05-10', '2012-05-10', '2012-07-10', 80, 80, 16500, 0, 1320000, 132000, 132000, 1452000, 'TT016', '0', 0, NULL, NULL),
(199, 113, 177, 34, 'FK186/CJM/MOR30', '22279', 'SJ177/CJM/12-174', '', '2012-05-08', '2012-05-08', '2012-07-08', 720, 720, 16500, 0, 11880000, 1188000, 1188000, 13068000, 'TT016', '0', 0, NULL, NULL),
(200, 120, 196, 38, 'FK200/CJM/KOM35', '22625', 'SJ196/CJM/12-201', '', '2012-06-22', '2012-06-22', '2012-08-22', 1029, 1029, 32000, 0, 32928000, 3292800, 3292800, 36220800, 'TT018', '0', 0, NULL, NULL),
(201, 108, 197, 33, 'FK201/CJM/MOR30', '22277', 'SJ197/CJM/12-202', '', '2012-06-22', '2012-06-22', '2012-08-22', 39, 39, 16500, 0, 643500, 64350, 64350, 707850, 'TT018', '0', 0, NULL, NULL),
(202, 121, 199, 39, 'FK202/CJM/KOM35', '22624', 'SJ199/CJM/12-205', '', '2012-06-25', '2012-06-25', '2012-08-25', 175, 175, 32000, 0, 5600000, 560000, 560000, 6160000, 'TT019', '0', 0, NULL, NULL),
(203, 120, 200, 38, 'FK203/CJM/KOM35', '22625', 'SJ200/CJM/12-206', '', '2012-06-25', '2012-06-25', '2012-08-25', 62, 62, 32000, 0, 1984000, 198400, 198400, 2182400, 'TT019', '0', 0, NULL, NULL),
(204, 119, 201, 37, 'FK204/CJM/MOR24', '22843', 'SJ201/CJM/12-207', '', '2012-06-25', '2012-06-25', '2012-08-25', 1125, 1125, 17500, 0, 19687500, 1968750, 1968750, 21656250, 'TT019', '0', 0, NULL, NULL),
(205, 114, 202, 14, 'FK205/CJM/MOR23', '22416', 'SJ202/CJM/12-208', '', '2012-06-25', '2012-06-25', '2012-08-25', 665, 665, 14400, 0, 9576000, 957600, 957600, 10533600, 'TT019', '0', 0, NULL, NULL),
(206, 156, 208, 16, 'FK206/CJM/FLX98', '23586', 'SJ208/CJM/12-209', '', '2012-06-25', '2012-06-25', '2012-08-25', 350, 350, 32895, 0, 11513250, 1151325, 1151325, 12664575, 'TT019', '0', 0, NULL, NULL),
(207, 155, 209, 4, 'FK207/CJM/RMW72', '23902', 'SJ209/CJM/12-210', '', '2012-06-25', '2012-06-25', '2012-08-25', 100, 100, 8300, 0, 830000, 83000, 83000, 913000, 'TT019', '0', 0, NULL, NULL),
(208, 123, 212, 40, 'FK211/CJM/MOR24', '23230', 'SJ212/CJM/12-214', '', '2012-07-03', '2012-07-03', '2012-09-03', 1500, 1500, 17500, 0, 26250000, 2625000, 2625000, 28875000, 'TT020', '0', 0, NULL, NULL),
(209, 120, 211, 38, 'FK208/CJM/KOM35', '22625', 'SJ211/CJM/12-212', '', '2012-06-26', '2012-06-26', '2012-08-26', 16, 16, 32000, 0, 512000, 51200, 51200, 563200, 'TT019', '0', 0, NULL, NULL),
(210, 121, 203, 39, 'FK209/CJM/KOM35', '22624', 'SJ203/CJM/12-213', '', '2012-06-26', '2012-06-26', '2012-08-26', 2, 2, 32000, 0, 64000, 6400, 6400, 70400, 'TT019', '0', 0, NULL, NULL),
(211, 114, 210, 14, 'FK210/CJM/MOR23', '22416', 'SJ210/CJM/12-213', '', '2012-06-29', '2012-06-29', '2012-08-29', 155, 155, 14400, 0, 2232000, 223200, 223200, 2455200, 'TT019', '0', 0, NULL, NULL),
(212, 119, 213, 37, 'FK212/CJM/MOR24', '22843', 'SJ213/CJM/12-215', '', '2012-07-03', '2012-07-03', '2012-09-03', 450, 450, 17500, 0, 7875000, 787500, 787500, 8662500, 'TT020', '0', 0, NULL, NULL),
(213, 161, 214, 14, 'FK213/CJM/MOR23', '23581', 'SJ214/CJM/12-216', '', '2012-07-03', '2012-07-03', '2012-09-03', 600, 600, 14400, 0, 8640000, 864000, 864000, 9504000, 'TT020', '0', 0, NULL, NULL),
(214, 63, 215, 29, 'FK214/CJM/KOM90', '20163', 'SJ215/CJM/12-218', '', '2012-07-06', '2012-07-06', '2012-09-06', 240, 240, 46000, 0, 11040000, 1104000, 1104000, 12144000, 'TT020', '0', 0, NULL, NULL),
(215, 156, 216, 16, 'FK215/CJM/FLX98', '23586', 'SJ216/CJM/12-219', '', '2012-07-06', '2012-07-06', '2012-09-06', 50, 50, 32895, 0, 1644750, 164475, 164475, 1809225, 'TT020', '0', 0, NULL, NULL),
(216, 119, 217, 37, 'FK216/CJM/MOR24', '22843', 'SJ217/CJM/12-220', '', '2012-07-06', '2012-07-06', '2012-09-06', 425, 425, 17500, 0, 7437500, 743750, 743750, 8181250, 'TT020', '0', 0, NULL, NULL),
(217, 122, 218, 40, 'FK217/CJM/MOR24', '23231', 'SJ218/CJM/12-221', '', '2012-07-06', '2012-07-06', '2012-09-06', 1040, 1040, 17500, 0, 18200000, 1820000, 1820000, 20020000, 'TT020', '0', 0, NULL, NULL),
(218, 110, 219, 25, 'FK218/CJM/KNI13', '22203', 'SJ219/CJM/12-222', '', '2012-07-06', '2012-07-06', '2012-09-06', 850, 850, 22800, 0, 19380000, 1938000, 1938000, 21318000, 'TT020', '0', 0, NULL, NULL),
(219, 122, 220, 40, 'FK219/CJM/MOR24', '23231', 'SJ220/CJM/12-223', '', '2012-07-11', '2012-07-11', '2012-09-11', 460, 460, 17500, 0, 8050000, 805000, 805000, 8855000, 'TT021', '0', 0, NULL, NULL),
(220, 109, 221, 25, 'FK220/CJM/KNI13', '22204', 'SJ221/CJM/12-224', '', '2012-07-11', '2012-07-11', '2012-09-11', 400, 400, 22800, 0, 9120000, 912000, 912000, 10032000, 'TT021', '0', 0, NULL, NULL),
(221, 124, 222, 40, 'FK221/CJM/MOR24', '23233', 'SJ222/CJM/12-226', '', '2012-07-13', '2012-07-13', '2012-09-13', 860, 860, 17500, 0, 15050000, 1505000, 1505000, 16555000, 'TT021', '0', 0, NULL, NULL),
(222, 109, 223, 25, 'FK222/CJM/KNI13', '22204', 'SJ223/CJM/12-227', '', '2012-07-13', '2012-07-13', '2012-09-13', 540, 540, 22800, 0, 12312000, 1231200, 1231200, 13543200, 'TT021', '0', 0, NULL, NULL),
(223, 124, 224, 40, 'FK223/CJM/MOR24', '23233', 'SJ224/CJM/12-228', '', '2012-07-17', '2012-07-17', '2012-09-17', 640, 640, 17500, 0, 11200000, 1120000, 1120000, 12320000, 'TT022', '0', 0, NULL, NULL),
(224, 132, 225, 1, 'FK224/CJM/MOR23', '24261', 'SJ225/CJM/12-229', '', '2012-07-17', '2012-07-17', '2012-09-17', 600, 600, 14400, 0, 8640000, 864000, 864000, 9504000, 'TT022', '0', 0, NULL, NULL),
(225, 109, 226, 25, 'FK225/CJM/KNI13', '22204', 'SJ226/CJM/12-230', '', '2012-07-17', '2012-07-17', '2012-09-17', 291, 291, 22800, 0, 6634800, 663480, 663480, 7298280, 'TT022', '0', 0, NULL, NULL),
(226, 109, 227, 25, 'FK226/CJM/KNI13', '22204', 'SJ227/CJM/12-231', '', '2012-07-23', '2012-07-23', '2012-09-23', 19, 19, 22800, 0, 433200, 43320, 43320, 476520, 'TT023', '0', 0, NULL, NULL),
(227, 130, 228, 14, 'FK227/CJM/MOR23', '24259', 'SJ228/CJM/12-232', '', '2012-07-23', '2012-07-23', '2012-09-23', 1005, 1005, 14400, 0, 14472000, 1447200, 1447200, 15919200, 'TT023', '0', 0, NULL, NULL),
(228, 111, 229, 23, 'FK228/CJM/KNI13', '22206', 'SJ229/CJM/12-233', '', '2012-07-23', '2012-07-23', '2012-09-23', 1250, 1250, 22800, 0, 28500000, 2850000, 2850000, 31350000, 'TT023', '0', 0, NULL, NULL),
(229, 140, 230, 43, 'FK229/CJM/KEN82', '24845', 'SJ230/CJM/12-234', '', '2012-07-23', '2012-07-23', '2012-09-23', 648, 648, 19500, 0, 12636000, 1263600, 1263600, 13899600, 'TT023', '0', 0, NULL, NULL),
(230, 130, 231, 14, 'FK230/CJM/MOR23', '24259', 'SJ231/CJM/12-236', '', '2012-07-26', '2012-07-26', '2012-09-26', 745, 745, 14400, 0, 10728000, 1072800, 1072800, 11800800, 'TT023', '0', 0, NULL, NULL),
(231, 140, 232, 43, 'FK231/CJM/KEN82', '24845', 'SJ232/CJM/12-237', '', '2012-07-26', '2012-07-26', '2012-09-26', 400, 400, 19500, 0, 7800000, 780000, 780000, 8580000, 'TT023', '0', 0, NULL, NULL),
(232, 110, 233, 25, 'FK232/CJM/KNI13', '22203', 'SJ233/CJM/12-238', '', '2012-07-26', '2012-07-26', '2012-09-26', 218, 218, 22800, 0, 4970400, 497040, 497040, 5467440, 'TT023', '0', 0, NULL, NULL),
(233, 112, 234, 23, 'FK233/CJM/KNI13', '22207', 'SJ234/CJM/12-239', '', '2012-07-30', '2012-07-30', '2012-09-30', 250, 250, 22800, 0, 5700000, 570000, 570000, 6270000, 'TT024', '0', 0, NULL, NULL),
(234, 131, 235, 14, 'FK234/CJM/MOR23', '24260', 'SJ235/CJM/12-240', '', '2012-07-30', '2012-07-30', '2012-09-30', 1750, 1750, 14400, 0, 25200000, 2520000, 2520000, 27720000, 'TT024', '0', 0, NULL, NULL),
(235, 140, 237, 43, 'FK235/CJM/KEN82', '24845', 'SJ237/CJM/12-243', '', '2012-07-30', '2012-07-30', '2012-09-30', 47, 47, 19500, 0, 916500, 91650, 91650, 1008150, 'TT024', '0', 0, NULL, NULL),
(236, 160, 236, 46, 'FK236/CJM/KEN82', '23268', 'SJ236/CJM/12-241', '', '2012-07-30', '2012-07-30', '2012-09-30', 532, 532, 19500, 0, 10374000, 1037400, 1037400, 11411400, 'TT024', '0', 0, NULL, NULL),
(237, 139, 238, 42, 'FK237/CJM/LAN57', '24757', 'SJ238/CJM/12-244', '', '2012-08-01', '2012-08-01', '2012-10-01', 411, 411, 39000, 0, 16029000, 1602900, 1602900, 17631900, 'TT025', '0', 0, NULL, NULL),
(238, 137, 239, 37, 'FK238/CJM/MOR24', '24535', 'SJ239/CJM/12-245', '', '2012-08-01', '2012-08-01', '2012-10-01', 610, 610, 17500, 0, 10675000, 1067500, 1067500, 11742500, 'TT025', '0', 0, NULL, NULL),
(239, 127, 240, 14, 'FK239/CJM/MOR23', '24567', 'SJ240/CJM/12-246', '', '2012-08-01', '2012-08-01', '2012-10-01', 233, 233, 14400, 0, 3355200, 335520, 335520, 3690720, 'TT025', '0', 0, NULL, NULL),
(240, 160, 241, 46, 'FK240/CJM/KEN82', '23268', 'SJ241/CJM/12-247', '', '2012-08-01', '2012-08-01', '2012-10-01', 380, 380, 19500, 0, 7410000, 741000, 741000, 8151000, 'TT025', '0', 0, NULL, NULL),
(241, 140, 242, 43, 'FK241/CJM/KEN82', '24845', 'SJ242/CJM/12-248', '', '2012-08-02', '2012-08-02', '2012-10-02', 195, 195, 19500, 0, 3802500, 380250, 380250, 4182750, 'TT025', '0', 0, NULL, NULL),
(242, 110, 243, 25, 'FK242/CJM/KNI13', '22203', 'SJ243/CJM/12-250', '', '2012-08-06', '2012-08-06', '2012-10-06', 118, 118, 22800, 0, 2690400, 269040, 269040, 2959440, 'TT026', '0', 0, NULL, NULL),
(243, 63, 244, 29, 'FK243/CJM/KOM90', '20163', 'SJ244/CJM/12-251', '', '2012-08-06', '2012-08-06', '2012-10-06', 70, 70, 46000, 0, 3220000, 322000, 322000, 3542000, 'TT026', '0', 0, NULL, NULL),
(244, 127, 245, 14, 'FK244/CJM/MOR23', '24567', 'SJ245/CJM/12-252', '', '2012-08-06', '2012-08-06', '2012-10-06', 767, 767, 14400, 0, 11044800, 1104480, 1104480, 12149280, 'TT026', '0', 0, NULL, NULL),
(245, 137, 246, 37, 'FK245/CJM/MOR24', '24535', 'SJ246/CJM/12-253', '', '2012-08-06', '2012-08-06', '2012-10-06', 567, 567, 17500, 0, 9922500, 992250, 992250, 10914750, 'TT026', '0', 0, NULL, NULL),
(246, 160, 247, 46, 'FK246/CJM/KEN82', '23268', 'SJ247/CJM/12-254', '', '2012-08-06', '2012-08-06', '2012-10-06', 630, 630, 19500, 0, 12285000, 1228500, 1228500, 13513500, 'TT026', '0', 0, NULL, NULL),
(247, 138, 248, 41, 'FK247/CJM/LAN57', '24759', 'SJ248/CJM/12-255', '', '2012-08-06', '2012-08-06', '2012-10-06', 400, 400, 39000, 0, 15600000, 1560000, 1560000, 17160000, 'TT026', '0', 0, NULL, NULL),
(248, 129, 249, 14, 'FK248/CJM/MOR23', '24568', 'SJ249/CJM/12-256', '', '2012-08-06', '2012-08-06', '2012-10-06', 558, 558, 14400, 0, 8035200, 803520, 803520, 8838720, 'TT026', '0', 0, NULL, NULL),
(249, 138, 250, 41, 'FK249/CJM/LAN57', '24759', 'SJ250/CJM/12-250', '', '2012-08-07', '2012-08-07', '2012-10-07', 139, 139, 39000, 0, 5421000, 542100, 542100, 5963100, 'TT027', '0', 0, NULL, NULL),
(250, 139, 251, 42, 'FK250/CJM/LAN57', '24757', 'SJ251/CJM/12-251', '', '2012-08-07', '2012-08-07', '2012-10-07', 50, 50, 39000, 0, 1950000, 195000, 195000, 2145000, 'TT027', '0', 0, NULL, NULL),
(251, 160, 252, 46, 'FK251/CJM/KEN82', '23268', 'SJ252/CJM/12-252', '', '2012-08-07', '2012-08-07', '2012-10-07', 190, 190, 19500, 0, 3705000, 370500, 370500, 4075500, 'TT027', '0', 0, NULL, NULL),
(252, 138, 253, 41, 'FK252/CJM/LAN57', '24759', 'SJ253/CJM/12-253', '', '2012-08-08', '2012-08-08', '2012-10-08', 268, 268, 39000, 0, 10452000, 1045200, 1045200, 11497200, 'TT027', '0', 0, NULL, NULL);
INSERT INTO `dtb_invoice` (`id`, `order_id`, `delivery_id`, `product_id`, `invoice_no`, `po_no`, `sj_no`, `ob_no`, `date`, `invoice_date`, `due_date`, `qty_inv`, `quantity`, `price`, `discount`, `total`, `ppn`, `tax`, `total_include_tax`, `tt_no`, `bayar_no`, `status`, `create_date`, `update_date`) VALUES
(253, 139, 254, 42, 'FK253/CJM/LAN57', '24757', 'SJ254/CJM/12-254', '', '2012-08-08', '2012-08-08', '2012-10-08', 250, 250, 39000, 0, 9750000, 975000, 975000, 10725000, 'TT027', '0', 0, NULL, NULL),
(254, 137, 255, 37, 'FK254/CJM/MOR24', '24535', 'SJ255/CJM/12-257', '', '2012-08-10', '2012-08-10', '2012-10-10', 422, 422, 17500, 0, 7385000, 738500, 738500, 8123500, 'TT028', '0', 0, NULL, NULL),
(255, 129, 256, 14, 'FK255/CJM/MOR23', '24568', 'SJ256/CJM/12-258', '', '2012-08-10', '2012-08-10', '2012-10-10', 415, 415, 14400, 0, 5976000, 597600, 597600, 6573600, 'TT028', '0', 0, NULL, NULL),
(256, 132, 257, 1, 'FK256/CJM/MOR23', '24261', 'SJ257/CJM/12-259', '', '2012-08-10', '2012-08-10', '2012-10-10', 490, 490, 14400, 0, 7056000, 705600, 705600, 7761600, 'TT028', '0', 0, NULL, NULL),
(257, 160, 258, 46, 'FK257/CJM/KEN82', '23268', 'SJ258/CJM/12-261', '', '2012-08-11', '2012-08-11', '2012-10-11', 179, 179, 19500, 0, 3490500, 349050, 349050, 3839550, 'TT028', '0', 0, NULL, NULL),
(258, 128, 259, 14, 'FK258/CJM/MOR23', '24569', 'SJ259/CJM/12-262', '', '2012-08-11', '2012-08-11', '2012-10-11', 590, 590, 14400, 0, 8496000, 849600, 849600, 9345600, 'TT028', '0', 0, NULL, NULL),
(259, 132, 260, 1, 'FK259/CJM/MOR23', '24261', 'SJ260/CJM/12-263', '', '2012-08-11', '2012-08-11', '2012-10-11', 510, 510, 14400, 0, 7344000, 734400, 734400, 8078400, 'TT028', '0', 0, NULL, NULL),
(260, 158, 261, 45, 'FK260/CJM/KEN82', '23270', 'SJ261/CJM/12-264', '', '2012-08-11', '2012-08-11', '2012-10-11', 980, 980, 19500, 0, 19110000, 1911000, 1911000, 21021000, 'TT028', '0', 0, NULL, NULL),
(261, 162, 262, 4, 'FK261/CJM/RMW72', '25788', 'SJ262/CJM/12-266', '', '2012-08-11', '2012-08-11', '2012-10-11', 1650, 1650, 8300, 0, 13695000, 1369500, 1369500, 15064500, 'TT028', '0', 0, NULL, NULL),
(262, 158, 263, 45, 'FK262/CJM/KEN82', '23270', 'SJ263/CJM/12-267', '', '2012-09-11', '2012-09-11', '2012-11-11', 700, 700, 19500, 0, 13650000, 1365000, 1365000, 15015000, 'TT029', '0', 0, NULL, NULL),
(263, 152, 264, 1, 'FK263/CJM/MOR23', '25486', 'SJ264/CJM/12-268', '', '2012-09-11', '2012-09-11', '2012-11-11', 390, 390, 14400, 0, 5616000, 561600, 561600, 6177600, 'TT029', '0', 0, NULL, NULL),
(264, 128, 265, 14, 'FK264/CJM/MOR23', '24569', 'SJ265/CJM/12-269', '', '2012-09-11', '2012-09-11', '2012-11-11', 410, 410, 14400, 0, 5904000, 590400, 590400, 6494400, 'TT029', '0', 0, NULL, NULL),
(265, 162, 266, 4, 'FK265/CJM/RMW72', '25788', 'SJ266/CJM/12-270', '', '2012-09-11', '2012-09-11', '2012-11-11', 850, 850, 8300, 0, 7055000, 705500, 705500, 7760500, 'TT029', '0', 0, NULL, NULL),
(266, 165, 267, 4, 'FK266/CJM/RMW72', '25787', 'SJ267/CJM/12-273', '', '2012-09-11', '2012-09-11', '2012-11-11', 440, 440, 8300, 0, 3652000, 365200, 365200, 4017200, 'TT029', '0', 0, NULL, NULL),
(267, 160, 268, 46, 'FK267/CJM/KEN82', '23268', 'SJ268/CJM/12-274', '', '2012-09-11', '2012-09-11', '2012-11-11', 86, 86, 19500, 0, 1677000, 167700, 167700, 1844700, 'TT029', '0', 0, NULL, NULL),
(268, 129, 269, 14, 'FK268/CJM/MOR23', '24568', 'SJ269/CJM/12-275', '', '2012-09-11', '2012-09-11', '2012-11-11', 27, 27, 14400, 0, 388800, 38880, 38880, 427680, 'TT029', '0', 0, NULL, NULL),
(269, 136, 270, 37, 'FK269/CJM/MOR24', '24536', 'SJ270/CJM/12-276', '', '2012-09-11', '2012-09-11', '2012-11-11', 1120, 1120, 17500, 0, 19600000, 1960000, 1960000, 21560000, 'TT029', '0', 0, NULL, NULL),
(270, 137, 271, 37, 'FK270/CJM/MOR24', '24535', 'SJ271/CJM/12-277', '', '2012-09-11', '2012-09-11', '2012-11-11', 201, 201, 17500, 0, 3517500, 351750, 351750, 3869250, 'TT029', '0', 0, NULL, NULL),
(271, 142, 272, 1, 'FK271/CJM/MOR23', '25075', 'SJ272/CJM/12-278', '', '2012-09-11', '2012-09-11', '2012-11-11', 335, 335, 14400, 0, 4824000, 482400, 482400, 5306400, 'TT029', '0', 0, NULL, NULL),
(272, 151, 273, 14, 'FK272/CJM/MOR23', '25417', 'SJ273/CJM/12-279', '', '2012-09-11', '2012-09-11', '2012-11-11', 400, 400, 14400, 0, 5760000, 576000, 576000, 6336000, 'TT029', '0', 0, NULL, NULL),
(273, 150, 274, 14, 'FK273/CJM/MOR23', '25482', 'SJ274/CJM/12-280', '', '2012-09-11', '2012-09-11', '2012-11-11', 1145, 1145, 14400, 0, 16488000, 1648800, 1648800, 18136800, 'TT029', '0', 0, NULL, NULL),
(274, 103, 275, 31, 'FK274/CJM/LAN62', '21799', 'SJ275/CJM/12-282', '', '2012-09-11', '2012-09-11', '2012-11-11', 480, 480, 33500, 0, 16080000, 1608000, 1608000, 17688000, 'TT029', '0', 0, NULL, NULL),
(275, 136, 276, 37, 'FK275/CJM/MOR24', '24536', 'SJ276/CJM/12-283', '', '2012-09-14', '2012-09-14', '2012-11-14', 80, 80, 17500, 0, 1400000, 140000, 140000, 1540000, 'TT030', '0', 0, NULL, NULL),
(276, 150, 277, 14, 'FK276/CJM/MOR23', '25482', 'SJ277/CJM/12-284', '', '2012-09-14', '2012-09-14', '2012-11-14', 105, 105, 14400, 0, 1512000, 151200, 151200, 1663200, 'TT030', '0', 0, NULL, NULL),
(277, 153, 278, 14, 'FK277/CJM/MOR23', '25485', 'SJ278/CJM/12-285', '', '2012-09-14', '2012-09-14', '2012-11-14', 675, 675, 14400, 0, 9720000, 972000, 972000, 10692000, 'TT030', '0', 0, NULL, NULL),
(278, 180, 279, 4, 'FK278/CJM/RMW72', '26316', 'SJ279/CJM/12-285', '', '2012-09-14', '2012-09-14', '2012-11-14', 1510, 1510, 8300, 0, 12533000, 1253300, 1253300, 13786300, 'TT030', '0', 0, NULL, NULL),
(279, 103, 280, 31, 'FK279/CJM/LAN62', '21799', 'SJ280/CJM/12-286', '', '2012-09-14', '2012-09-14', '2012-11-14', 385, 385, 33500, 0, 12897500, 1289750, 1289750, 14187250, 'TT030', '0', 0, NULL, NULL),
(280, 159, 281, 46, 'FK280/CJM/KEN82', '23269', 'SJ281/CJM/12-287', '', '2012-09-14', '2012-09-14', '2012-11-14', 545, 545, 19500, 0, 10627500, 1062750, 1062750, 11690250, 'TT030', '0', 0, NULL, NULL),
(281, 158, 282, 45, 'FK281/CJM/KEN82', '23270', 'SJ282/CJM/12-288', '', '2012-09-14', '2012-09-14', '2012-11-14', 135, 135, 19500, 0, 2632500, 263250, 263250, 2895750, 'TT030', '0', 0, NULL, NULL),
(282, 180, 283, 4, 'FK282/CJM/RMW72', '26316', 'SJ283/CJM/12-289', '', '2012-09-19', '2012-09-19', '2012-11-19', 490, 490, 8300, 0, 4067000, 406700, 406700, 4473700, 'TT031', '0', 0, NULL, NULL),
(283, 163, 284, 14, 'FK283/CJM/MOR23', '25619', 'SJ284/CJM/12-292', '', '2012-09-25', '2012-09-25', '2012-11-25', 1120, 1120, 14400, 0, 16128000, 1612800, 1612800, 17740800, 'TT031', '0', 0, NULL, NULL),
(284, 103, 285, 31, 'FK284/CJM/LAN62', '21799', 'SJ285/CJM/12-293', '', '2012-09-25', '2012-09-25', '2012-11-25', 135, 135, 33500, 0, 4522500, 452250, 452250, 4974750, 'TT031', '0', 0, NULL, NULL),
(285, 106, 286, 32, 'FK285/CJM/LAN57', '21798', 'SJ286/CJM/12-294', '', '2012-09-25', '2012-09-25', '2012-11-25', 880, 880, 39000, 0, 34320000, 3432000, 3432000, 37752000, 'TT031', '0', 0, NULL, NULL),
(286, 148, 287, 44, 'FK286/CJM/LAN62', '25118', 'SJ287/CJM/12-271', '', '2012-09-10', '2012-09-10', '2012-11-10', 418, 418, 33500, 0, 14003000, 1400300, 1400300, 15403300, 'TT032', '0', 0, NULL, NULL),
(287, 148, 288, 44, 'FK287/CJM/LAN62', '25118', 'SJ288/CJM/12-272', '', '2012-09-10', '2012-09-10', '2012-11-10', 244, 244, 33500, 0, 8174000, 817400, 817400, 8991400, 'TT032', '0', 0, NULL, NULL),
(288, 153, 289, 14, 'FK288/CJM/MOR23', '25485', 'SJ289/CJM/12-288', '', '2012-09-19', '2012-09-19', '2012-11-19', 575, 575, 14400, 0, 8280000, 828000, 828000, 9108000, 'TT032', '0', 0, NULL, NULL),
(289, 160, 290, 46, 'FK289/CJM/KEN82', '23268', 'SJ290/CJM/12-295', '', '2012-10-04', '2012-10-04', '2012-12-04', 3, 3, 19500, 0, 58500, 5850, 5850, 64350, 'TT033', '0', 0, NULL, NULL),
(290, 163, 291, 14, 'FK290/CJM/MOR23', '25619', 'SJ291/CJM/12-297', '', '2012-10-04', '2012-10-04', '2012-12-04', 880, 880, 14400, 0, 12672000, 1267200, 1267200, 13939200, 'TT033', '0', 0, NULL, NULL),
(291, 190, 292, 4, 'FK291/CJM/RMW72', '28201', 'SJ292/CJM/12-299', '', '2012-10-04', '2012-10-04', '2012-12-04', 1760, 1760, 8300, 0, 14608000, 1460800, 1460800, 16068800, 'TT033', '0', 0, NULL, NULL),
(292, 165, 293, 4, 'FK292/CJM/RMW72', '25787', 'SJ293/CJM/12-298', '', '2012-10-04', '2012-10-04', '2012-12-04', 60, 60, 8300, 0, 498000, 49800, 49800, 547800, 'TT033', '0', 0, NULL, NULL),
(293, 166, 294, 16, 'FK293/CJM/FLX98', '26028', 'SJ294/CJM/12-300', '', '2012-10-04', '2012-10-04', '2012-12-04', 400, 400, 32895, 0, 13158000, 1315800, 1315800, 14473800, 'TT033', '0', 0, NULL, NULL),
(294, 171, 295, 14, 'FK294/CJM/MOR23', '26631', 'SJ295/CJM/12-314', '', '2012-11-01', '2012-11-01', '2013-01-01', 1250, 1250, 14400, 0, 18000000, 1800000, 1800000, 19800000, 'TT034', '0', 0, NULL, NULL),
(295, 170, 296, 14, 'FK295/CJM/MOR23', '26632', 'SJ296/CJM/12-315', '', '2012-11-01', '2012-11-01', '2013-01-01', 1250, 1250, 14400, 0, 18000000, 1800000, 1800000, 19800000, 'TT034', '0', 0, NULL, NULL),
(296, 135, 297, 31, 'FK296/CJM/LAN62', '24271', 'SJ297/CJM/12-313', '', '2012-11-02', '2012-11-02', '2013-01-02', 1500, 1500, 33500, 0, 50250000, 5025000, 5025000, 55275000, 'TT034', '0', 0, NULL, NULL),
(297, 178, 298, 14, 'FK297/CJM/MOR23', '26887', 'SJ298/CJM/12-316', '', '2012-11-07', '2012-11-07', '2013-01-07', 400, 400, 14400, 0, 5760000, 576000, 576000, 6336000, 'TT035', '0', 0, NULL, NULL),
(298, 164, 299, 1, 'FK298/CJM/MOR23', '25618', 'SJ299/CJM/12-317', '', '2012-11-07', '2012-11-07', '2013-01-07', 1750, 1750, 14400, 0, 25200000, 2520000, 2520000, 27720000, 'TT035', '0', 0, NULL, NULL),
(299, 169, 300, 28, 'FK299/CJM/FLX98', '26030', 'SJ300/CJM/12-301', '', '2012-11-12', '2012-11-12', '2013-01-12', 400, 400, 32895, 0, 13158000, 1315800, 1315800, 14473800, 'TT035', '0', 0, NULL, NULL),
(300, 167, 301, 28, 'FK300/CJM/FLX98', '26009', 'SJ301/CJM/12-318', '', '2012-11-12', '2012-11-12', '2013-01-12', 1100, 1100, 32895, 0, 36184500, 3618450, 3618450, 39802950, 'TT035', '0', 0, NULL, NULL),
(301, 152, 302, 1, 'FK301/CJM/MOR23', '25486', 'SJ302/CJM/12-313', '', '2012-11-05', '2012-11-05', '2013-01-05', 960, 960, 14400, 0, 13824000, 1382400, 1382400, 15206400, 'TT036', '0', 0, NULL, NULL),
(302, 189, 304, 1, 'FK302/CJM/MOR23', '27777', 'SJ303/CJM/12-313', '', '2012-11-05', '2012-11-05', '2013-01-05', 390, 390, 14400, 0, 5616000, 561600, 561600, 6177600, 'TT036', '0', 0, NULL, NULL),
(303, 177, 305, 1, 'FK303/CJM/MOR23', '26633', 'SJ304/CJM/12-321', '', '2012-11-14', '2012-11-14', '2013-01-14', 500, 500, 14400, 0, 7200000, 720000, 720000, 7920000, 'TT037', '0', 0, NULL, NULL),
(304, 176, 306, 1, 'FK304/CJM/MOR23', '26634', 'SJ305/CJM/12-322', '', '2012-11-14', '2012-11-14', '2013-01-14', 500, 500, 14400, 0, 7200000, 720000, 720000, 7920000, 'TT037', '0', 0, NULL, NULL),
(305, 175, 307, 1, 'FK305/CJM/MOR23', '26635', 'SJ306/CJM/12-323', '', '2012-11-14', '2012-11-14', '2013-01-14', 500, 500, 14400, 0, 7200000, 720000, 720000, 7920000, 'TT037', '0', 0, NULL, NULL),
(306, 174, 308, 1, 'FK306/CJM/MOR23', '26636', 'SJ307/CJM/12-324', '', '2012-11-14', '2012-11-14', '2013-01-14', 500, 500, 14400, 0, 7200000, 720000, 720000, 7920000, 'TT037', '0', 0, NULL, NULL),
(307, 179, 309, 1, 'FK307/CJM/MOR23', '26888', 'SJ308/CJM/12-325', '', '2012-11-14', '2012-11-14', '2013-01-14', 400, 400, 14400, 0, 5760000, 576000, 576000, 6336000, 'TT037', '0', 0, NULL, NULL),
(308, 188, 310, 1, 'FK308/CJM/MOR23', '27776', 'SJ309/CJM/12-326', '', '2012-11-20', '2012-11-20', '2013-01-20', 1350, 1350, 14400, 0, 19440000, 1944000, 1944000, 21384000, 'TT038', '0', 0, NULL, NULL),
(309, 190, 311, 4, 'FK309/CJM/RMW72', '28201', 'SJ310/CJM/12-308', '', '2012-11-22', '2012-11-22', '2013-01-22', 340, 340, 8300, 0, 2822000, 282200, 282200, 3104200, 'TT038', '0', 0, NULL, NULL),
(310, 158, 312, 45, 'FK310/CJM/KEN82', '23270', 'SJ311/CJM/12-310', '', '2012-11-22', '2012-11-22', '2013-01-22', 185, 185, 19500, 0, 3607500, 360750, 360750, 3968250, 'TT038', '0', 0, NULL, NULL),
(311, 106, 313, 32, 'FK311/CJM/LAN57', '21798', 'SJ312/CJM/12-312', '', '2012-11-22', '2012-11-22', '2013-01-22', 120, 120, 39000, 0, 4680000, 468000, 468000, 5148000, 'TT038', '0', 0, NULL, NULL),
(312, 168, 314, 28, 'FK312/CJM/FLX98', '26013', 'SJ313/CJM/12-327', '', '2012-11-22', '2012-11-22', '2013-01-22', 660, 660, 32895, 0, 21710700, 2171070, 2171070, 23881770, 'TT038', '0', 0, NULL, NULL),
(313, 182, 315, 30, 'FK313/CJM/RMW72', '27366', 'SJ314/CJM/12-328', '', '2012-11-22', '2012-11-22', '2013-01-22', 700, 700, 8300, 0, 5810000, 581000, 581000, 6391000, 'TT038', '0', 0, NULL, NULL),
(314, 183, 316, 37, 'FK314/CJM/MOR24', '27782', 'SJ315/CJM/12-329', '', '2012-11-22', '2012-11-22', '2013-01-22', 1510, 1510, 17500, 0, 26425000, 2642500, 2642500, 29067500, 'TT038', '0', 0, NULL, NULL),
(315, 184, 317, 37, 'FK315/CJM/MOR24', '27799', 'SJ316/CJM/12-330', '', '2012-11-28', '2012-11-28', '2013-01-28', 2000, 2000, 17500, 0, 35000000, 3500000, 3500000, 38500000, 'TT039', '0', 0, NULL, NULL),
(316, 183, 318, 37, 'FK316/CJM/MOR24', '27782', 'SJ317/CJM/12-331', '', '2012-11-29', '2012-11-29', '2013-01-29', 490, 490, 17500, 0, 8575000, 857500, 857500, 9432500, 'TT039', '0', 0, NULL, NULL),
(317, 181, 319, 30, 'FK317/CJM/RMW72', '27365', 'SJ318/CJM/12-332', '', '2012-11-29', '2012-11-29', '2013-01-29', 1750, 1750, 8300, 0, 14525000, 1452500, 1452500, 15977500, 'TT039', '0', 0, NULL, NULL),
(318, 142, 303, 1, 'FK318/CJM/MOR23', '25075', 'SJ319/CJM/13-329', '', '2012-11-29', '2012-11-29', '2013-01-29', 65, 65, 14400, 0, 936000, 93600, 93600, 1029600, 'TT040', '0', 0, NULL, NULL),
(319, 189, 320, 1, 'FK319/CJM/MOR23', '27777', 'SJ320/CJM/13-330', '', '2012-11-29', '2012-11-29', '2013-01-29', 960, 960, 14400, 0, 13824000, 1382400, 1382400, 15206400, 'TT040', '0', 0, NULL, NULL),
(320, 134, 321, 32, 'FK320/CJM/LAN57', '24270', 'SJ321/CJM/13-333', '', '2012-12-06', '2012-12-06', '2013-02-06', 540, 540, 39000, 0, 21060000, 2106000, 2106000, 23166000, 'TT041', '0', 0, NULL, NULL),
(321, 157, 322, 45, 'FK321/CJM/KEN82', '23271', 'SJ322/CJM/13-334', '', '2012-12-06', '2012-12-06', '2013-02-06', 1200, 1200, 19500, 0, 23400000, 2340000, 2340000, 25740000, 'TT041', '0', 0, NULL, NULL),
(322, 168, 323, 28, 'FK322/CJM/FLX98', '26013', 'SJ323/CJM/13-335', '', '2012-12-06', '2012-12-06', '2013-02-06', 170, 170, 32895, 0, 5592150, 559215, 559215, 6151365, 'TT041', '0', 0, NULL, NULL),
(323, 173, 324, 48, 'FK323/CJM/LIZ60', '26547', 'SJ324/CJM/13-336', '', '2012-12-06', '2012-12-06', '2013-02-06', 495, 495, 20000, 0, 9900000, 990000, 990000, 10890000, 'TT041', '0', 0, NULL, NULL),
(324, 185, 325, 40, 'FK324/CJM/MOR24', '27778', 'SJ325/CJM/13-337', '', '2012-12-06', '2012-12-06', '2013-02-06', 500, 500, 17500, 0, 8750000, 875000, 875000, 9625000, 'TT041', '0', 0, NULL, NULL),
(325, 202, 326, 37, 'FK325/CJM/MOR24', '28486', 'SJ326/CJM/13-338', '', '2012-12-06', '2012-12-06', '2013-02-06', 750, 750, 17500, 0, 13125000, 1312500, 1312500, 14437500, 'TT041', '0', 0, NULL, NULL),
(326, 173, 327, 48, 'FK326/CJM/LIZ60', '26547', 'SJ327/CJM/13-339', '', '2012-12-10', '2012-12-10', '2013-02-10', 80, 80, 20000, 0, 1600000, 160000, 160000, 1760000, 'TT042', '0', 0, NULL, NULL),
(327, 172, 328, 47, 'FK327/CJM/LIZ60', '26548', 'SJ328/CJM/13-340', '', '2012-12-10', '2012-12-10', '2013-02-10', 675, 675, 20000, 0, 13500000, 1350000, 1350000, 14850000, 'TT042', '0', 0, NULL, NULL),
(328, 201, 329, 4, 'FK328/CJM/RMW72', '28524', 'SJ329/CJM/13-341', '', '2012-12-10', '2012-12-10', '2013-02-10', 1535, 1535, 8300, 0, 12740500, 1274050, 1274050, 14014550, 'TT042', '0', 0, NULL, NULL),
(329, 157, 330, 45, 'FK329/CJM/KEN82', '23271', 'SJ330/CJM/13-339', '', '2012-12-14', '2012-12-14', '2013-02-14', 100, 100, 19500, 0, 1950000, 195000, 195000, 2145000, 'TT043', '0', 0, NULL, NULL),
(330, 159, 331, 46, 'FK330/CJM/KEN82', '23269', 'SJ331/CJM/13-340', '', '2012-12-14', '2012-12-14', '2013-02-14', 130, 130, 19500, 0, 2535000, 253500, 253500, 2788500, 'TT043', '0', 0, NULL, NULL),
(331, 134, 332, 32, 'FK331/CJM/LAN57', '24270', 'SJ332/CJM/13-341', '', '2012-12-14', '2012-12-14', '2013-02-14', 300, 300, 39000, 0, 11700000, 1170000, 1170000, 12870000, 'TT043', '0', 0, NULL, NULL),
(332, 172, 333, 47, 'FK332/CJM/LIZ60', '26548', 'SJ333/CJM/13-343', '', '2012-12-14', '2012-12-14', '2013-02-14', 250, 250, 20000, 0, 5000000, 500000, 500000, 5500000, 'TT043', '0', 0, NULL, NULL),
(333, 173, 334, 48, 'FK333/CJM/LIZ60', '26547', 'SJ334/CJM/13-344', '', '2012-12-14', '2012-12-14', '2013-02-14', 25, 25, 20000, 0, 500000, 50000, 50000, 550000, 'TT043', '0', 0, NULL, NULL),
(334, 181, 335, 30, 'FK334/CJM/RMW72', '27365', 'SJ335/CJM/13-345', '', '2012-12-14', '2012-12-14', '2013-02-14', 50, 50, 8300, 0, 415000, 41500, 41500, 456500, 'TT043', '0', 0, NULL, NULL),
(335, 200, 336, 4, 'FK335/CJM/RMW72', '28525', 'SJ336/CJM/13-346', '', '2012-12-14', '2012-12-14', '2013-02-14', 940, 940, 8300, 0, 7802000, 780200, 780200, 8582200, 'TT043', '0', 0, NULL, NULL),
(336, 201, 337, 4, 'FK336/CJM/RMW72', '28524', 'SJ337/CJM/13-347', '', '2012-12-14', '2012-12-14', '2013-02-14', 465, 465, 8300, 0, 3859500, 385950, 385950, 4245450, 'TT043', '0', 0, NULL, NULL),
(337, 202, 338, 37, 'FK337/CJM/MOR24', '28486', 'SJ338/CJM/13-348', '', '2012-12-14', '2012-12-14', '2013-02-14', 250, 250, 17500, 0, 4375000, 437500, 437500, 4812500, 'TT043', '0', 0, NULL, NULL),
(338, 186, 339, 40, 'FK338/CJM/MOR24', '27779', 'SJ339/CJM/13-352', '', '2012-12-21', '2012-12-21', '2013-02-21', 500, 500, 17500, 0, 8750000, 875000, 875000, 9625000, 'TT044', '0', 0, NULL, NULL),
(339, 187, 340, 40, 'FK339/CJM/MOR24', '27780', 'SJ340/CJM/13-353', '', '2012-12-21', '2012-12-21', '2013-02-21', 1210, 1210, 17500, 0, 21175000, 2117500, 2117500, 23292500, 'TT044', '0', 0, NULL, NULL),
(340, 200, 341, 4, 'FK340/CJM/RMW72', '28525', 'SJ341/CJM/13-354', '', '2012-12-21', '2012-12-21', '2013-02-21', 60, 60, 8300, 0, 498000, 49800, 49800, 547800, 'TT044', '0', 0, NULL, NULL),
(341, 203, 342, 37, 'FK341/CJM/MOR24', '28485', 'SJ342/CJM/13-355', '', '2012-12-21', '2012-12-21', '2013-02-21', 500, 500, 17500, 0, 8750000, 875000, 875000, 9625000, 'TT044', '0', 0, NULL, NULL),
(342, 134, 343, 32, 'FK342/CJM/LAN57', '24270', 'SJ343/CJM/13-349', '', '2012-12-21', '2012-12-21', '2013-02-21', 480, 480, 39000, 0, 18720000, 1872000, 1872000, 20592000, 'TT044', '0', 0, NULL, NULL),
(343, 168, 344, 28, 'FK343/CJM/FLX98', '26013', 'SJ344/CJM/13-351', '', '2012-12-21', '2012-12-21', '2013-02-21', 270, 270, 32895, 0, 8881650, 888165, 888165, 9769815, 'TT045', '0', 0, NULL, NULL),
(344, 198, 345, 30, 'FK344/CJM/RMW72', '28526', 'SJ345/CJM/13-357', '', '2013-01-03', '2013-01-03', '2013-03-03', 1000, 1000, 8300, 0, 8300000, 830000, 830000, 9130000, 'TT046', '0', 0, NULL, NULL),
(345, 197, 346, 1, 'FK345/CJM/MOR23', '28481', 'SJ346/CJM/13-356', '', '2013-01-03', '2013-01-03', '2013-03-03', 1460, 1460, 14400, 0, 21024000, 2102400, 2102400, 23126400, 'TT046', '0', 0, NULL, NULL),
(346, 199, 347, 30, 'FK346/CJM/RMW72', '28528', 'SJ347/CJM/13-358', '', '2013-01-03', '2013-01-03', '2013-03-03', 1000, 1000, 8300, 0, 8300000, 830000, 830000, 9130000, 'TT046', '0', 0, NULL, NULL),
(347, 199, 348, 30, 'FK347/CJM/RMW72', '28528', 'SJ348/CJM/13-360', '', '2013-01-15', '2013-01-15', '2013-03-15', 500, 500, 8300, 0, 4150000, 415000, 415000, 4565000, 'TT047', '0', 0, NULL, NULL),
(348, 187, 349, 40, 'FK348/CJM/MOR24', '27780', 'SJ349/CJM/13-362', '', '2013-01-15', '2013-01-15', '2013-03-15', 680, 680, 17500, 0, 11900000, 1190000, 1190000, 13090000, 'TT047', '0', 0, NULL, NULL),
(349, 193, 350, 37, 'FK349/CJM/MOR24', '28583', 'SJ350/CJM/13-363', '', '2013-01-15', '2013-01-15', '2013-03-15', 1225, 1225, 17500, 0, 21437500, 2143750, 2143750, 23581250, 'TT047', '0', 0, NULL, NULL),
(350, 159, 351, 46, 'FK350/CJM/KEN82', '23269', 'SJ351/CJM/133-364', '', '2013-01-21', '2013-01-21', '2013-03-21', 125, 125, 19500, 0, 2437500, 243750, 243750, 2681250, 'TT048', '0', 0, NULL, NULL),
(351, 134, 352, 32, 'FK351/CJM/LAN57', '24270', 'SJ352/CJM/13-365', '', '2013-01-21', '2013-01-21', '2013-03-21', 180, 180, 39000, 0, 7020000, 702000, 702000, 7722000, 'TT048', '0', 0, NULL, NULL),
(352, 187, 353, 40, 'FK352/CJM/MOR24', '27780', 'SJ353/CJM/13-365', '', '2013-01-21', '2013-01-21', '2013-03-21', 110, 110, 17500, 0, 1925000, 192500, 192500, 2117500, 'TT048', '0', 0, NULL, NULL),
(353, 193, 354, 37, 'FK353/CJM/MOR24', '28583', 'SJ354/CJM/13-367', '', '2013-01-21', '2013-01-21', '2013-03-21', 275, 275, 17500, 0, 4812500, 481250, 481250, 5293750, 'TT048', '0', 0, NULL, NULL),
(354, 172, 355, 47, 'FK354/CJM/LIZ60', '26548', 'SJ355/CJM/13-350', '', '2013-01-22', '2013-01-22', '2013-03-22', 80, 80, 20000, 0, 1600000, 160000, 160000, 1760000, 'TT048', '0', 0, NULL, NULL),
(355, 159, 356, 46, 'FK355/CJM/KEN82', '23269', 'SJ356/CJM/13-370', '', '2013-01-29', '2013-01-29', '2013-03-29', 190, 190, 19500, 0, 3705000, 370500, 370500, 4075500, 'TT049', '0', 0, NULL, NULL),
(356, 204, 357, 45, 'FK356/CJM/KEN82', '29089', 'SJ357/CJM/13-372', '', '2013-01-29', '2013-01-29', '2013-03-29', 1280, 1280, 19500, 0, 24960000, 2496000, 2496000, 27456000, 'TT049', '0', 0, NULL, NULL),
(357, 206, 358, 14, 'FK357/CJM/MOR23', '30521', 'SJ358/CJM/13-371', '', '2013-01-29', '2013-01-29', '2013-03-29', 495, 495, 14400, 0, 7128000, 712800, 712800, 7840800, 'TT049', '0', 0, NULL, NULL),
(358, 159, 359, 46, 'FK358/CJM/KEN82', '23269', 'SJ359/CJM/13-373', '', '2013-02-01', '2013-02-01', '2013-04-01', 10, 10, 19500, 0, 195000, 19500, 19500, 214500, 'TT050', '0', 0, NULL, NULL),
(359, 192, 360, 1, 'FK359/CJM/MOR23', '28560', 'SJ360/CJM/13-374', '', '2013-02-01', '2013-02-01', '2013-04-01', 1000, 1000, 14400, 0, 14400000, 1440000, 1440000, 15840000, 'TT050', '0', 0, NULL, NULL),
(360, 191, 361, 1, 'FK360/CJM/MOR23', '28561', 'SJ361/CJM/13-375', '', '2013-02-01', '2013-02-01', '2013-04-01', 250, 250, 14400, 0, 3600000, 360000, 360000, 3960000, 'TT050', '0', 0, NULL, NULL),
(361, 204, 362, 45, 'FK361/CJM/KEN82', '29089', 'SJ362/CJM/13-376', '', '2013-02-01', '2013-02-01', '2013-04-01', 255, 255, 19500, 0, 4972500, 497250, 497250, 5469750, 'TT050', '0', 0, NULL, NULL),
(362, 191, 363, 1, 'FK362/CJM/MOR23', '28561', 'SJ363/CJM/13-375', '', '2013-02-11', '2013-02-11', '2013-04-11', 645, 645, 14400, 0, 9288000, 928800, 928800, 10216800, 'TT051', '0', 0, NULL, NULL),
(363, 205, 364, 14, 'FK363/CJM/MOR23', '31132', 'SJ364/CJM/13-376', '', '2013-02-11', '2013-02-11', '2013-04-11', 1230, 1230, 14400, 0, 17712000, 1771200, 1771200, 19483200, 'TT051', '0', 0, NULL, NULL),
(364, 204, 365, 45, 'FK364/CJM/KEN82', '29089', 'SJ365/CJM/13-377', '', '2013-02-11', '2013-02-11', '2013-04-11', 505, 505, 19500, 0, 9847500, 984750, 984750, 10832250, 'TT051', '0', 0, NULL, NULL),
(365, 194, 366, 46, 'FK365/CJM/KEN82', '29085', 'SJ366/CJM/13-378', '', '2013-02-11', '2013-02-11', '2013-04-11', 190, 190, 19500, 0, 3705000, 370500, 370500, 4075500, 'TT051', '0', 0, NULL, NULL),
(366, 222, 367, 14, 'FK366/CJM/MOR23', '30493', 'SJ367/CJM/13-368', '', '2013-02-15', '2013-02-15', '2013-04-15', 2000, 2000, 14400, 0, 28800000, 2880000, 2880000, 31680000, 'TT052', '0', 0, NULL, NULL),
(367, 206, 368, 14, 'FK367/CJM/MOR23', '30521', 'SJ368/CJM/13-369', '', '2013-02-15', '2013-02-15', '2013-04-15', 505, 505, 14400, 0, 7272000, 727200, 727200, 7999200, 'TT052', '0', 0, NULL, NULL),
(368, 197, 369, 1, 'FK368/CJM/MOR23', '28481', 'SJ369/CJM/13-369', '', '2013-02-15', '2013-02-15', '2013-04-15', 540, 540, 14400, 0, 7776000, 777600, 777600, 8553600, 'TT052', '0', 0, NULL, NULL),
(369, 217, 370, 51, 'FK369/CJM/KNI91', '31139', 'SJ370/CJM/13-380', '', '2013-02-22', '2013-02-22', '2013-04-22', 500, 500, 21000, 0, 10500000, 1050000, 1050000, 11550000, 'TT053', '0', 0, NULL, NULL),
(370, 204, 371, 45, 'FK370/CJM/KEN82', '29089', 'SJ371/CJM/13-381', '', '2013-02-22', '2013-02-22', '2013-04-22', 460, 460, 19500, 0, 8970000, 897000, 897000, 9867000, 'TT053', '0', 0, NULL, NULL),
(371, 205, 372, 14, 'FK371/CJM/MOR23', '31132', 'SJ372/CJM/13-382', '', '2013-02-22', '2013-02-22', '2013-04-22', 570, 570, 14400, 0, 8208000, 820800, 820800, 9028800, 'TT053', '0', 0, NULL, NULL),
(372, 211, 373, 14, 'FK372/CJM/MOR23', '31134', 'SJ373/CJM/13-384', '', '2013-02-27', '2013-02-27', '2013-04-27', 500, 500, 14400, 0, 7200000, 720000, 720000, 7920000, 'TT054', '0', 0, NULL, NULL),
(373, 219, 374, 37, 'FK373/CJM/MOR24', '31260', 'SJ374/CJM/13-385', '', '2013-02-27', '2013-02-27', '2013-04-27', 200, 200, 17500, 0, 3500000, 350000, 350000, 3850000, 'TT054', '0', 0, NULL, NULL),
(374, 216, 375, 50, 'FK374/CJM/KNI91', '31138', 'SJ375/CJM/13-386', '', '2013-02-27', '2013-02-27', '2013-04-27', 532, 532, 21000, 0, 11172000, 1117200, 1117200, 12289200, 'TT054', '0', 0, NULL, NULL),
(375, 215, 376, 50, 'FK375/CJM/KNI91', '31137', 'SJ376/CJM/13-387', '', '2013-02-27', '2013-02-27', '2013-04-27', 531, 531, 21000, 0, 11151000, 1115100, 1115100, 12266100, 'TT054', '0', 0, NULL, NULL),
(376, 196, 377, 1, 'FK376/CJM/MOR23', '28482', 'SJ377/CJM/13-361', '', '2013-03-04', '2013-03-04', '2013-05-04', 350, 350, 14400, 0, 5040000, 504000, 504000, 5544000, 'TT055', '0', 0, NULL, NULL),
(377, 196, 378, 1, 'FK377/CJM/MOR23', '28482', 'SJ378/CJM/13-366', '', '2013-03-04', '2013-03-04', '2013-05-04', 650, 650, 14400, 0, 9360000, 936000, 936000, 10296000, 'TT055', '0', 0, NULL, NULL),
(378, 215, 379, 50, 'FK378/CJM/KNI91', '31137', 'SJ379/CJM/13-388', '', '2013-03-05', '2013-03-05', '2013-05-05', 1708, 1708, 21000, 0, 35868000, 3586800, 3586800, 39454800, 'TT055', '0', 0, NULL, NULL),
(379, 215, 380, 50, 'FK379/CJM/KNI91', '31137', 'SJ380/CJM/13-389', '', '2013-03-07', '2013-03-07', '2013-05-07', 229, 229, 21000, 0, 4809000, 480900, 480900, 5289900, 'TT058', '0', 0, NULL, NULL),
(380, 191, 381, 1, 'FK380/CJM/MOR23', '28561', 'SJ381/CJM/13-390', '', '2013-03-13', '2013-03-13', '2013-05-13', 105, 105, 14400, 0, 1512000, 151200, 151200, 1663200, 'TT056', '0', 0, NULL, NULL),
(381, 211, 382, 14, 'FK381/CJM/MOR23', '31134', 'SJ382/CJM/13-391', '', '2013-03-13', '2013-03-13', '2013-05-13', 350, 350, 14400, 0, 5040000, 504000, 504000, 5544000, 'TT056', '0', 0, NULL, NULL),
(382, 218, 383, 37, 'FK382/CJM/MOR24', '31261', 'SJ383/CJM/13-392', '', '2013-03-13', '2013-03-13', '2013-05-13', 860, 860, 17500, 0, 15050000, 1505000, 1505000, 16555000, 'TT056', '0', 0, NULL, NULL),
(383, 223, 384, 45, 'FK383/CJM/KEN82', '30552', 'SJ384/CJM/13-393', '', '2013-03-13', '2013-03-13', '2013-05-13', 360, 360, 19500, 0, 7020000, 702000, 702000, 7722000, 'TT056', '0', 0, NULL, NULL),
(384, 218, 385, 37, 'FK384/CJM/MOR24', '31261', 'SJ385/CJM/13-394', '', '2013-03-14', '2013-03-14', '2013-05-14', 565, 565, 17500, 0, 9887500, 988750, 988750, 10876250, 'TT056', '0', 0, NULL, NULL),
(385, 194, 386, 46, 'FK385/CJM/KEN82', '29085', 'SJ386/CJM/13-395', '', '2013-03-14', '2013-03-14', '2013-05-14', 350, 350, 19500, 0, 6825000, 682500, 682500, 7507500, 'TT056', '0', 0, NULL, NULL),
(386, 223, 387, 45, 'FK386/CJM/KEN82', '30552', 'SJ387/CJM/13-396', '', '2013-03-14', '2013-03-14', '2013-05-14', 1105, 1105, 19500, 0, 21547500, 2156700, 2156700, 23704200, 'TT056', '0', 0, NULL, NULL),
(387, 213, 388, 14, 'FK387/CJM/MOR23', '31245', 'SJ388/CJM/13-398', '', '2013-03-18', '2013-03-18', '2013-05-18', 1145, 1145, 14400, 0, 16488000, 1648800, 1648800, 18136800, 'TT057', '0', 0, NULL, NULL),
(388, 212, 389, 16, 'FK388/CJM/FLX98', '31268', 'SJ389/CJM/13-397', '', '2013-03-18', '2013-03-18', '2013-05-18', 1030, 1030, 32895, 0, 33881850, 3388185, 3388185, 37270035, 'TT057', '0', 0, NULL, NULL),
(389, 214, 390, 14, 'FK389/CJM/MOR23', '31244', 'SJ390/CJM/13-400', '', '2013-03-22', '2013-03-22', '2013-05-22', 665, 665, 14400, 0, 9576000, 957600, 957600, 10533600, 'TT059', '0', 0, NULL, NULL),
(390, 214, 391, 14, 'FK390/CJM/MOR23', '31244', 'SJ391/CJM/13-399', '', '2013-03-22', '2013-03-22', '2013-05-22', 250, 250, 14400, 0, 3600000, 360000, 360000, 3960000, 'TT059', '0', 0, NULL, NULL),
(391, 223, 392, 45, 'FK391/CJM/KEN82', '30552', 'SJ392/CJM/13-401', '', '2013-03-22', '2013-03-22', '2013-05-22', 209, 209, 19500, 0, 4075500, 407550, 407550, 4483050, 'TT059', '0', 0, NULL, NULL),
(392, 218, 393, 37, 'FK392/CJM/MOR24', '31261', 'SJ393/CJM/13-402', '', '2013-03-22', '2013-03-22', '2013-05-22', 285, 285, 17500, 0, 4987500, 498750, 498750, 5486250, 'TT059', '0', 0, NULL, NULL),
(393, 212, 394, 16, 'FK393/CJM/FLX98', '31268', 'SJ394/CJM/13-403', '', '2013-03-28', '2013-03-28', '2013-05-28', 1002, 1002, 32895, 0, 32960790, 3296079, 3296079, 36256869, 'TT060', '0', 0, NULL, NULL),
(394, 218, 395, 37, 'FK394/CJM/MOR24', '31261', 'SJ395/CJM/13-404', '', '2013-03-28', '2013-03-28', '2013-05-28', 90, 90, 17500, 0, 1575000, 157500, 157500, 1732500, 'TT060', '0', 0, NULL, NULL),
(395, 223, 396, 45, 'FK395/CJM/KEN82', '30552', 'SJ396/CJM/13-406', '', '2013-03-28', '2013-03-28', '2013-05-28', 325, 325, 19500, 0, 6337500, 633750, 633750, 6971250, 'TT060', '0', 0, NULL, NULL),
(396, 214, 397, 14, 'FK396/CJM/MOR23', '31244', 'SJ397/CJM/13-408', '', '2013-03-28', '2013-03-28', '2013-05-28', 885, 885, 14400, 0, 12744000, 1274400, 1274400, 14018400, 'TT060', '0', 0, NULL, NULL),
(397, 224, 398, 4, 'FK397/CJM/RMW72', '32806', 'SJ398/CJM/13-405', '', '2013-03-28', '2013-03-28', '2013-05-28', 1000, 1000, 8300, 0, 8300000, 830000, 830000, 9130000, 'TT060', '0', 0, NULL, '2013-05-07 21:30:26'),
(398, 225, 399, 4, 'FK398/CJM/RMW72', '32807', 'SJ399/CJM/13-409', '', '2013-03-28', '2013-03-28', '2013-05-28', 500, 500, 8300, 0, 4150000, 415000, 415000, 4565000, 'TT060', '0', 0, NULL, NULL);

-- --------------------------------------------------------

--
-- Struktur dari tabel `dtb_order`
--

CREATE TABLE IF NOT EXISTS `dtb_order` (
  `id` bigint(20) unsigned NOT NULL auto_increment,
  `product_id` bigint(20) unsigned NOT NULL,
  `po_no` char(6) default NULL,
  `order_no` bigint(20) default NULL,
  `product_no` varchar(10) default NULL,
  `order_date` date default NULL,
  `price` int(11) default NULL,
  `qty` varchar(10) default NULL,
  `quantity` int(11) default NULL,
  `payment` int(11) default NULL,
  `payment_term` int(11) default '2',
  `payment_flag` tinyint(4) default '0',
  `plan` bigint(10) default NULL,
  `keterangan` text,
  `description` text,
  `tanggal_terima` date default NULL,
  `receipt_date` date default NULL,
  `week_kirim` varchar(10) default NULL,
  `delivery_week` bigint(10) default NULL,
  `dept` varchar(5) default NULL,
  `status` varchar(20) default 'Progress',
  `status_flag` tinyint(4) default '0',
  `document_flag` tinyint(4) default '1',
  `create_date` datetime default NULL,
  `update_date` datetime default NULL,
  PRIMARY KEY  (`id`)
) ENGINE=InnoDB  DEFAULT CHARSET=utf8 AUTO_INCREMENT=227 ;

--
-- Dumping data untuk tabel `dtb_order`
--

INSERT INTO `dtb_order` (`id`, `product_id`, `po_no`, `order_no`, `product_no`, `order_date`, `price`, `qty`, `quantity`, `payment`, `payment_term`, `payment_flag`, `plan`, `keterangan`, `description`, `tanggal_terima`, `receipt_date`, `week_kirim`, `delivery_week`, `dept`, `status`, `status_flag`, `document_flag`, `create_date`, `update_date`) VALUES
(1, 4, '11999', 11999, 'PR004', '2011-06-27', 8300, '0', 2000, 2, 2, 0, 1385, '', '', '2011-07-07', '2011-07-07', '38/2011', 201138, '426', 'Finish', 2, 1, '0000-00-00 00:00:00', '0000-00-00 00:00:00'),
(2, 1, '11663', 11663, 'PR002', '2011-06-17', 14400, '0', 1500, 2, 2, 0, 1333, '', '', '2011-06-29', '2011-06-29', '33/2011', 201133, '424', 'Finish', 2, 1, '0000-00-00 00:00:00', '0000-00-00 00:00:00'),
(3, 1, '11967', 11967, 'PR002', '2011-06-25', 14400, '0', 2000, 2, 2, 0, 1341, '', '', '2011-07-07', '2011-07-07', '34/2011', 201134, '427', 'Finish', 2, 1, '0000-00-00 00:00:00', '0000-00-00 00:00:00'),
(4, 15, '22119', 22119, 'PR015', '2012-04-09', 7000, '', 1500, 2, 2, 0, 2223, '=== BATAL ===', '=== BATAL ===', '2012-04-12', '2012-04-12', '22/2012', 201222, '423', 'Progress', 0, 1, '0000-00-00 00:00:00', '0000-00-00 00:00:00'),
(5, 1, '12443', 12443, 'PR002', '2011-07-11', 14400, '0', 1000, 2, 2, 0, 1391, '', '', '2011-09-29', '2011-09-29', '39/2011', 201139, '427', 'Finish', 2, 1, '0000-00-00 00:00:00', '0000-00-00 00:00:00'),
(6, 2, '11426', 11426, 'PR001', '2011-06-06', 28600, '0', 1500, 2, 2, 0, 1291, '', '', '2011-06-09', '2011-06-09', '29/2011', 201129, '428', 'Finish', 2, 1, '0000-00-00 00:00:00', '0000-00-00 00:00:00'),
(7, 1, '12441', 12441, 'PR002', '2011-07-11', 14400, '0', 1000, 2, 2, 0, 1391, '', '', '2011-07-15', '2011-07-15', '39/2011', 201139, '427', 'Finish', 2, 1, '0000-00-00 00:00:00', '0000-00-00 00:00:00'),
(8, 5, '12514', 12514, 'PR005', '2011-07-12', 12000, '0', 1000, 2, 2, 0, 1341, '', '', '2011-07-15', '2011-07-15', '34/2011', 201134, '424', 'Finish', 2, 1, '0000-00-00 00:00:00', '0000-00-00 00:00:00'),
(9, 6, '12515', 12515, 'PR006', '2011-07-12', 12000, '0', 1000, 2, 2, 0, 1341, '', '', '2011-07-15', '2011-07-15', '34/2011', 201134, '424', 'Finish', 2, 1, '0000-00-00 00:00:00', '0000-00-00 00:00:00'),
(10, 4, '13379', 13379, 'PR004', '2011-08-02', 8300, '0', 1500, 2, 2, 0, 1422, '', '', '2011-08-04', '2011-08-04', '42/2011', 201142, '427', 'Finish', 2, 1, '0000-00-00 00:00:00', '0000-00-00 00:00:00'),
(11, 3, '11544', 11544, 'PR003', '2011-06-14', 12510, '0', NULL, 2, 2, 0, 1321, '5=120; 6=220; 7=320; 8=220; 9=120\r\n=====BATAL=====', '5=120; 6=220; 7=320; 8=220; 9=120\r\n=====BATAL=====', '2011-06-17', '2011-06-17', '32/2011', 201132, '426', 'Progress', 0, 1, '0000-00-00 00:00:00', '0000-00-00 00:00:00'),
(12, 7, '11603', 11603, 'PR007', '2011-06-15', 44000, '0', 1200, 2, 2, 0, 1311, '', '', '2011-06-17', '2011-06-17', '31/2011', 201131, '425', 'Finish', 2, 1, '0000-00-00 00:00:00', '0000-00-00 00:00:00'),
(13, 8, '11604', 11604, 'PR008', '2011-06-15', 44000, '0', 1200, 2, 2, 0, 1311, '', '', '2011-06-17', '2011-06-17', '31/2011', 201131, '425', 'Finish', 2, 1, '0000-00-00 00:00:00', '0000-00-00 00:00:00'),
(14, 9, '12734', 12734, 'PR009', '2011-07-18', 44000, '0', 791, 2, 2, 0, 1402, '<== export south africa ==>', '<== export south africa ==>', '2011-07-20', '2011-07-20', '40/2011', 201140, '426', 'Finish', 2, 1, '0000-00-00 00:00:00', '0000-00-00 00:00:00'),
(15, 10, '12733', 12733, 'PR010', '2011-07-18', 44000, '0', 565, 2, 2, 0, 1402, '<== export south africa ==>', '<== export south africa ==>', '2011-07-22', '2011-07-22', '40/2011', 201140, '426', 'Finish', 2, 1, '0000-00-00 00:00:00', '0000-00-00 00:00:00'),
(16, 2, '11427', 11427, 'PR001', '2011-06-06', 28600, '0', 1500, 2, 2, 0, 1292, '', '', '2011-06-09', '2011-06-09', '29/2011', 201129, '427', 'Finish', 2, 1, '0000-00-00 00:00:00', '0000-00-00 00:00:00'),
(17, 2, '11432', 11432, 'PR001', '2011-06-06', 28600, '0', 2000, 2, 2, 0, 1290, '', '', '2011-06-09', '2011-06-09', '29/2011', 201129, '428', 'Finish', 2, 1, '0000-00-00 00:00:00', '0000-00-00 00:00:00'),
(18, 11, '11675', 11675, 'PR011', '2011-06-17', 31500, '0', 400, 2, 2, 0, 1335, '', '', '2011-06-24', '2011-06-24', '33/2011', 201133, '425', 'Finish', 2, 1, '0000-00-00 00:00:00', '0000-00-00 00:00:00'),
(19, 12, '11676', 11676, 'PR012', '2011-06-17', 32500, '0', 400, 2, 2, 0, 1335, '', '', '2011-06-24', '2011-06-24', '33/2011', 201133, '425', 'Finish', 2, 1, '0000-00-00 00:00:00', '0000-00-00 00:00:00'),
(20, 1, '11991', 11991, 'PR002', '2011-06-27', 14400, '0', 1250, 2, 2, 0, 1383, '', '', '2011-09-29', '2011-09-29', '38/2011', 201138, '425', 'Finish', 2, 1, '0000-00-00 00:00:00', '0000-00-00 00:00:00'),
(21, 1, '11990', 11990, 'PR002', '2011-06-27', 14400, '0', 1250, 2, 2, 0, 1383, '', '', '2011-07-07', '2011-07-07', '38/2011', 201138, '425', 'Finish', 2, 1, '0000-00-00 00:00:00', '0000-00-00 00:00:00'),
(22, 13, '13766', 13766, 'PR013', '2011-08-10', 39500, '0', 800, 2, 2, 0, 1443, '', '', '2011-08-15', '2011-08-15', '44/2011', 201144, '427', 'Finish', 2, 1, '0000-00-00 00:00:00', '0000-00-00 00:00:00'),
(23, 4, '13660', 13660, 'PR004', '2011-08-09', 8300, '0', 1250, 2, 2, 0, 1442, '', '', '2011-08-15', '2011-08-15', '44/2011', 201144, '426', 'Finish', 2, 1, '0000-00-00 00:00:00', '0000-00-00 00:00:00'),
(24, 1, '20611', 20611, 'PR002', '2012-03-02', 14400, NULL, 1500, 2, 2, 0, 2173, '', '', '2012-03-08', '2012-03-08', '17/2012', 201217, '424', 'Finish', 2, 1, '0000-00-00 00:00:00', '0000-00-00 00:00:00'),
(25, 4, '13662', 13662, 'PR004', '2011-08-09', 8300, '0', 1250, 2, 2, 0, 1442, '', '', '2011-08-15', '2011-08-15', '44/2011', 201144, '426', 'Finish', 2, 1, '0000-00-00 00:00:00', '0000-00-00 00:00:00'),
(26, 4, '13663', 13663, 'PR004', '2011-08-09', 8300, '0', 600, 2, 2, 0, 1442, '', '', '2011-08-15', '2011-08-15', '44/2011', 201144, '426', 'Finish', 2, 1, '0000-00-00 00:00:00', '0000-00-00 00:00:00'),
(27, 14, '14477', 14477, 'PR014', '2011-09-14', 14400, '0', 2000, 2, 2, 0, 1451, '', '', '2011-09-20', '2011-09-20', '45/2011', 201145, '426', 'Finish', 2, 1, '0000-00-00 00:00:00', '0000-00-00 00:00:00'),
(28, 14, '14479', 14479, 'PR014', '2011-09-14', 14400, '0', 1000, 2, 2, 0, 1453, '', '', '2011-09-22', '2011-09-22', '45/2011', 201145, '426', 'Finish', 2, 1, '0000-00-00 00:00:00', '0000-00-00 00:00:00'),
(29, 14, '14478', 14478, 'PR014', '2011-09-14', 14400, '0', 2000, 2, 2, 0, 1452, '', '', '2011-09-20', '2011-09-20', '45/2011', 201145, '426', 'Finish', 2, 1, '0000-00-00 00:00:00', '0000-00-00 00:00:00'),
(30, 1, '14083', 14083, 'PR002', '2011-08-22', 14400, '0', 1425, 2, 2, 0, 1451, '', '', '2011-10-03', '2011-10-03', '45/2011', 201145, '426', 'Finish', 2, 1, '0000-00-00 00:00:00', '0000-00-00 00:00:00'),
(31, 1, '14084', 14084, 'PR002', '2011-08-22', 14400, '0', 400, 2, 2, 0, 1451, '', '', '2011-10-03', '2011-10-03', '45/2011', 201145, '426', 'Finish', 2, 1, '0000-00-00 00:00:00', '0000-00-00 00:00:00'),
(32, 1, '14081', 14081, 'PR002', '2011-08-22', 14400, '0', 1425, 2, 2, 0, 1451, '', '', '2011-10-03', '2011-10-03', '45/2011', 201145, '426', 'Finish', 2, 1, '0000-00-00 00:00:00', '0000-00-00 00:00:00'),
(33, 1, '14921', 14921, 'PR002', '2011-09-26', 14400, '0', 2000, 2, 2, 0, 1471, '', '', '2011-09-29', '2011-09-29', '47/2011', 201147, '425', 'Finish', 2, 1, '0000-00-00 00:00:00', '0000-00-00 00:00:00'),
(34, 1, '14922', 14922, 'PR002', '2011-09-26', 14400, '0', 2000, 2, 2, 0, 1472, '', '', '2011-09-29', '2011-09-29', '47/2011', 201147, '425', 'Finish', 2, 1, '0000-00-00 00:00:00', '0000-00-00 00:00:00'),
(35, 1, '14923', 14923, 'PR002', '2011-09-26', 14400, '0', 1000, 2, 2, 0, 1473, '', '', '2011-09-29', '2011-09-29', '47/2011', 201147, '425', 'Finish', 2, 1, '0000-00-00 00:00:00', '0000-00-00 00:00:00'),
(36, 15, '15288', 15288, 'PR015', '2011-10-05', 7000, '0', 2000, 2, 2, 0, 1483, '', '', '2011-10-06', '2011-10-06', '48/2011', 201148, '424', 'Finish', 2, 1, '0000-00-00 00:00:00', '0000-00-00 00:00:00'),
(37, 15, '15287', 15287, 'PR015', '2011-10-05', 7000, '0', 2000, 2, 2, 0, 1471, '', '', '2011-10-06', '2011-10-06', '47/2011', 201147, '423', 'Finish', 2, 1, '0000-00-00 00:00:00', '0000-00-00 00:00:00'),
(38, 4, '15172', 15172, 'PR004', '2011-09-30', 8300, '0', 1500, 2, 2, 0, 1481, '', '', '2011-10-06', '2011-10-06', '48/2011', 201148, '425', 'Finish', 2, 1, '0000-00-00 00:00:00', '0000-00-00 00:00:00'),
(39, 4, '15173', 15173, 'PR004', '2011-09-30', 8300, '0', 1500, 2, 2, 0, 1482, '', '', '2011-10-06', '2011-10-06', '48/2011', 201148, '425', 'Finish', 2, 1, '0000-00-00 00:00:00', '0000-00-00 00:00:00'),
(40, 14, '20610', 20610, 'PR014', '2012-03-02', 14400, NULL, 1250, 2, 2, 0, 2172, '', '', '2012-03-08', '2012-03-08', '17/2012', 201217, '424', 'Finish', 2, 1, '0000-00-00 00:00:00', '0000-00-00 00:00:00'),
(41, 1, '15796', 15796, 'PR002', '2011-10-17', 14400, '0', 2000, 2, 2, 0, 1501, '', '', '2011-10-21', '2011-10-21', '50/2011', 201150, '424', 'Finish', 2, 1, '0000-00-00 00:00:00', '0000-00-00 00:00:00'),
(42, 1, '15798', 15798, 'PR002', '2011-10-17', 14400, '0', 1500, 2, 2, 0, 1505, '', '', '2011-10-21', '2011-10-21', '50/2011', 201150, '427', 'Finish', 2, 1, '0000-00-00 00:00:00', '0000-00-00 00:00:00'),
(43, 1, '15811', 15811, 'PR002', '2011-10-17', 14400, '0', 1500, 2, 2, 0, 1505, '', '', '2011-10-21', '2011-10-21', '50/2011', 201150, '427', 'Finish', 2, 1, '0000-00-00 00:00:00', '0000-00-00 00:00:00'),
(44, 1, '16403', 16403, 'PR002', '2011-11-01', 14400, '0', 2000, 2, 2, 0, 1522, '', '', '2011-11-04', '2011-11-04', '52/2011', 201152, '424', 'Finish', 2, 1, '0000-00-00 00:00:00', '0000-00-00 00:00:00'),
(45, 1, '16404', 16404, 'PR002', '2011-11-01', 14400, '0', 1000, 2, 2, 0, 1523, '', '', '2011-11-04', '2011-11-04', '52/2011', 201152, '424', 'Finish', 2, 1, '0000-00-00 00:00:00', '0000-00-00 00:00:00'),
(46, 15, '17618', 17618, 'PR015', '2011-12-05', 7000, '0', 2000, 2, 2, 0, 2053, '', '', '2011-12-09', '2011-12-09', '05/2012', 201205, '428', 'Finish', 2, 1, '0000-00-00 00:00:00', '0000-00-00 00:00:00'),
(47, 4, '16597', 16597, 'PR004', '2011-11-04', 8300, '0', 2000, 2, 2, 0, 2021, '', '', '2011-11-11', '2011-11-11', '02/2011', 201102, '425', 'Finish', 2, 1, '0000-00-00 00:00:00', '0000-00-00 00:00:00'),
(48, 1, '20612', 20612, 'PR002', '2012-03-02', 14400, NULL, 1500, 2, 2, 0, 2174, '', '', '2012-03-08', '2012-03-08', '17/2012', 201217, '424', 'Finish', 2, 1, '0000-00-00 00:00:00', '0000-00-00 00:00:00'),
(49, 4, '16598', 16598, 'PR004', '2011-11-04', 8300, '0', 1200, 2, 2, 0, 2022, '', '', '2011-11-11', '2011-11-11', '02/2011', 201102, '425', 'Finish', 2, 1, '0000-00-00 00:00:00', '0000-00-00 00:00:00'),
(50, 16, '17045', 17045, 'PR016', '2011-11-16', 32895, '0', 1500, 2, 2, 0, 2033, '', '', '2011-11-25', '2011-11-25', '03/2012', 201203, '426', 'Finish', 2, 1, '0000-00-00 00:00:00', '0000-00-00 00:00:00'),
(51, 16, '17044', 17044, 'PR016', '2011-11-16', 32895, '0', 1500, 2, 2, 0, 2033, '', '', '2011-11-25', '2011-11-25', '03/2012', 201203, '426', 'Finish', 2, 1, '0000-00-00 00:00:00', '0000-00-00 00:00:00'),
(52, 14, '20609', 20609, 'PR014', '2012-03-02', 14400, NULL, 1250, 2, 2, 0, 2171, '', '', '2012-03-08', '2012-03-08', '17/2012', 201217, '424', 'Finish', 2, 1, '0000-00-00 00:00:00', '0000-00-00 00:00:00'),
(53, 1, '16124', 16124, 'PR002', '2011-10-24', 14400, '0', 1500, 2, 2, 0, 1511, '', '', '2011-10-27', '2011-10-27', '51/2011', 201151, '426', 'Finish', 2, 1, '0000-00-00 00:00:00', '0000-00-00 00:00:00'),
(54, 1, '16122', 16122, 'PR002', '2011-10-04', 14400, '0', 2000, 2, 2, 0, 1511, '', '', '2011-10-27', '2011-10-27', '51/2011', 201151, '426', 'Finish', 2, 1, '0000-00-00 00:00:00', '0000-00-00 00:00:00'),
(55, 14, '16118', 16118, 'PR014', '2011-10-04', 14400, '0', 500, 2, 2, 0, 1514, '', '', '2011-10-27', '2011-10-27', '51/2011', 201151, '425', 'Finish', 2, 1, '0000-00-00 00:00:00', '0000-00-00 00:00:00'),
(56, 14, '16116', 16116, 'PR014', '2011-10-04', 14400, '0', 1000, 2, 2, 0, 1514, '', '', '2011-10-27', '2011-10-27', '51/2011', 201151, '425', 'Finish', 2, 1, '0000-00-00 00:00:00', '0000-00-00 00:00:00'),
(57, 29, '20162', 20162, 'PR029', '2012-02-22', 46000, NULL, 1000, 2, 2, 0, 2133, '', '', '2012-03-04', '2012-03-04', '13/2012', 201213, '424', 'Finish', 2, 1, '0000-00-00 00:00:00', '0000-00-00 00:00:00'),
(58, 13, '17152', 17152, 'PR013', '2011-11-20', 39500, '0', 1000, 2, 2, 0, 2022, '', '', '2011-12-15', '2011-12-15', '02/2011', 201102, '425', 'Finish', 2, 1, '0000-00-00 00:00:00', '0000-00-00 00:00:00'),
(59, 17, '15976', 15976, 'PR017', '0000-00-00', 37700, '0', 398, 2, 2, 0, 149, '', '', '0000-00-00', '0000-00-00', '', 0, '', 'Finish', 2, 1, '0000-00-00 00:00:00', '0000-00-00 00:00:00'),
(60, 18, '15977', 15977, 'PR018', '0000-00-00', 37700, '0', 466, 2, 2, 0, 149, '', '', '0000-00-00', '0000-00-00', '', 0, '', 'Finish', 2, 1, '0000-00-00 00:00:00', '0000-00-00 00:00:00'),
(61, 19, '17993', 17993, 'PR019', '2011-12-15', 39000, '0', 1000, 2, 2, 0, 1501, '<==Pengganti PO 16031==>', '<==Pengganti PO 16031==>', '2012-01-05', '2012-01-05', '50/2011', 201150, '425', 'Finish', 2, 1, '0000-00-00 00:00:00', '0000-00-00 00:00:00'),
(62, 20, '18015', 18015, 'PR020', '2011-12-15', 52800, '0', 1000, 2, 2, 0, 1492, '<==Pengganti PO 15978==>', '<==Pengganti PO 15978==>', '2012-01-05', '2012-01-05', '49/2011', 201149, '425', 'Finish', 2, 1, '0000-00-00 00:00:00', '0000-00-00 00:00:00'),
(63, 29, '20163', 20163, 'PR029', '2012-02-22', 46000, NULL, 1000, 2, 2, 0, 2134, '', '', '2012-03-04', '2012-03-04', '13/2012', 201213, '424', 'Finish', 2, 1, '0000-00-00 00:00:00', '0000-00-00 00:00:00'),
(64, 4, '17935', 17935, 'PR004', '2011-12-13', 8300, '0', 2000, 2, 2, 0, 2063, '', '', '2011-12-15', '2011-12-15', '06/2012', 201206, '424', 'Finish', 2, 1, '0000-00-00 00:00:00', '0000-00-00 00:00:00'),
(65, 21, '18198', 18198, 'PR021', '2011-12-21', 16500, '0', 1750, 2, 2, 0, 2074, '', '', '2012-01-05', '2012-01-05', '07/2012', 201207, '426', 'Finish', 2, 1, '0000-00-00 00:00:00', '0000-00-00 00:00:00'),
(66, 14, '18094', 18094, 'PR014', '2011-12-20', 14400, '0', 2000, 2, 2, 0, 2073, '', '', '2012-01-05', '2012-01-05', '07/2012', 201207, '424', 'Finish', 2, 1, '0000-00-00 00:00:00', '0000-00-00 00:00:00'),
(67, 14, '18299', 18299, 'PR014', '2012-01-02', 14400, '0', 2000, 2, 2, 0, 2085, '', '', '2012-01-05', '2012-01-05', '08/2012', 201208, '424', 'Finish', 2, 1, '0000-00-00 00:00:00', '0000-00-00 00:00:00'),
(68, 1, '20218', 20218, 'PR002', '2012-02-22', 14400, NULL, 300, 2, 2, 0, 2156, '', '', '2012-03-04', '2012-03-04', '15/2012', 201215, '424', 'Finish', 2, 1, '0000-00-00 00:00:00', '0000-00-00 00:00:00'),
(69, 22, '18016', 18016, 'PR022', '2011-12-05', 52800, '0', 1000, 2, 2, 0, 1492, '<==Pengganti PO 15979==>', '<==Pengganti PO 15979==>', '2012-01-05', '2012-01-05', '49/2011', 201149, '425', 'Finish', 2, 1, '0000-00-00 00:00:00', '0000-00-00 00:00:00'),
(70, 23, '18043', 18043, 'PR023', '2011-12-16', 22800, '0', 1250, 2, 2, 0, 2063, '', '', '2012-01-05', '2012-01-05', '06/2012', 201206, '425', 'Finish', 2, 1, '0000-00-00 00:00:00', '0000-00-00 00:00:00'),
(71, 24, '17994', 17994, 'PR024', '2011-12-15', 39000, '0', 1000, 2, 2, 0, 1501, '<==Pengganti PO 16030==>', '<==Pengganti PO 16030==>', '2012-01-05', '2012-01-05', '50/2011', 201150, '425', 'Finish', 2, 1, '0000-00-00 00:00:00', '0000-00-00 00:00:00'),
(72, 28, '20220', 20220, 'PR028', '2012-02-22', 32895, NULL, 300, 2, 2, 0, 2154, '', '', '2012-03-04', '2012-03-04', '15/2012', 201215, '424', 'Finish', 2, 1, '0000-00-00 00:00:00', '0000-00-00 00:00:00'),
(73, 23, '18044', 18044, 'PR023', '2011-12-16', 22800, '0', 1250, 2, 2, 0, 2064, '', '', '2012-01-05', '2012-01-05', '06/2012', 201206, '425', 'Finish', 2, 1, '0000-00-00 00:00:00', '0000-00-00 00:00:00'),
(74, 14, '18095', 18095, 'PR014', '2011-12-20', 14400, '0', 1000, 2, 2, 0, 2074, '', '', '2012-01-05', '2012-01-05', '07/2012', 201207, '424', 'Finish', 2, 1, '0000-00-00 00:00:00', '0000-00-00 00:00:00'),
(75, 21, '18197', 18197, 'PR021', '2011-12-21', 16500, '0', 1750, 2, 2, 0, 2073, '', '', '2012-01-05', '2012-01-05', '07/2012', 201207, '426', 'Finish', 2, 1, '0000-00-00 00:00:00', '0000-00-00 00:00:00'),
(76, 16, '20219', 20219, 'PR016', '2012-02-22', 32895, NULL, 300, 2, 2, 0, 2155, '', '', '2012-03-04', '2012-03-04', '15/2012', 201215, '424', 'Finish', 2, 1, '0000-00-00 00:00:00', '0000-00-00 00:00:00'),
(77, 14, '18581', 18581, 'PR014', '2012-01-11', 14400, '0', 1000, 2, 2, 0, 2093, '', '', '2012-01-13', '2012-01-13', '09/2012', 201209, '424', 'Finish', 2, 1, '0000-00-00 00:00:00', '0000-00-00 00:00:00'),
(78, 14, '18583', 18583, 'PR014', '2012-01-11', 14400, '0', 1000, 2, 2, 0, 2093, '', '', '2012-01-13', '2012-01-13', '09/2012', 201209, '424', 'Finish', 2, 1, '0000-00-00 00:00:00', '0000-00-00 00:00:00'),
(79, 1, '18578', 18578, 'PR002', '2012-01-11', 14400, '0', 1500, 2, 2, 0, 2092, '', '', '2012-01-13', '2012-01-13', '09/2012', 201209, '424', 'Finish', 2, 1, '0000-00-00 00:00:00', '0000-00-00 00:00:00'),
(80, 4, '19632', 19632, 'PR004', '2012-02-07', 8300, NULL, 1000, 2, 2, 0, 2134, '', '', '2012-03-04', '2012-03-04', '13/2012', 201213, '426', 'Finish', 2, 1, '0000-00-00 00:00:00', '0000-00-00 00:00:00'),
(81, 1, '18577', 18577, 'PR002', '2012-01-11', 14400, '0', 1500, 2, 2, 0, 2091, '', '', '2012-01-13', '2012-01-13', '09/2012', 201209, '424', 'Finish', 2, 1, '0000-00-00 00:00:00', '0000-00-00 00:00:00'),
(82, 25, '18464', 18464, 'PR025', '2012-01-06', 22800, '0', 1250, 2, 2, 0, 2064, '', '', '2012-01-13', '2012-01-13', '06/2012', 201206, '425', 'Finish', 2, 1, '0000-00-00 00:00:00', '0000-00-00 00:00:00'),
(83, 25, '18465', 18465, 'PR025', '2012-01-06', 22800, '0', 1250, 2, 2, 0, 2065, '', '', '2012-01-13', '2012-01-13', '06/2012', 201206, '425', 'Finish', 2, 1, '0000-00-00 00:00:00', '0000-00-00 00:00:00'),
(84, 15, '19626', 19626, 'PR015', '2012-02-07', 7000, NULL, 1500, 2, 2, 0, 2133, '', '', '2012-03-04', '2012-03-04', '13/2012', 201213, '423', 'Finish', 2, 1, '0000-00-00 00:00:00', '0000-00-00 00:00:00'),
(85, 26, '18671', 18671, 'PR026', '2012-01-13', 14400, '0', 240, 2, 2, 0, 2081, '', '', '2012-01-20', '2012-01-20', '08/2012', 201208, '425', 'Finish', 2, 1, '0000-00-00 00:00:00', '0000-00-00 00:00:00'),
(86, 27, '18920', 18920, 'PR027', '2012-01-19', 34500, '0', 1250, 2, 2, 0, 2091, '', '', '2012-01-26', '2012-01-26', '09/2012', 201209, '425', 'Finish', 2, 1, '0000-00-00 00:00:00', '0000-00-00 00:00:00'),
(87, 27, '18921', 18921, 'PR027', '2012-01-19', 34500, '0', 1250, 2, 2, 0, 2094, '', '', '2012-01-26', '2012-01-26', '09/2012', 201209, '425', 'Finish', 2, 1, '0000-00-00 00:00:00', '0000-00-00 00:00:00'),
(88, 14, '18986', 18986, 'PR014', '2012-01-24', 14400, '0', 2000, 2, 2, 0, 2111, '', '', '2012-01-26', '2012-01-26', '11/2012', 201211, '424', 'Finish', 2, 1, '0000-00-00 00:00:00', '0000-00-00 00:00:00'),
(89, 15, '19627', 19627, 'PR015', '2012-02-07', 7000, NULL, 1500, 2, 2, 0, 2133, '', '', '2012-03-04', '2012-03-04', '13/2012', 201213, '423', 'Finish', 2, 1, '0000-00-00 00:00:00', '0000-00-00 00:00:00'),
(90, 14, '18987', 18987, 'PR014', '2012-01-24', 14400, '0', 1000, 2, 2, 0, 2112, '', '', '2012-01-26', '2012-01-26', '11/2012', 201211, '424', 'Finish', 2, 1, '0000-00-00 00:00:00', '0000-00-00 00:00:00'),
(91, 14, '18988', 18988, 'PR014', '2012-01-24', 14400, '0', 500, 2, 2, 0, 2112, '', '', '2012-01-26', '2012-01-26', '11/2012', 201211, '424', 'Finish', 2, 1, '0000-00-00 00:00:00', '0000-00-00 00:00:00'),
(92, 1, '18989', 18989, 'PR002', '2012-01-24', 14400, '0', 2000, 2, 2, 0, 2113, '', '', '2012-01-26', '2012-01-26', '11/2012', 201211, '424', 'Finish', 2, 1, '0000-00-00 00:00:00', '0000-00-00 00:00:00'),
(93, 1, '18990', 18990, 'PR002', '2012-01-24', 14400, '0', 2000, 2, 2, 0, 2114, '', '', '2012-01-26', '2012-01-26', '11/2012', 201211, '424', 'Finish', 2, 1, '0000-00-00 00:00:00', '0000-00-00 00:00:00'),
(94, 4, '19633', 19633, 'PR004', '2012-02-07', 8300, NULL, 2000, 2, 2, 0, 2135, '', '', '2012-03-04', '2012-03-04', '13/2012', 201213, '426', 'Finish', 2, 1, '0000-00-00 00:00:00', '0000-00-00 00:00:00'),
(95, 1, '18991', 18991, 'PR002', '2012-01-24', 14400, '0', 500, 2, 2, 0, 2115, '', '', '2012-01-26', '2012-01-26', '11/2012', 201211, '424', 'Finish', 2, 1, '0000-00-00 00:00:00', '0000-00-00 00:00:00'),
(96, 1, '20967', 20967, 'PR002', '2012-03-09', 14400, NULL, 1250, 2, 2, 0, 2181, '', '', '2012-03-15', '2012-03-15', '18/2012', 201218, '424', 'Finish', 2, 1, '0000-00-00 00:00:00', '0000-00-00 00:00:00'),
(97, 1, '20969', 20969, 'PR002', '2012-03-09', 14400, NULL, 1250, 2, 2, 0, 2185, '', '', '2012-03-15', '2012-03-15', '18/2012', 201218, '424', 'Finish', 2, 1, '0000-00-00 00:00:00', '0000-00-00 00:00:00'),
(98, 15, '20966', 20966, 'PR015', '2012-03-09', 7000, NULL, 2000, 2, 2, 0, 2185, '', '', '2012-03-15', '2012-03-15', '18/2012', 201218, '423', 'Finish', 2, 1, '0000-00-00 00:00:00', '0000-00-00 00:00:00'),
(99, 15, '20965', 20965, 'PR015', '2012-03-09', 7000, NULL, 2000, 2, 2, 0, 2184, '', '', '2012-03-15', '2012-03-15', '18/2012', 201218, '423', 'Progress', 0, 1, '0000-00-00 00:00:00', '0000-00-00 00:00:00'),
(100, 14, '20970', 20970, 'PR014', '2012-03-09', 14400, NULL, 2000, 2, 2, 0, 2182, '', '', '2012-03-15', '2012-03-15', '18/2012', 201218, '424', 'Finish', 2, 1, '0000-00-00 00:00:00', '0000-00-00 00:00:00'),
(101, 4, '20972', 20972, 'PR004', '2012-03-09', 8300, NULL, 1500, 2, 2, 0, 2183, '', '', '2012-03-15', '2012-03-15', '18/2012', 201218, '424', 'Finish', 2, 1, '0000-00-00 00:00:00', '0000-00-00 00:00:00'),
(102, 30, '21296', 21296, 'PR030', '2012-03-19', 8300, NULL, 800, 2, 2, 0, 2131, '', '', '2012-03-22', '2012-03-22', '13/2012', 201213, '426', 'Finish', 2, 1, '0000-00-00 00:00:00', '0000-00-00 00:00:00'),
(103, 31, '21799', 21799, 'PR031', '2012-04-02', 33500, NULL, 1000, 2, 2, 0, 2192, '', '', '2012-04-05', '2012-04-05', '19/2012', 201219, '426', 'Finish', 2, 1, '0000-00-00 00:00:00', '0000-00-00 00:00:00'),
(104, 1, '21924', 21924, 'PR002', '2012-04-03', 14400, NULL, 800, 2, 2, 0, 2211, '', '', '2012-04-05', '2012-04-05', '21/2012', 201221, '426', 'Finish', 2, 1, '0000-00-00 00:00:00', '0000-00-00 00:00:00'),
(105, 14, '21923', 21923, 'PR014', '2012-04-03', 14400, NULL, 800, 2, 2, 0, 2211, '', '', '2012-04-05', '2012-04-05', '21/2012', 201221, '426', 'Finish', 2, 1, '0000-00-00 00:00:00', '0000-00-00 00:00:00'),
(106, 32, '21798', 21798, 'PR032', '2012-04-02', 39000, NULL, 1000, 2, 2, 0, 2192, '', '', '2012-04-05', '2012-04-05', '19/2012', 201219, '426', 'Finish', 2, 1, '0000-00-00 00:00:00', '0000-00-00 00:00:00'),
(107, 15, '22117', 22117, 'PR015', '2012-04-09', 7000, '', 1500, 2, 2, 0, 2222, '=== BATAL ===', '=== BATAL ===', '2012-04-12', '2012-04-12', '22/2012', 201222, '423', 'Progress', 0, 1, '0000-00-00 00:00:00', '0000-00-00 00:00:00'),
(108, 33, '22277', 22277, 'PR033', '2012-04-11', 16500, NULL, 800, 2, 2, 0, 2221, 'EXPORT SINGAPORE', 'EXPORT SINGAPORE', '2012-04-12', '2012-04-12', '22/2012', 201222, '424', 'Finish', 2, 1, '0000-00-00 00:00:00', '0000-00-00 00:00:00'),
(109, 25, '22204', 22204, 'PR025', '2012-04-10', 22800, NULL, 1250, 2, 2, 0, 2225, '', '', '2012-04-12', '2012-04-12', '22/2012', 201222, '427', 'Finish', 2, 1, '0000-00-00 00:00:00', '0000-00-00 00:00:00'),
(110, 25, '22203', 22203, 'PR025', '2012-04-10', 22800, NULL, 1250, 2, 2, 0, 2224, '', '', '2012-04-12', '2012-04-12', '22/2012', 201222, '427', 'Progress', 0, 1, '0000-00-00 00:00:00', '0000-00-00 00:00:00'),
(111, 23, '22206', 22206, 'PR023', '2012-04-10', 22800, NULL, 1250, 2, 2, 0, 2222, '', '', '2012-04-12', '2012-04-12', '22/2012', 201222, '427', 'Finish', 2, 1, '0000-00-00 00:00:00', '0000-00-00 00:00:00'),
(112, 23, '22207', 22207, 'PR023', '2012-04-10', 22800, '', 1250, 2, 2, 0, 2223, 'change to PO 24274', 'change to PO 24274', '2012-04-12', '2012-04-12', '22/2012', 201222, '427', 'Progress', 0, 1, '0000-00-00 00:00:00', '0000-00-00 00:00:00'),
(113, 34, '22279', 22279, 'PR034', '2012-04-11', 16500, NULL, 800, 2, 2, 0, 2221, 'EXPORT SINGAPORE', 'EXPORT SINGAPORE', '2012-04-12', '2012-04-12', '22/2012', 201222, '424', 'Finish', 2, 1, '0000-00-00 00:00:00', '0000-00-00 00:00:00'),
(114, 14, '22416', 22416, 'PR014', '2012-04-16', 14400, NULL, 2000, 2, 2, 0, 2231, '', '', '2012-04-19', '2012-04-19', '23/2012', 201223, '424', 'Finish', 2, 1, '0000-00-00 00:00:00', '0000-00-00 00:00:00'),
(115, 35, '22407', 22407, 'PR035', '2012-04-16', 20900, NULL, 315, 2, 2, 0, 2215, 'EXPORT ZAMBIA', 'EXPORT ZAMBIA', '2012-04-19', '2012-04-19', '21/2012', 201221, '424', 'Finish', 2, 1, '0000-00-00 00:00:00', '0000-00-00 00:00:00'),
(116, 36, '22406', 22406, 'PR036', '2012-04-16', 20900, NULL, 315, 2, 2, 0, 2215, 'EXPORT ZAMBIA', 'EXPORT ZAMBIA', '2012-04-19', '2012-04-19', '21/2012', 201221, '424', 'Finish', 2, 1, '0000-00-00 00:00:00', '0000-00-00 00:00:00'),
(117, 37, '22841', 22841, 'PR037', '2012-04-24', 17500, NULL, 1000, 2, 2, 0, 2233, '', '', '2012-04-26', '2012-04-26', '23/2012', 201223, '424', 'Finish', 2, 1, '0000-00-00 00:00:00', '0000-00-00 00:00:00'),
(118, 37, '22842', 22842, 'PR037', '2012-04-24', 17500, NULL, 2000, 2, 2, 0, 2234, '', '', '2012-04-26', '2012-04-26', '23/2012', 201223, '424', 'Finish', 2, 1, '0000-00-00 00:00:00', '0000-00-00 00:00:00'),
(119, 37, '22843', 22843, 'PR037', '2012-04-24', 17500, NULL, 2000, 2, 2, 0, 2235, '', '', '2012-04-26', '2012-04-26', '23/2012', 201223, '424', 'Finish', 2, 1, '0000-00-00 00:00:00', '0000-00-00 00:00:00'),
(120, 38, '22625', 22625, 'PR038', '2012-04-19', 32000, NULL, 1958, 2, 2, 0, 2223, '', '', '2012-04-26', '2012-04-26', '22/2012', 201222, '424', 'Progress', 0, 1, '0000-00-00 00:00:00', '0000-00-00 00:00:00'),
(121, 39, '22624', 22624, 'PR039', '2012-04-19', 32000, NULL, 1798, 2, 2, 0, 2222, '', '', '2012-04-26', '2012-04-26', '22/2012', 201222, '424', 'Finish', 2, 1, '0000-00-00 00:00:00', '0000-00-00 00:00:00'),
(122, 40, '23231', 23231, 'PR040', '2012-05-04', 17500, NULL, 1500, 2, 2, 0, 2255, '', '', '2012-05-11', '2012-05-11', '25/2012', 201225, '424', 'Finish', 2, 1, '0000-00-00 00:00:00', '0000-00-00 00:00:00'),
(123, 40, '23230', 23230, 'PR040', '2012-05-04', 17500, NULL, 1500, 2, 2, 0, 2254, '', '', '2012-05-11', '2012-05-11', '25/2012', 201225, '424', 'Finish', 2, 1, '0000-00-00 00:00:00', '0000-00-00 00:00:00'),
(124, 40, '23233', 23233, 'PR040', '2012-05-04', 17500, NULL, 1500, 2, 2, 0, 2256, '', '', '2012-05-11', '2012-05-11', '25/2012', 201225, '424', 'Finish', 2, 1, '0000-00-00 00:00:00', '0000-00-00 00:00:00'),
(125, 1, '23275', 23275, 'PR002', '2012-05-04', 14400, NULL, 2000, 2, 2, 0, 2221, '', '', '2012-05-11', '2012-05-11', '22/2012', 201222, '425', 'Finish', 2, 1, '0000-00-00 00:00:00', '0000-00-00 00:00:00'),
(126, 4, '23315', 23315, 'PR004', '2012-05-04', 8300, NULL, 1000, 2, 2, 0, 2263, '', '', '2012-05-11', '2012-05-11', '26/2012', 201226, '424', 'Progress', 0, 1, '0000-00-00 00:00:00', '0000-00-00 00:00:00'),
(127, 14, '24567', 24567, 'PR014', '2012-06-04', 14400, NULL, 1000, 2, 2, 0, 2302, '', '', '2012-06-11', '2012-06-11', '30/2012', 201230, '424', 'Finish', 2, 1, '0000-00-00 00:00:00', '0000-00-00 00:00:00'),
(128, 14, '24569', 24569, 'PR014', '2012-06-04', 14400, NULL, 1000, 2, 2, 0, 2304, '', '', '2012-06-11', '2012-06-11', '30/2012', 201230, '424', 'Finish', 2, 1, '0000-00-00 00:00:00', '0000-00-00 00:00:00'),
(129, 14, '24568', 24568, 'PR014', '2012-06-04', 14400, NULL, 1000, 2, 2, 0, 2303, '', '', '2012-06-11', '2012-06-11', '30/2012', 201230, '424', 'Finish', 2, 1, '0000-00-00 00:00:00', '0000-00-00 00:00:00'),
(130, 14, '24259', 24259, 'PR014', '2012-05-25', 14400, NULL, 1750, 2, 2, 0, 2291, '', '', '2012-05-31', '2012-05-31', '29/2012', 201229, '424', 'Finish', 2, 1, '0000-00-00 00:00:00', '0000-00-00 00:00:00'),
(131, 14, '24260', 24260, 'PR014', '2012-05-25', 14400, NULL, 1750, 2, 2, 0, 2292, '', '', '2012-05-31', '2012-05-31', '29/2012', 201229, '424', 'Finish', 2, 1, '0000-00-00 00:00:00', '0000-00-00 00:00:00'),
(132, 1, '24261', 24261, 'PR002', '2012-05-25', 14400, NULL, 1600, 2, 2, 0, 2291, '', '', '2012-05-31', '2012-05-31', '29/2012', 201229, '424', 'Finish', 2, 1, '0000-00-00 00:00:00', '0000-00-00 00:00:00'),
(133, 23, '24274', 24274, 'PR023', '2012-05-25', 22800, '', 250, 2, 2, 0, 2223, 'substitute of PO 22207', 'substitute of PO 22207', '2012-05-31', '2012-05-31', '22/2012', 201222, '427', 'Progress', 0, 1, '0000-00-00 00:00:00', '0000-00-00 00:00:00'),
(134, 32, '24270', 24270, 'PR032', '2012-05-25', 39000, NULL, 1500, 2, 2, 0, 2291, '', '', '2012-05-31', '2012-05-31', '29/2012', 201229, '425', 'Finish', 2, 1, '0000-00-00 00:00:00', '0000-00-00 00:00:00'),
(135, 31, '24271', 24271, 'PR031', '2012-05-25', 33500, NULL, 1500, 2, 2, 0, 2292, '', '', '2012-05-31', '2012-05-31', '29/2012', 201229, '425', 'Finish', 2, 1, '0000-00-00 00:00:00', '0000-00-00 00:00:00'),
(136, 37, '24536', 24536, 'PR037', '2012-06-04', 17500, NULL, 1200, 2, 2, 0, 2302, '', '', '2012-06-11', '2012-06-11', '30/2012', 201230, '424', 'Finish', 2, 1, '0000-00-00 00:00:00', '0000-00-00 00:00:00'),
(137, 37, '24535', 24535, 'PR037', '2012-06-04', 17500, NULL, 1800, 2, 2, 0, 2301, '', '', '0000-06-11', '0000-06-11', '30/2012', 201230, '424', 'Finish', 2, 1, '0000-00-00 00:00:00', '0000-00-00 00:00:00'),
(138, 41, '24759', 24759, 'PR041', '2012-06-07', 39000, '', 807, 2, 2, 0, 2301, 'EXPORT SOUTH AFRICA', 'EXPORT SOUTH AFRICA', '2012-06-15', '2012-06-15', '30/2012', 201230, '425', 'Finish', 2, 1, '0000-00-00 00:00:00', '0000-00-00 00:00:00'),
(139, 42, '24757', 24757, 'PR042', '2012-06-07', 39000, '', 711, 2, 2, 0, 2302, 'EXPORT SOUTH AFRICA', 'EXPORT SOUTH AFRICA', '2012-06-15', '2012-06-15', '30/2012', 201230, '425', 'Finish', 2, 1, '0000-00-00 00:00:00', '0000-00-00 00:00:00'),
(140, 43, '24845', 24845, 'PR043', '2012-06-11', 19500, '', 1290, 2, 2, 0, 2301, 'EXPORT SOUTH AFRICA', 'EXPORT SOUTH AFRICA', '2012-06-15', '2012-06-15', '30/2012', 201230, '426', 'Finish', 2, 1, '0000-00-00 00:00:00', '0000-00-00 00:00:00'),
(141, 1, '23582', 23582, 'PR002', '2012-01-01', 14400, '', 600, 2, 2, 0, 2222, 'PO ASLI TIDAK ADA\r\n-PO ADA-', 'PO ASLI TIDAK ADA\r\n-PO ADA-', '2012-01-01', '2012-01-01', '22/2012', 201222, '424', 'Finish', 2, 1, '0000-00-00 00:00:00', '0000-00-00 00:00:00'),
(142, 1, '25075', 25075, 'PR002', '2012-06-15', 14400, NULL, 400, 2, 2, 0, 2321, '', '', '2012-06-20', '2012-06-20', '32/2012', 201232, '424', 'Finish', 2, 1, '0000-00-00 00:00:00', '0000-00-00 00:00:00'),
(143, 34, '25248', 25248, 'PR034', '2012-06-19', 16500, '', 240, 2, 2, 0, 2314, 'EXPORT SINGAPORE', 'EXPORT SINGAPORE', '2012-06-21', '2012-06-21', '31/2012', 201231, '426', 'Progress', 0, 1, '0000-00-00 00:00:00', '0000-00-00 00:00:00'),
(144, 34, '25249', 25249, 'PR034', '2012-06-19', 16500, '', 153, 2, 2, 0, 2314, 'EXPORT SINGAPORE', 'EXPORT SINGAPORE', '2012-06-21', '2012-06-21', '31/2012', 201231, '426', 'Progress', 0, 1, '0000-00-00 00:00:00', '0000-00-00 00:00:00'),
(145, 33, '25245', 25245, 'PR033', '2012-06-19', 16500, '', 240, 2, 2, 0, 2311, 'EKSPOR SINGAPORE', 'EKSPOR SINGAPORE', '2012-06-21', '2012-06-21', '31/2012', 201231, '426', 'Progress', 0, 1, '0000-00-00 00:00:00', '0000-00-00 00:00:00'),
(146, 34, '25250', 25250, 'PR034', '2012-06-19', 16500, '', 108, 2, 2, 0, 2314, 'EKSPOR SINGAPORE', 'EKSPOR SINGAPORE', '2012-06-21', '2012-06-21', '31/2012', 201231, '426', 'Progress', 0, 1, '0000-00-00 00:00:00', '0000-00-00 00:00:00'),
(147, 33, '25246', 25246, 'PR033', '2012-06-19', 16500, '', 135, 2, 2, 0, 2314, 'EKSPOR SINGAPORE', 'EKSPOR SINGAPORE', '2012-06-21', '2012-06-21', '31/2012', 201231, '426', 'Progress', 0, 1, '0000-00-00 00:00:00', '0000-00-00 00:00:00'),
(148, 44, '25118', 25118, 'PR044', '2012-06-18', 33500, NULL, 663, 2, 2, 0, 2311, '', '', '2012-06-21', '2012-06-21', '31/2012', 201231, '424', 'Progress', 0, 1, '0000-00-00 00:00:00', '0000-00-00 00:00:00'),
(149, 33, '25247', 25247, 'PR033', '2012-06-19', 16500, NULL, 108, 2, 2, 0, 2314, '', '', '2012-06-21', '2012-06-21', '31/2012', 201231, '426', 'Progress', 0, 1, '0000-00-00 00:00:00', '0000-00-00 00:00:00'),
(150, 14, '25482', 25482, 'PR014', '2012-06-25', 14400, NULL, 1250, 2, 2, 0, 2331, '', '', '2012-06-28', '2012-06-28', '33/2012', 201233, '424', 'Finish', 2, 1, '0000-00-00 00:00:00', '0000-00-00 00:00:00'),
(151, 14, '25417', 25417, 'PR014', '2012-06-22', 14400, '', 400, 2, 2, 0, 2321, 'substiute of PO 25076', 'substiute of PO 25076', '2012-06-28', '2012-06-28', '32/2012', 201232, '424', 'Finish', 2, 1, '0000-00-00 00:00:00', '0000-00-00 00:00:00'),
(152, 1, '25486', 25486, 'PR002', '2012-06-25', 14400, NULL, 1350, 2, 2, 0, 2331, '', '', '2012-06-28', '2012-06-28', '33/2012', 201233, '424', 'Finish', 2, 1, '0000-00-00 00:00:00', '0000-00-00 00:00:00'),
(153, 14, '25485', 25485, 'PR014', '2012-06-25', 14400, NULL, 1250, 2, 2, 0, 2332, '', '', '2012-06-28', '2012-06-28', '33/2012', 201233, '424', 'Finish', 2, 1, '0000-00-00 00:00:00', '0000-00-00 00:00:00'),
(154, 28, '23587', 23587, 'PR028', '2012-01-01', 32895, '', 400, 2, 2, 0, 2271, 'TIDAK ADA PO ASLI\r\n- PO ADA -', 'TIDAK ADA PO ASLI\r\n- PO ADA -', '2012-01-01', '2012-01-01', '27/2012', 201227, '424', 'Finish', 2, 1, '0000-00-00 00:00:00', '0000-00-00 00:00:00'),
(155, 4, '23902', 23902, 'PR004', '2012-01-01', 8300, '', 2000, 2, 2, 0, 2283, '', '', '2012-01-01', '2012-01-01', '28/2012', 201228, '424', 'Progress', 0, 1, '0000-00-00 00:00:00', '0000-00-00 00:00:00'),
(156, 16, '23586', 23586, 'PR016', '2012-01-01', 32895, '', 400, 2, 2, 0, 2271, 'TIDAK ADA PO ASLI\r\n-PO ADA-', 'TIDAK ADA PO ASLI\r\n-PO ADA-', '2012-01-01', '2012-01-01', '27/2012', 201227, '424', 'Finish', 2, 1, '0000-00-00 00:00:00', '0000-00-00 00:00:00'),
(157, 45, '23271', 23271, 'PR045', '2012-05-04', 19500, NULL, 1300, 2, 2, 0, 2233, '', '', '2012-05-16', '2012-05-16', '23/2012', 201223, '426', 'Finish', 2, 1, '0000-00-00 00:00:00', '0000-00-00 00:00:00'),
(158, 45, '23270', 23270, 'PR045', '2012-05-04', 19500, NULL, 2000, 2, 2, 0, 2233, '', '', '2012-05-10', '2012-05-10', '23/2012', 201223, '426', 'Finish', 2, 1, '0000-00-00 00:00:00', '0000-00-00 00:00:00'),
(159, 46, '23269', 23269, 'PR046', '2012-05-04', 19500, NULL, 1000, 2, 2, 0, 2233, '', '', '2012-05-16', '2012-05-16', '23/2012', 201223, '426', 'Finish', 2, 1, '0000-00-00 00:00:00', '0000-00-00 00:00:00'),
(160, 46, '23268', 23268, 'PR046', '2012-05-04', 19500, '', 2000, 2, 2, 0, 2231, 'TOLONG DIBIKIN SURAT JALAN LG DGN size/pairs : 6/3', 'TOLONG DIBIKIN SURAT JALAN LG DGN size/pairs : 6/3', '2012-05-16', '2012-05-16', '23/2012', 201223, '426', 'Finish', 2, 1, '0000-00-00 00:00:00', '0000-00-00 00:00:00'),
(161, 14, '23581', 23581, 'PR014', '2012-05-11', 14400, NULL, 600, 2, 2, 0, 2271, '', '', '2012-05-16', '2012-05-16', '27/2012', 201227, '424', 'Finish', 2, 1, '0000-00-00 00:00:00', '0000-00-00 00:00:00'),
(162, 4, '25788', 25788, 'PR004', '2012-06-29', 8300, NULL, 2500, 2, 2, 0, 2375, '', '', '2012-07-06', '2012-07-06', '37/2012', 201237, '426', 'Finish', 2, 1, '0000-00-00 00:00:00', '0000-00-00 00:00:00'),
(163, 14, '25619', 25619, 'PR014', '2012-06-27', 14400, NULL, 2000, 2, 2, 0, 2371, '', '', '2012-07-06', '2012-07-06', '37/2012', 201237, '424', 'Finish', 2, 1, '0000-00-00 00:00:00', '0000-00-00 00:00:00'),
(164, 1, '25618', 25618, 'PR002', '2012-06-27', 14400, NULL, 1750, 2, 2, 0, 2371, '', '', '2012-07-06', '2012-07-06', '37/2012', 201237, '424', 'Finish', 2, 1, '0000-00-00 00:00:00', '0000-00-00 00:00:00'),
(165, 4, '25787', 25787, 'PR004', '2012-06-29', 8300, NULL, 500, 2, 2, 0, 2374, '', '', '2012-07-06', '2012-07-06', '37/2012', 201237, '426', 'Finish', 2, 1, '0000-00-00 00:00:00', '0000-00-00 00:00:00'),
(166, 16, '26028', 26028, 'PR016', '2012-07-09', 32895, NULL, 400, 2, 2, 0, 2381, '', '', '2012-07-12', '2012-07-12', '38/2012', 201238, '426', 'Finish', 2, 1, '0000-00-00 00:00:00', '0000-00-00 00:00:00'),
(167, 28, '26009', 26009, 'PR028', '2012-07-09', 32895, NULL, 1100, 2, 2, 0, 2383, '', '', '2012-07-12', '2012-07-12', '38/2012', 201238, '424', 'Progress', 0, 1, '0000-00-00 00:00:00', '0000-00-00 00:00:00'),
(168, 28, '26013', 26013, 'PR028', '2012-07-09', 32895, NULL, 1100, 2, 2, 0, 2384, '', '', '2012-07-12', '2012-07-12', '38/2012', 201238, '424', 'Finish', 2, 1, '0000-00-00 00:00:00', '0000-00-00 00:00:00'),
(169, 28, '26030', 26030, 'PR028', '2012-07-09', 32895, NULL, 400, 2, 2, 0, 2381, '', '', '2012-07-12', '2012-07-12', '38/2012', 201238, '426', 'Finish', 2, 1, '0000-00-00 00:00:00', '0000-00-00 00:00:00'),
(170, 14, '26632', 26632, 'PR014', '2012-07-24', 14400, NULL, 1250, 2, 2, 0, 2405, '', '', '2012-07-27', '2012-07-27', '40/2012', 201240, '424', 'Finish', 2, 1, '0000-00-00 00:00:00', '0000-00-00 00:00:00'),
(171, 14, '26631', 26631, 'PR014', '2012-07-24', 14400, NULL, 1250, 2, 2, 0, 2404, '', '', '2012-07-27', '2012-07-27', '40/2012', 201240, '424', 'Finish', 2, 1, '0000-00-00 00:00:00', '0000-00-00 00:00:00'),
(172, 47, '26548', 26548, 'PR047', '2012-07-23', 20000, '', 1005, 2, 2, 0, 2374, 'EXPORT ZAMBIA', 'EXPORT ZAMBIA', '2012-07-27', '2012-07-27', '37/2012', 201237, '425', 'Finish', 2, 1, '0000-00-00 00:00:00', '0000-00-00 00:00:00'),
(173, 48, '26547', 26547, 'PR048', '2012-07-23', 20000, '', 600, 2, 2, 0, 2374, 'EXPORT ZAMBIA', 'EXPORT ZAMBIA', '2012-07-27', '2012-07-27', '37/2012', 201237, '425', 'Finish', 2, 1, '0000-00-00 00:00:00', '0000-00-00 00:00:00'),
(174, 1, '26636', 26636, 'PR002', '2012-07-24', 14400, NULL, 500, 2, 2, 0, 2405, '', '', '2012-07-27', '2012-07-27', '40/2012', 201240, '424', 'Finish', 2, 1, '0000-00-00 00:00:00', '0000-00-00 00:00:00'),
(175, 1, '26635', 26635, 'PR002', '2012-07-24', 14400, NULL, 500, 2, 2, 0, 2404, '', '', '2012-07-27', '2012-07-27', '40/2012', 201240, '424', 'Finish', 2, 1, '0000-00-00 00:00:00', '0000-00-00 00:00:00'),
(176, 1, '26634', 26634, 'PR002', '2012-07-24', 14400, NULL, 500, 2, 2, 0, 2403, '', '', '2012-07-27', '2012-07-27', '40/2012', 201240, '424', 'Finish', 2, 1, '0000-00-00 00:00:00', '0000-00-00 00:00:00'),
(177, 1, '26633', 26633, 'PR002', '2012-07-24', 14400, NULL, 500, 2, 2, 0, 2401, '', '', '2012-07-27', '2012-07-27', '40/2012', 201240, '424', 'Finish', 2, 1, '0000-00-00 00:00:00', '0000-00-00 00:00:00'),
(178, 14, '26887', 26887, 'PR014', '2012-07-30', 14400, NULL, 400, 2, 2, 0, 2411, '', '', '2012-08-03', '2012-08-03', '41/2012', 201241, '424', 'Finish', 2, 1, '0000-00-00 00:00:00', '0000-00-00 00:00:00'),
(179, 1, '26888', 26888, 'PR002', '2012-07-30', 14400, NULL, 400, 2, 2, 0, 2411, '', '', '2012-08-03', '2012-08-03', '41/2012', 201241, '424', 'Finish', 2, 1, '0000-00-00 00:00:00', '0000-00-00 00:00:00'),
(180, 4, '26316', 26316, 'PR004', '2012-07-16', 8300, NULL, 2000, 2, 2, 0, 2391, '', '', '2012-07-20', '2012-07-20', '39/2012', 201239, '426', 'Progress', 0, 1, '0000-00-00 00:00:00', '0000-00-00 00:00:00'),
(181, 30, '27365', 27365, 'PR030', '2012-08-10', 8300, NULL, 1800, 2, 2, 0, 2432, '', '', '2012-09-10', '2012-09-10', '43/2012', 201243, '424', 'Finish', 2, 1, '0000-00-00 00:00:00', '0000-00-00 00:00:00'),
(182, 30, '27366', 27366, 'PR030', '2012-08-10', 8300, NULL, 700, 2, 2, 0, 2432, '', '', '2012-09-10', '2012-09-10', '43/2012', 201243, '424', 'Finish', 2, 1, '0000-00-00 00:00:00', '0000-00-00 00:00:00'),
(183, 37, '27782', 27782, 'PR037', '2012-09-10', 17500, NULL, 2000, 2, 2, 0, 2441, '', '', '2012-09-13', '2012-09-13', '44/2012', 201244, '424', 'Finish', 2, 1, '0000-00-00 00:00:00', '0000-00-00 00:00:00'),
(184, 37, '27799', 27799, 'PR037', '2012-09-10', 17500, NULL, 2000, 2, 2, 0, 2441, '', '', '2012-09-13', '2012-09-13', '44/2012', 201244, '424', 'Finish', 2, 1, '0000-00-00 00:00:00', '0000-00-00 00:00:00'),
(185, 40, '27778', 27778, 'PR040', '2012-09-10', 17500, NULL, 500, 2, 2, 0, 2441, '', '', '2012-09-13', '2012-09-13', '44/2012', 201244, '424', 'Finish', 2, 1, '0000-00-00 00:00:00', '0000-00-00 00:00:00'),
(186, 40, '27779', 27779, 'PR040', '2012-09-10', 17500, NULL, 500, 2, 2, 0, 2442, '', '', '2012-09-13', '2012-09-13', '44/2012', 201244, '424', 'Finish', 2, 1, '0000-00-00 00:00:00', '0000-00-00 00:00:00'),
(187, 40, '27780', 27780, 'PR040', '2012-09-10', 17500, NULL, 2000, 2, 2, 0, 2443, '', '', '2012-09-13', '2012-09-13', '44/2012', 201244, '424', 'Finish', 2, 1, '0000-00-00 00:00:00', '0000-00-00 00:00:00'),
(188, 1, '27776', 27776, 'PR002', '2012-09-10', 14400, NULL, 1350, 2, 2, 0, 2441, '', '', '2012-09-13', '2012-09-13', '44/2012', 201244, '424', 'Finish', 2, 1, '0000-00-00 00:00:00', '0000-00-00 00:00:00'),
(189, 1, '27777', 27777, 'PR002', '2012-09-10', 14400, NULL, 1350, 2, 2, 0, 2442, '', '', '2012-09-13', '2012-09-13', '44/2012', 201244, '424', 'Finish', 2, 1, '0000-00-00 00:00:00', '0000-00-00 00:00:00'),
(190, 4, '28201', 28201, 'PR004', '2012-09-18', 8300, NULL, 2100, 2, 2, 0, 2455, '', '', '2012-10-04', '2012-10-04', '45/2012', 201245, '426', 'Finish', 2, 1, '0000-00-00 00:00:00', '0000-00-00 00:00:00'),
(191, 1, '28561', 28561, 'PR002', '2012-09-26', 14400, NULL, 1000, 2, 2, 0, 2472, '', '', '2012-11-05', '2012-11-05', '47/2012', 201247, '425', 'Finish', 2, 1, '0000-00-00 00:00:00', '0000-00-00 00:00:00'),
(192, 1, '28560', 28560, 'PR002', '2012-09-26', 14400, NULL, 1000, 2, 2, 0, 2471, '', '', '2012-11-05', '2012-11-05', '47/2012', 201247, '425', 'Finish', 2, 1, '0000-00-00 00:00:00', '0000-00-00 00:00:00'),
(193, 37, '28583', 28583, 'PR037', '2012-09-26', 17500, NULL, 1500, 2, 2, 0, 2471, '', '', '2012-11-05', '2012-11-05', '47/2012', 201247, '425', 'Finish', 2, 1, '0000-00-00 00:00:00', '0000-00-00 00:00:00'),
(194, 46, '29085', 29085, 'PR046', '2012-10-11', 19500, NULL, 2500, 2, 2, 0, 2483, '', '', '2012-11-05', '2012-11-05', '48/2012', 201248, '423', 'Progress', 0, 1, '0000-00-00 00:00:00', '0000-00-00 00:00:00'),
(195, 46, '29088', 29088, 'PR046', '2012-10-11', 19500, NULL, 2500, 2, 2, 0, 2484, '', '', '2012-11-05', '2012-11-05', '48/2012', 201248, '423', 'Progress', 0, 1, '0000-00-00 00:00:00', '0000-00-00 00:00:00'),
(196, 1, '28482', 28482, 'PR002', '2012-09-25', 14400, NULL, 1000, 2, 2, 0, 2462, '', '', '2012-10-04', '2012-10-04', '46/2012', 201246, '424', 'Finish', 2, 1, '0000-00-00 00:00:00', '0000-00-00 00:00:00'),
(197, 1, '28481', 28481, 'PR002', '2012-09-25', 14400, NULL, 2000, 2, 2, 0, 2461, '', '', '2012-10-04', '2012-10-04', '46/2012', 201246, '424', 'Finish', 2, 1, '0000-00-00 00:00:00', '0000-00-00 00:00:00'),
(198, 30, '28526', 28526, 'PR030', '2012-09-25', 8300, NULL, 1000, 2, 2, 0, 2462, '', '', '2012-10-04', '2012-10-04', '46/2012', 201246, '427', 'Finish', 2, 1, '0000-00-00 00:00:00', '0000-00-00 00:00:00'),
(199, 30, '28528', 28528, 'PR030', '2012-09-25', 8300, NULL, 1500, 2, 2, 0, 2463, '', '', '2012-10-04', '2012-10-04', '46/2012', 201246, '427', 'Finish', 2, 1, '0000-00-00 00:00:00', '0000-00-00 00:00:00'),
(200, 4, '28525', 28525, 'PR004', '2012-09-25', 8300, NULL, 1000, 2, 2, 0, 2461, '', '', '2012-10-04', '2012-10-04', '46/2012', 201246, '427', 'Finish', 2, 1, '0000-00-00 00:00:00', '0000-00-00 00:00:00'),
(201, 4, '28524', 28524, 'PR004', '2012-09-25', 8300, NULL, 2000, 2, 2, 0, 2461, '', '', '2012-10-04', '2012-10-04', '46/2012', 201246, '427', 'Finish', 2, 1, '0000-00-00 00:00:00', '0000-00-00 00:00:00'),
(202, 37, '28486', 28486, 'PR037', '2012-09-25', 17500, NULL, 1000, 2, 2, 0, 2461, '', '', '2012-10-04', '2012-10-04', '46/2012', 201246, '424', 'Finish', 2, 1, '0000-00-00 00:00:00', '0000-00-00 00:00:00'),
(203, 37, '28485', 28485, 'PR037', '2012-09-25', 17500, NULL, 500, 2, 2, 0, 2461, '', '', '2012-10-04', '2012-10-04', '46/2012', 201246, '424', 'Finish', 2, 1, '0000-00-00 00:00:00', '0000-00-00 00:00:00'),
(204, 45, '29089', 29089, 'PR045', '2012-10-11', 19500, NULL, 2500, 2, 2, 0, 2484, '', '', '2012-11-05', '2012-11-05', '48/2012', 201248, '423', 'Finish', 2, 1, '0000-00-00 00:00:00', '0000-00-00 00:00:00'),
(205, 14, '31132', 31132, 'PR014', '2013-01-03', 14400, NULL, 1800, 2, 2, 0, 3081, '', '', '2013-01-18', '2013-01-18', '08/2013', 201308, '424', 'Finish', 2, 1, '0000-00-00 00:00:00', '0000-00-00 00:00:00'),
(206, 14, '30521', 30521, 'PR014', '2011-01-01', 14400, NULL, 1255, 2, 2, 0, 3062, 'BELUM ADA PO ASLI.\r\ndetail hanya persepsi pribadi', 'BELUM ADA PO ASLI.\r\ndetail hanya persepsi pribadi', '2011-01-01', '2011-01-01', '06/2013', 201306, '424', 'Progress', 0, 1, '0000-00-00 00:00:00', '0000-00-00 00:00:00'),
(207, 1, '31704', 31704, 'PR002', '2013-01-15', 14400, NULL, 600, 2, 2, 0, 3101, '', '', '2013-02-21', '2013-02-21', '10/2013', 201310, '424', 'Progress', 0, 1, '0000-00-00 00:00:00', '0000-00-00 00:00:00'),
(208, 14, '31642', 31642, 'PR014', '2013-01-15', 14400, NULL, 600, 2, 2, 0, 3101, '', '', '2013-02-21', '2013-02-21', '10/2013', 201310, '424', 'Progress', 0, 1, '0000-00-00 00:00:00', '0000-00-00 00:00:00'),
(209, 49, '31857', 31857, 'PR049', '2013-01-18', 21000, NULL, 2400, 2, 2, 0, 3093, '', '', '2013-01-29', '2013-01-29', '09/2013', 201309, '426', 'Progress', 0, 1, '0000-00-00 00:00:00', '0000-00-00 00:00:00'),
(210, 49, '31856', 31856, 'PR049', '2013-01-18', 21000, NULL, 1100, 2, 2, 0, 3092, '', '', '2013-01-29', '2013-01-29', '09/2013', 201309, '426', 'Progress', 0, 1, '0000-00-00 00:00:00', '0000-00-00 00:00:00'),
(211, 14, '31134', 31134, 'PR014', '2013-01-03', 14400, NULL, 850, 2, 2, 0, 3082, '', '', '2013-01-18', '2013-01-18', '08/2013', 201308, '424', 'Finish', 2, 1, '0000-00-00 00:00:00', '0000-00-00 00:00:00'),
(212, 16, '31268', 31268, 'PR016', '2013-01-07', 32895, NULL, 2200, 2, 2, 0, 3092, '', '', '2013-01-18', '2013-01-18', '09/2013', 201309, '425', 'Progress', 0, 1, '0000-00-00 00:00:00', '0000-00-00 00:00:00'),
(213, 14, '31245', 31245, 'PR014', '2013-01-07', 14400, NULL, 1200, 2, 2, 0, 3092, '', '', '2013-01-18', '2013-01-18', '09/2013', 201309, '423', 'Progress', 0, 1, '0000-00-00 00:00:00', '0000-00-00 00:00:00'),
(214, 14, '31244', 31244, 'PR014', '2013-01-07', 14400, NULL, 1800, 2, 2, 0, 3092, '', '', '2013-01-18', '2013-01-18', '09/2013', 201309, '423', 'Finish', 2, 1, '0000-00-00 00:00:00', '0000-00-00 00:00:00'),
(215, 50, '31137', 31137, 'PR050', '2013-01-03', 21000, NULL, 2468, 2, 2, 0, 3052, '', '', '2013-01-18', '2013-01-18', '05/2013', 201305, '425', 'Finish', 2, 1, '0000-00-00 00:00:00', '0000-00-00 00:00:00'),
(216, 50, '31138', 31138, 'PR050', '2013-01-03', 21000, NULL, 532, 2, 2, 0, 3051, '', '', '2013-01-18', '2013-01-18', '05/2013', 201305, '425', 'Finish', 2, 1, '0000-00-00 00:00:00', '0000-00-00 00:00:00'),
(217, 51, '31139', 31139, 'PR051', '2013-01-03', 21000, NULL, 500, 2, 2, 0, 3051, 'Export singapore', 'Export singapore', '2013-01-18', '2013-01-18', '05/2013', 201305, '425', 'Finish', 2, 1, '0000-00-00 00:00:00', '0000-00-00 00:00:00'),
(218, 37, '31261', 31261, 'PR037', '2013-01-07', 17500, NULL, 1800, 2, 2, 0, 3092, '', '', '2013-01-10', '2013-01-10', '09/2013', 201309, '424', 'Finish', 2, 1, '0000-00-00 00:00:00', '0000-00-00 00:00:00'),
(219, 37, '31260', 31260, 'PR037', '2013-01-07', 17500, NULL, 200, 2, 2, 0, 3092, '', '', '2013-01-10', '2013-01-10', '09/2013', 201309, '424', 'Finish', 2, 1, '0000-00-00 00:00:00', '0000-00-00 00:00:00'),
(220, 14, '33120', 33120, 'PR014', '2013-02-22', 14400, NULL, 600, 2, 2, 0, 3161, '', '', '2013-02-28', '2013-02-28', '16/2013', 201316, '424', 'Progress', 0, 1, '0000-00-00 00:00:00', '0000-00-00 00:00:00'),
(221, 1, '33122', 33122, 'PR002', '2013-02-22', 14400, NULL, 600, 2, 2, 0, 3161, '', '', '2013-02-28', '2013-02-28', '16/2013', 201316, '424', 'Progress', 0, 1, '0000-00-00 00:00:00', '2013-05-01 18:24:55'),
(222, 14, '30493', 30493, 'PR014', '2013-01-01', 14400, NULL, 2000, 2, 2, 0, 3061, '', '', '2013-01-01', '2013-01-01', '06/2013', 201306, '424', 'Finish', 2, 1, '0000-00-00 00:00:00', '0000-00-00 00:00:00'),
(223, 45, '30552', 30552, 'PR045', '2012-12-01', 19500, '', 2176, 2, 2, 0, 2461, 'BELUM ADA PO ASLI', 'BELUM ADA PO ASLI', '2012-12-01', '2012-12-01', '09/2013', 201309, '426', 'Progress', 0, 1, '0000-00-00 00:00:00', '0000-00-00 00:00:00'),
(224, 4, '32806', 32806, 'PR004', '2013-03-01', 8300, NULL, 1000, 2, 2, 0, 3142, '', '', '2013-03-01', '2013-03-01', '14/2013', 201314, '426', 'Progress', 0, 1, '0000-00-00 00:00:00', '0000-00-00 00:00:00'),
(225, 4, '32807', 32807, 'PR004', '2013-03-01', 8300, '', 500, 2, 2, 0, 3142, 'BELUM ADA PO ASLI', 'BELUM ADA PO ASLI', '2013-03-01', '2013-03-01', '14/2013', 201314, '426', 'Progress', 0, 1, '0000-00-00 00:00:00', '0000-00-00 00:00:00'),
(226, 52, NULL, 55555, NULL, '0000-00-00', 55555, NULL, 65, NULL, 55555, 0, 55555, NULL, '', NULL, '0000-00-00', NULL, 0, '', 'Progress', 0, 1, '2013-05-06 15:35:21', '2013-05-06 15:35:21');

-- --------------------------------------------------------

--
-- Struktur dari tabel `dtb_order_detail`
--

CREATE TABLE IF NOT EXISTS `dtb_order_detail` (
  `id` bigint(20) unsigned NOT NULL auto_increment,
  `order_id` bigint(20) NOT NULL,
  `po_no` char(6) default NULL,
  `size` int(11) default NULL,
  `qty_po` int(11) default NULL,
  `quantity` int(11) default NULL,
  `ukuran_id` int(11) default NULL,
  PRIMARY KEY  (`id`)
) ENGINE=InnoDB  DEFAULT CHARSET=utf8 AUTO_INCREMENT=1301 ;

--
-- Dumping data untuk tabel `dtb_order_detail`
--

INSERT INTO `dtb_order_detail` (`id`, `order_id`, `po_no`, `size`, `qty_po`, `quantity`, `ukuran_id`) VALUES
(1, 0, '9176', 5, 175, 175, 3),
(2, 0, '9176', 6, 400, 400, 4),
(3, 0, '9176', 7, 600, 600, 5),
(4, 0, '9176', 8, 350, 350, 6),
(5, 0, '9176', 9, 300, 300, 7),
(6, 0, '9176', 10, 175, 175, 8),
(7, 6, '11426', 5, 105, 105, 9),
(8, 6, '11426', 6, 300, 300, 10),
(9, 6, '11426', 7, 525, 525, 11),
(10, 6, '11426', 8, 390, 390, 12),
(11, 6, '11426', 9, 105, 105, 13),
(12, 6, '11426', 10, 75, 75, 14),
(13, 16, '11427', 5, 105, 105, 15),
(14, 16, '11427', 6, 300, 300, 16),
(15, 16, '11427', 7, 525, 525, 17),
(16, 16, '11427', 8, 390, 390, 18),
(17, 16, '11427', 9, 105, 105, 19),
(18, 16, '11427', 10, 75, 75, 20),
(19, 17, '11432', 5, 140, 140, 21),
(20, 17, '11432', 6, 400, 400, 22),
(21, 17, '11432', 7, 700, 700, 23),
(22, 17, '11432', 8, 520, 520, 24),
(23, 17, '11432', 9, 140, 140, 25),
(24, 17, '11432', 10, 100, 100, 26),
(25, 12, '11603', 5, 100, 100, 27),
(26, 12, '11603', 6, 250, 250, 28),
(27, 12, '11603', 7, 350, 350, 29),
(28, 12, '11603', 8, 250, 250, 30),
(29, 12, '11603', 9, 100, 100, 31),
(30, 12, '11603', 10, 100, 100, 32),
(31, 12, '11603', 11, 50, 50, 33),
(32, 13, '11604', 5, 100, 100, 34),
(33, 13, '11604', 6, 250, 250, 35),
(34, 13, '11604', 7, 350, 350, 36),
(35, 13, '11604', 8, 250, 250, 37),
(36, 13, '11604', 9, 100, 100, 38),
(37, 13, '11604', 10, 100, 100, 39),
(38, 13, '11604', 11, 50, 50, 40),
(39, 2, '11663', 5, 150, 150, 41),
(40, 2, '11663', 6, 300, 300, 42),
(41, 2, '11663', 7, 470, 470, 43),
(42, 2, '11663', 8, 300, 300, 44),
(43, 2, '11663', 9, 150, 150, 45),
(44, 2, '11663', 10, 130, 130, 46),
(45, 18, '11675', 5, 60, 60, 47),
(46, 18, '11675', 6, 80, 80, 48),
(47, 18, '11675', 7, 120, 120, 49),
(48, 18, '11675', 8, 80, 80, 50),
(49, 18, '11675', 9, 60, 60, 51),
(50, 19, '11676', 5, 60, 60, 52),
(51, 19, '11676', 6, 80, 80, 53),
(52, 19, '11676', 7, 120, 120, 54),
(53, 19, '11676', 8, 80, 80, 55),
(54, 19, '11676', 9, 60, 60, 56),
(55, 3, '11967', 5, 50, 50, 57),
(56, 3, '11967', 6, 300, 300, 58),
(57, 3, '11967', 7, 300, 300, 59),
(58, 3, '11967', 8, 650, 650, 60),
(59, 3, '11967', 9, 380, 380, 61),
(60, 3, '11967', 10, 320, 320, 62),
(61, 21, '11990', 5, 75, 75, 63),
(62, 21, '11990', 6, 175, 175, 64),
(63, 21, '11990', 7, 225, 225, 65),
(64, 21, '11990', 8, 375, 375, 66),
(65, 21, '11990', 9, 225, 225, 67),
(66, 21, '11990', 10, 175, 175, 68),
(67, 20, '11991', 5, 75, 75, 69),
(68, 20, '11991', 6, 175, 175, 70),
(69, 20, '11991', 7, 225, 225, 71),
(70, 20, '11991', 8, 375, 375, 72),
(71, 20, '11991', 9, 225, 225, 73),
(72, 20, '11991', 10, 175, 175, 74),
(73, 1, '11999', 5, 250, 250, 75),
(74, 1, '11999', 6, 300, 300, 76),
(75, 1, '11999', 7, 650, 650, 77),
(76, 1, '11999', 8, 700, 700, 78),
(77, 1, '11999', 9, 100, 100, 79),
(78, 7, '12441', 5, 90, 90, 80),
(79, 7, '12441', 6, 125, 125, 81),
(80, 7, '12441', 7, 275, 275, 82),
(81, 7, '12441', 8, 250, 250, 83),
(82, 7, '12441', 9, 160, 160, 84),
(83, 7, '12441', 10, 100, 100, 85),
(84, 5, '12443', 5, 90, 90, 86),
(85, 5, '12443', 6, 125, 125, 87),
(86, 5, '12443', 7, 275, 275, 88),
(87, 5, '12443', 8, 250, 250, 89),
(88, 5, '12443', 9, 160, 160, 90),
(89, 5, '12443', 10, 100, 100, 91),
(90, 8, '12514', 5, 120, 120, 92),
(91, 8, '12514', 6, 220, 220, 93),
(92, 8, '12514', 7, 320, 320, 94),
(93, 8, '12514', 8, 220, 220, 95),
(94, 8, '12514', 9, 120, 120, 96),
(95, 9, '12515', 5, 120, 120, 97),
(96, 9, '12515', 6, 220, 220, 98),
(97, 9, '12515', 7, 320, 320, 99),
(98, 9, '12515', 8, 220, 220, 100),
(99, 9, '12515', 9, 120, 120, 101),
(100, 15, '12733', 6, 46, 46, 102),
(101, 15, '12733', 7, 102, 102, 103),
(102, 15, '12733', 8, 155, 155, 104),
(103, 15, '12733', 9, 136, 136, 105),
(104, 15, '12733', 10, 81, 81, 106),
(105, 15, '12733', 11, 45, 45, 107),
(106, 14, '12734', 6, 82, 82, 108),
(107, 14, '12734', 7, 147, 147, 109),
(108, 14, '12734', 8, 204, 204, 110),
(109, 14, '12734', 9, 179, 179, 111),
(110, 14, '12734', 10, 116, 116, 112),
(111, 14, '12734', 11, 63, 63, 113),
(112, 10, '13379', 5, 50, 50, 114),
(113, 10, '13379', 6, 450, 450, 115),
(114, 10, '13379', 7, 600, 600, 116),
(115, 10, '13379', 8, 100, 100, 117),
(116, 10, '13379', 9, 250, 250, 118),
(117, 10, '13379', 10, 50, 50, 119),
(118, 23, '13660', 5, 100, 100, 120),
(119, 23, '13660', 6, 275, 275, 121),
(120, 23, '13660', 7, 425, 425, 122),
(121, 23, '13660', 8, 275, 275, 123),
(122, 23, '13660', 9, 150, 150, 124),
(123, 23, '13660', 10, 25, 25, 125),
(124, 25, '13662', 5, 100, 100, 126),
(125, 25, '13662', 6, 275, 275, 127),
(126, 25, '13662', 7, 425, 425, 128),
(127, 25, '13662', 8, 275, 275, 129),
(128, 25, '13662', 9, 150, 150, 130),
(129, 25, '13662', 10, 25, 25, 131),
(130, 26, '13663', 5, 80, 80, 132),
(131, 26, '13663', 6, 130, 130, 133),
(132, 26, '13663', 7, 180, 180, 134),
(133, 26, '13663', 8, 130, 130, 135),
(134, 26, '13663', 9, 80, 80, 136),
(135, 22, '13766', 7, 200, 200, 137),
(136, 22, '13766', 8, 280, 280, 138),
(137, 22, '13766', 9, 100, 100, 139),
(138, 22, '13766', 10, 120, 120, 140),
(139, 22, '13766', 11, 100, 100, 141),
(140, 32, '14081', 5, 300, 300, 142),
(141, 32, '14081', 6, 375, 375, 143),
(142, 32, '14081', 7, 500, 500, 144),
(143, 32, '14081', 8, 175, 175, 145),
(144, 32, '14081', 9, 50, 50, 146),
(145, 32, '14081', 10, 25, 25, 147),
(146, 30, '14083', 5, 300, 300, 148),
(147, 30, '14083', 6, 375, 375, 149),
(148, 30, '14083', 7, 500, 500, 150),
(149, 30, '14083', 8, 175, 175, 151),
(150, 30, '14083', 9, 50, 50, 152),
(151, 30, '14083', 10, 25, 25, 153),
(152, 31, '14084', 5, 40, 40, 154),
(153, 31, '14084', 6, 90, 90, 155),
(154, 31, '14084', 7, 140, 140, 156),
(155, 31, '14084', 8, 90, 90, 157),
(156, 31, '14084', 9, 40, 40, 158),
(157, 27, '14477', 5, 200, 200, 159),
(158, 27, '14477', 6, 380, 380, 160),
(159, 27, '14477', 7, 580, 580, 161),
(160, 27, '14477', 8, 460, 460, 162),
(161, 27, '14477', 9, 220, 220, 163),
(162, 27, '14477', 10, 160, 160, 164),
(163, 29, '14478', 5, 200, 200, 165),
(164, 29, '14478', 6, 380, 380, 166),
(165, 29, '14478', 7, 580, 580, 167),
(166, 29, '14478', 8, 460, 460, 168),
(167, 29, '14478', 9, 220, 220, 169),
(168, 29, '14478', 10, 160, 160, 170),
(169, 28, '14479', 5, 100, 100, 171),
(170, 28, '14479', 6, 190, 190, 172),
(171, 28, '14479', 7, 290, 290, 173),
(172, 28, '14479', 8, 230, 230, 174),
(173, 28, '14479', 9, 110, 110, 175),
(174, 28, '14479', 10, 80, 80, 176),
(175, 33, '14921', 5, 160, 160, 177),
(176, 33, '14921', 6, 340, 340, 178),
(177, 33, '14921', 7, 640, 640, 179),
(178, 33, '14921', 8, 560, 560, 180),
(179, 33, '14921', 9, 200, 200, 181),
(180, 33, '14921', 10, 100, 100, 182),
(181, 34, '14922', 5, 160, 160, 183),
(182, 34, '14922', 6, 340, 340, 184),
(183, 34, '14922', 7, 640, 640, 185),
(184, 34, '14922', 8, 560, 560, 186),
(185, 34, '14922', 9, 200, 200, 187),
(186, 34, '14922', 10, 100, 100, 188),
(187, 35, '14923', 5, 80, 80, 189),
(188, 35, '14923', 6, 170, 170, 190),
(189, 35, '14923', 7, 320, 320, 191),
(190, 35, '14923', 8, 280, 280, 192),
(191, 35, '14923', 9, 100, 100, 193),
(192, 35, '14923', 10, 50, 50, 194),
(193, 38, '15172', 5, 150, 150, 195),
(194, 38, '15172', 6, 50, 50, 196),
(195, 38, '15172', 7, 650, 650, 197),
(196, 38, '15172', 8, 600, 600, 198),
(197, 38, '15172', 9, 25, 25, 199),
(198, 38, '15172', 10, 25, 25, 200),
(199, 39, '15173', 5, 150, 150, 201),
(200, 39, '15173', 6, 50, 50, 202),
(201, 39, '15173', 7, 650, 650, 203),
(202, 39, '15173', 8, 600, 600, 204),
(203, 39, '15173', 9, 25, 25, 205),
(204, 39, '15173', 10, 25, 25, 206),
(205, 37, '15287', 4, 200, 200, 207),
(206, 37, '15287', 5, 850, 850, 208),
(207, 37, '15287', 6, 900, 900, 209),
(208, 37, '15287', 7, 50, 50, 210),
(209, 36, '15288', 3, 50, 50, 211),
(210, 36, '15288', 4, 250, 250, 212),
(211, 36, '15288', 5, 900, 900, 213),
(212, 36, '15288', 6, 700, 700, 214),
(213, 36, '15288', 7, 100, 100, 215),
(214, 41, '15796', 5, 60, 60, 216),
(215, 41, '15796', 6, 400, 400, 217),
(216, 41, '15796', 7, 570, 570, 218),
(217, 41, '15796', 8, 540, 540, 219),
(218, 41, '15796', 9, 285, 285, 220),
(219, 41, '15796', 10, 145, 145, 221),
(220, 42, '15798', 5, 40, 40, 222),
(221, 42, '15798', 6, 300, 300, 223),
(222, 42, '15798', 7, 430, 430, 224),
(223, 42, '15798', 8, 410, 410, 225),
(224, 42, '15798', 9, 215, 215, 226),
(225, 42, '15798', 10, 105, 105, 227),
(226, 43, '15811', 5, 150, 150, 228),
(227, 43, '15811', 6, 275, 275, 229),
(228, 43, '15811', 7, 450, 450, 230),
(229, 43, '15811', 8, 350, 350, 231),
(230, 43, '15811', 9, 175, 175, 232),
(231, 43, '15811', 10, 100, 100, 233),
(232, 59, '15976', 6, 22, 22, 234),
(233, 59, '15976', 7, 63, 63, 235),
(234, 59, '15976', 8, 103, 103, 236),
(235, 59, '15976', 9, 94, 94, 237),
(236, 59, '15976', 10, 73, 73, 238),
(237, 59, '15976', 11, 43, 43, 239),
(238, 60, '15977', 6, 43, 43, 240),
(239, 60, '15977', 7, 84, 84, 241),
(240, 60, '15977', 8, 124, 124, 242),
(241, 60, '15977', 9, 106, 106, 243),
(242, 60, '15977', 10, 64, 64, 244),
(243, 60, '15977', 11, 45, 45, 245),
(244, 56, '16116', 5, 100, 100, 246),
(245, 56, '16116', 6, 185, 185, 247),
(246, 56, '16116', 7, 300, 300, 248),
(247, 56, '16116', 8, 230, 230, 249),
(248, 56, '16116', 9, 115, 115, 250),
(249, 56, '16116', 10, 70, 70, 251),
(250, 55, '16118', 5, 50, 50, 252),
(251, 55, '16118', 6, 90, 90, 253),
(252, 55, '16118', 7, 150, 150, 254),
(253, 55, '16118', 8, 120, 120, 255),
(254, 55, '16118', 9, 60, 60, 256),
(255, 55, '16118', 10, 30, 30, 257),
(256, 54, '16122', 5, 60, 60, 258),
(257, 54, '16122', 6, 400, 400, 259),
(258, 54, '16122', 7, 570, 570, 260),
(259, 54, '16122', 8, 545, 545, 261),
(260, 54, '16122', 9, 285, 285, 262),
(261, 54, '16122', 10, 140, 140, 263),
(262, 53, '16124', 5, 40, 40, 264),
(263, 53, '16124', 6, 300, 300, 265),
(264, 53, '16124', 7, 430, 430, 266),
(265, 53, '16124', 8, 405, 405, 267),
(266, 53, '16124', 9, 215, 215, 268),
(267, 53, '16124', 10, 110, 110, 269),
(268, 44, '16403', 5, 160, 160, 270),
(269, 44, '16403', 6, 400, 400, 271),
(270, 44, '16403', 7, 640, 640, 272),
(271, 44, '16403', 8, 480, 480, 273),
(272, 44, '16403', 9, 240, 240, 274),
(273, 44, '16403', 10, 80, 80, 275),
(274, 45, '16404', 5, 80, 80, 276),
(275, 45, '16404', 6, 200, 200, 277),
(276, 45, '16404', 7, 320, 320, 278),
(277, 45, '16404', 8, 240, 240, 279),
(278, 45, '16404', 9, 120, 120, 280),
(279, 45, '16404', 10, 40, 40, 281),
(280, 47, '16597', 5, 125, 125, 282),
(281, 47, '16597', 6, 375, 375, 283),
(282, 47, '16597', 7, 940, 940, 284),
(283, 47, '16597', 8, 250, 250, 285),
(284, 47, '16597', 9, 250, 250, 286),
(285, 47, '16597', 10, 60, 60, 287),
(286, 49, '16598', 5, 75, 75, 288),
(287, 49, '16598', 6, 225, 225, 289),
(288, 49, '16598', 7, 560, 560, 290),
(289, 49, '16598', 8, 150, 150, 291),
(290, 49, '16598', 9, 150, 150, 292),
(291, 49, '16598', 10, 40, 40, 293),
(292, 51, '17044', 5, 150, 150, 294),
(293, 51, '17044', 6, 250, 250, 295),
(294, 51, '17044', 7, 375, 375, 296),
(295, 51, '17044', 8, 400, 400, 297),
(296, 51, '17044', 9, 150, 150, 298),
(297, 51, '17044', 10, 175, 175, 299),
(298, 50, '17045', 5, 150, 150, 300),
(299, 50, '17045', 6, 250, 250, 301),
(300, 50, '17045', 7, 375, 375, 302),
(301, 50, '17045', 8, 400, 400, 303),
(302, 50, '17045', 9, 150, 150, 304),
(303, 50, '17045', 10, 175, 175, 305),
(304, 58, '17152', 5, 100, 100, 306),
(305, 58, '17152', 6, 300, 300, 307),
(306, 58, '17152', 7, 150, 150, 308),
(307, 58, '17152', 8, 200, 200, 309),
(308, 58, '17152', 9, 200, 200, 310),
(309, 58, '17152', 10, 50, 50, 311),
(310, 46, '17618', 3, 50, 50, 312),
(311, 46, '17618', 4, 370, 370, 313),
(312, 46, '17618', 5, 700, 700, 314),
(313, 46, '17618', 6, 680, 680, 315),
(314, 46, '17618', 7, 200, 200, 316),
(315, 64, '17935', 5, 100, 100, 317),
(316, 64, '17935', 6, 450, 450, 318),
(317, 64, '17935', 7, 700, 700, 319),
(318, 64, '17935', 8, 500, 500, 320),
(319, 64, '17935', 9, 200, 200, 321),
(320, 64, '17935', 10, 50, 50, 322),
(321, 61, '17993', 6, 100, 100, 323),
(322, 61, '17993', 7, 200, 200, 324),
(323, 61, '17993', 8, 300, 300, 325),
(324, 61, '17993', 9, 250, 250, 326),
(325, 61, '17993', 10, 100, 100, 327),
(326, 61, '17993', 11, 50, 50, 328),
(327, 71, '17994', 6, 100, 100, 329),
(328, 71, '17994', 7, 200, 200, 330),
(329, 71, '17994', 8, 300, 300, 331),
(330, 71, '17994', 9, 250, 250, 332),
(331, 71, '17994', 10, 100, 100, 333),
(332, 71, '17994', 11, 50, 50, 334),
(333, 62, '18015', 6, 100, 100, 335),
(334, 62, '18015', 7, 200, 200, 336),
(335, 62, '18015', 8, 300, 300, 337),
(336, 62, '18015', 9, 250, 250, 338),
(337, 62, '18015', 10, 100, 100, 339),
(338, 62, '18015', 11, 50, 50, 340),
(339, 69, '18016', 6, 100, 100, 341),
(340, 69, '18016', 7, 200, 200, 342),
(341, 69, '18016', 8, 300, 300, 343),
(342, 69, '18016', 9, 250, 250, 344),
(343, 69, '18016', 10, 100, 100, 345),
(344, 69, '18016', 11, 50, 50, 346),
(345, 70, '18043', 5, 100, 100, 347),
(346, 70, '18043', 6, 225, 225, 348),
(347, 70, '18043', 7, 375, 375, 349),
(348, 70, '18043', 8, 325, 325, 350),
(349, 70, '18043', 9, 125, 125, 351),
(350, 70, '18043', 10, 100, 100, 352),
(351, 73, '18044', 5, 100, 100, 353),
(352, 73, '18044', 6, 225, 225, 354),
(353, 73, '18044', 7, 375, 375, 355),
(354, 73, '18044', 8, 325, 325, 356),
(355, 73, '18044', 9, 125, 125, 357),
(356, 73, '18044', 10, 100, 100, 358),
(357, 66, '18094', 5, 135, 135, 359),
(358, 66, '18094', 6, 335, 335, 360),
(359, 66, '18094', 7, 800, 800, 361),
(360, 66, '18094', 8, 530, 530, 362),
(361, 66, '18094', 9, 130, 130, 363),
(362, 66, '18094', 10, 70, 70, 364),
(363, 74, '18095', 5, 65, 65, 365),
(364, 74, '18095', 6, 165, 165, 366),
(365, 74, '18095', 7, 400, 400, 367),
(366, 74, '18095', 8, 270, 270, 368),
(367, 74, '18095', 9, 70, 70, 369),
(368, 74, '18095', 10, 30, 30, 370),
(369, 75, '18197', 5, 150, 150, 371),
(370, 75, '18197', 6, 300, 300, 372),
(371, 75, '18197', 7, 550, 550, 373),
(372, 75, '18197', 8, 425, 425, 374),
(373, 75, '18197', 9, 200, 200, 375),
(374, 75, '18197', 10, 125, 125, 376),
(375, 65, '18198', 5, 150, 150, 377),
(376, 65, '18198', 6, 300, 300, 378),
(377, 65, '18198', 7, 550, 550, 379),
(378, 65, '18198', 8, 425, 425, 380),
(379, 65, '18198', 9, 200, 200, 381),
(380, 65, '18198', 10, 125, 125, 382),
(381, 67, '18299', 5, 200, 200, 383),
(382, 67, '18299', 6, 350, 350, 384),
(383, 67, '18299', 7, 650, 650, 385),
(384, 67, '18299', 8, 450, 450, 386),
(385, 67, '18299', 9, 250, 250, 387),
(386, 67, '18299', 10, 100, 100, 388),
(387, 82, '18464', 5, 100, 100, 389),
(388, 82, '18464', 6, 225, 225, 390),
(389, 82, '18464', 7, 375, 375, 391),
(390, 82, '18464', 8, 325, 325, 392),
(391, 82, '18464', 9, 125, 125, 393),
(392, 82, '18464', 10, 100, 100, 394),
(393, 83, '18465', 5, 100, 100, 395),
(394, 83, '18465', 6, 225, 225, 396),
(395, 83, '18465', 7, 375, 375, 397),
(396, 83, '18465', 8, 325, 325, 398),
(397, 83, '18465', 9, 125, 125, 399),
(398, 83, '18465', 10, 100, 100, 400),
(399, 81, '18577', 5, 120, 120, 401),
(400, 81, '18577', 6, 300, 300, 402),
(401, 81, '18577', 7, 480, 480, 403),
(402, 81, '18577', 8, 360, 360, 404),
(403, 81, '18577', 9, 180, 180, 405),
(404, 81, '18577', 10, 60, 60, 406),
(405, 79, '18578', 5, 120, 120, 407),
(406, 79, '18578', 6, 300, 300, 408),
(407, 79, '18578', 7, 480, 480, 409),
(408, 79, '18578', 8, 360, 360, 410),
(409, 79, '18578', 9, 180, 180, 411),
(410, 79, '18578', 10, 60, 60, 412),
(411, 77, '18581', 5, 100, 100, 413),
(412, 77, '18581', 6, 175, 175, 414),
(413, 77, '18581', 7, 325, 325, 415),
(414, 77, '18581', 8, 225, 225, 416),
(415, 77, '18581', 9, 125, 125, 417),
(416, 77, '18581', 10, 50, 50, 418),
(417, 78, '18583', 5, 100, 100, 419),
(418, 78, '18583', 6, 175, 175, 420),
(419, 78, '18583', 7, 325, 325, 421),
(420, 78, '18583', 8, 225, 225, 422),
(421, 78, '18583', 9, 125, 125, 423),
(422, 78, '18583', 10, 50, 50, 424),
(423, 85, '18671', 6, 20, 20, 425),
(424, 85, '18671', 7, 40, 40, 426),
(425, 85, '18671', 8, 60, 60, 427),
(426, 85, '18671', 9, 60, 60, 428),
(427, 85, '18671', 10, 60, 60, 429),
(428, 86, '18920', 5, 100, 100, 430),
(429, 86, '18920', 6, 225, 225, 431),
(430, 86, '18920', 7, 375, 375, 432),
(431, 86, '18920', 8, 325, 325, 433),
(432, 86, '18920', 9, 125, 125, 434),
(433, 86, '18920', 10, 100, 100, 435),
(434, 87, '18921', 5, 100, 100, 436),
(435, 87, '18921', 6, 225, 225, 437),
(436, 87, '18921', 7, 375, 375, 438),
(437, 87, '18921', 8, 325, 325, 439),
(438, 87, '18921', 9, 125, 125, 440),
(439, 87, '18921', 10, 100, 100, 441),
(440, 88, '18986', 5, 70, 70, 442),
(441, 88, '18986', 6, 365, 365, 443),
(442, 88, '18986', 7, 400, 400, 444),
(443, 88, '18986', 8, 500, 500, 445),
(444, 88, '18986', 9, 465, 465, 446),
(445, 88, '18986', 10, 200, 200, 447),
(446, 90, '18987', 5, 30, 30, 448),
(447, 90, '18987', 6, 185, 185, 449),
(448, 90, '18987', 7, 200, 200, 450),
(449, 90, '18987', 8, 250, 250, 451),
(450, 90, '18987', 9, 235, 235, 452),
(451, 90, '18987', 10, 100, 100, 453),
(452, 91, '18988', 5, 40, 40, 454),
(453, 91, '18988', 6, 100, 100, 455),
(454, 91, '18988', 7, 150, 150, 456),
(455, 91, '18988', 8, 150, 150, 457),
(456, 91, '18988', 9, 60, 60, 458),
(457, 92, '18989', 5, 160, 160, 459),
(458, 92, '18989', 6, 400, 400, 460),
(459, 92, '18989', 7, 640, 640, 461),
(460, 92, '18989', 8, 480, 480, 462),
(461, 92, '18989', 9, 240, 240, 463),
(462, 92, '18989', 10, 80, 80, 464),
(463, 93, '18990', 5, 160, 160, 465),
(464, 93, '18990', 6, 400, 400, 466),
(465, 93, '18990', 7, 640, 640, 467),
(466, 93, '18990', 8, 480, 480, 468),
(467, 93, '18990', 9, 240, 240, 469),
(468, 93, '18990', 10, 80, 80, 470),
(469, 95, '18991', 5, 45, 45, 471),
(470, 95, '18991', 6, 90, 90, 472),
(471, 95, '18991', 7, 150, 150, 473),
(472, 95, '18991', 8, 150, 150, 474),
(473, 95, '18991', 9, 65, 65, 475),
(474, 94, '19633', 5, 200, 200, 476),
(475, 94, '19633', 6, 265, 265, 477),
(476, 94, '19633', 7, 530, 530, 478),
(477, 94, '19633', 8, 800, 800, 479),
(478, 94, '19633', 9, 135, 135, 480),
(479, 94, '19633', 10, 70, 70, 481),
(480, 89, '19627', 3, 25, 25, 482),
(481, 89, '19627', 4, 50, 50, 483),
(482, 89, '19627', 5, 750, 750, 484),
(483, 89, '19627', 6, 500, 500, 485),
(484, 89, '19627', 7, 175, 175, 486),
(485, 84, '19626', 3, 25, 25, 487),
(486, 84, '19626', 4, 50, 50, 488),
(487, 84, '19626', 5, 750, 750, 489),
(488, 84, '19626', 6, 500, 500, 490),
(489, 84, '19626', 7, 175, 175, 491),
(490, 80, '19632', 5, 100, 100, 492),
(491, 80, '19632', 6, 135, 135, 493),
(492, 80, '19632', 7, 270, 270, 494),
(493, 80, '19632', 8, 400, 400, 495),
(494, 80, '19632', 9, 65, 65, 496),
(495, 80, '19632', 10, 30, 30, 497),
(496, 76, '20219', 5, 50, 50, 498),
(497, 76, '20219', 6, 70, 70, 499),
(498, 76, '20219', 7, 80, 80, 500),
(499, 76, '20219', 8, 80, 80, 501),
(500, 76, '20219', 9, 20, 20, 502),
(501, 72, '20220', 5, 50, 50, 503),
(502, 72, '20220', 6, 70, 70, 504),
(503, 72, '20220', 7, 80, 80, 505),
(504, 72, '20220', 8, 80, 80, 506),
(505, 72, '20220', 9, 20, 20, 507),
(506, 68, '20218', 5, 50, 50, 508),
(507, 68, '20218', 6, 70, 70, 509),
(508, 68, '20218', 7, 80, 80, 510),
(509, 68, '20218', 8, 80, 80, 511),
(510, 68, '20218', 9, 20, 20, 512),
(511, 63, '20163', 5, 100, 100, 513),
(512, 63, '20163', 6, 150, 150, 514),
(513, 63, '20163', 7, 300, 300, 515),
(514, 63, '20163', 8, 250, 250, 516),
(515, 63, '20163', 9, 125, 125, 517),
(516, 63, '20163', 10, 75, 75, 518),
(517, 57, '20162', 5, 100, 100, 519),
(518, 57, '20162', 6, 150, 150, 520),
(519, 57, '20162', 7, 300, 300, 521),
(520, 57, '20162', 8, 250, 250, 522),
(521, 57, '20162', 9, 125, 125, 523),
(522, 57, '20162', 10, 75, 75, 524),
(523, 52, '20609', 5, 150, 150, 525),
(524, 52, '20609', 6, 200, 200, 526),
(525, 52, '20609', 7, 450, 450, 527),
(526, 52, '20609', 8, 250, 250, 528),
(527, 52, '20609', 9, 100, 100, 529),
(528, 52, '20609', 10, 100, 100, 530),
(529, 40, '20610', 5, 150, 150, 531),
(530, 40, '20610', 6, 200, 200, 532),
(531, 40, '20610', 7, 450, 450, 533),
(532, 40, '20610', 8, 250, 250, 534),
(533, 40, '20610', 9, 100, 100, 535),
(534, 40, '20610', 10, 100, 100, 536),
(535, 24, '20611', 5, 100, 100, 537),
(536, 24, '20611', 6, 200, 200, 538),
(537, 24, '20611', 7, 250, 250, 539),
(538, 24, '20611', 8, 600, 600, 540),
(539, 24, '20611', 9, 150, 150, 541),
(540, 24, '20611', 10, 200, 200, 542),
(541, 48, '20612', 5, 100, 100, 543),
(542, 48, '20612', 6, 200, 200, 544),
(543, 48, '20612', 7, 250, 250, 545),
(544, 48, '20612', 8, 600, 600, 546),
(545, 48, '20612', 9, 150, 150, 547),
(546, 48, '20612', 10, 200, 200, 548),
(547, 96, '20967', 5, 125, 125, 549),
(548, 96, '20967', 6, 175, 175, 550),
(549, 96, '20967', 7, 375, 375, 551),
(550, 96, '20967', 8, 425, 425, 552),
(551, 96, '20967', 9, 75, 75, 553),
(552, 96, '20967', 10, 75, 75, 554),
(553, 97, '20969', 5, 125, 125, 555),
(554, 97, '20969', 6, 175, 175, 556),
(555, 97, '20969', 7, 375, 375, 557),
(556, 97, '20969', 8, 425, 425, 558),
(557, 97, '20969', 9, 75, 75, 559),
(558, 97, '20969', 10, 75, 75, 560),
(559, 98, '20966', 3, 25, 25, 561),
(560, 98, '20966', 4, 150, 150, 562),
(561, 98, '20966', 5, 825, 825, 563),
(562, 98, '20966', 6, 975, 975, 564),
(563, 98, '20966', 7, 25, 25, 565),
(564, 99, '20965', 3, 25, 25, 566),
(565, 99, '20965', 4, 150, 150, 567),
(566, 99, '20965', 5, 825, 825, 568),
(567, 99, '20965', 6, 975, 975, 569),
(568, 99, '20965', 7, 25, 25, 570),
(569, 100, '20970', 5, 200, 200, 571),
(570, 100, '20970', 6, 250, 250, 572),
(571, 100, '20970', 7, 700, 700, 573),
(572, 100, '20970', 8, 700, 700, 574),
(573, 100, '20970', 9, 50, 50, 575),
(574, 100, '20970', 10, 100, 100, 576),
(575, 101, '20972', 5, 100, 100, 577),
(576, 101, '20972', 6, 300, 300, 578),
(577, 101, '20972', 7, 600, 600, 579),
(578, 101, '20972', 8, 350, 350, 580),
(579, 101, '20972', 9, 150, 150, 581),
(580, 102, '21296', 6, 160, 160, 582),
(581, 102, '21296', 7, 320, 320, 583),
(582, 102, '21296', 8, 240, 240, 584),
(583, 102, '21296', 9, 80, 80, 585),
(584, 103, '21799', 5, 80, 80, 586),
(585, 103, '21799', 6, 180, 180, 587),
(586, 103, '21799', 7, 300, 300, 588),
(587, 103, '21799', 8, 260, 260, 589),
(588, 103, '21799', 9, 100, 100, 590),
(589, 103, '21799', 10, 80, 80, 591),
(590, 104, '21924', 5, 60, 60, 592),
(591, 104, '21924', 6, 200, 200, 593),
(592, 104, '21924', 7, 260, 260, 594),
(593, 104, '21924', 8, 200, 200, 595),
(594, 104, '21924', 9, 80, 80, 596),
(595, 105, '21923', 5, 60, 60, 597),
(596, 105, '21923', 6, 200, 200, 598),
(597, 105, '21923', 7, 260, 260, 599),
(598, 105, '21923', 8, 200, 200, 600),
(599, 105, '21923', 9, 80, 80, 601),
(600, 106, '21798', 5, 80, 80, 602),
(601, 106, '21798', 6, 180, 180, 603),
(602, 106, '21798', 7, 300, 300, 604),
(603, 106, '21798', 8, 260, 260, 605),
(604, 106, '21798', 9, 100, 100, 606),
(605, 106, '21798', 10, 80, 80, 607),
(606, 4, '22119', 4, 250, 250, 608),
(607, 4, '22119', 5, 550, 550, 609),
(608, 4, '22119', 6, 600, 600, 610),
(609, 4, '22119', 7, 100, 100, 611),
(610, 107, '22117', 4, 250, 250, 612),
(611, 107, '22117', 5, 550, 550, 613),
(612, 107, '22117', 6, 600, 600, 614),
(613, 107, '22117', 7, 100, 100, 615),
(614, 108, '22277', 6, 115, 115, 616),
(615, 108, '22277', 7, 185, 185, 617),
(616, 108, '22277', 8, 190, 190, 618),
(617, 108, '22277', 9, 145, 145, 619),
(618, 108, '22277', 10, 75, 75, 620),
(619, 108, '22277', 11, 90, 90, 621),
(620, 109, '22204', 5, 100, 100, 622),
(621, 109, '22204', 6, 225, 225, 623),
(622, 109, '22204', 7, 375, 375, 624),
(623, 109, '22204', 8, 325, 325, 625),
(624, 109, '22204', 9, 125, 125, 626),
(625, 109, '22204', 10, 100, 100, 627),
(626, 110, '22203', 5, 100, 100, 628),
(627, 110, '22203', 6, 225, 225, 629),
(628, 110, '22203', 7, 375, 375, 630),
(629, 110, '22203', 8, 325, 325, 631),
(630, 110, '22203', 9, 125, 125, 632),
(631, 110, '22203', 10, 100, 100, 633),
(632, 111, '22206', 5, 100, 100, 634),
(633, 111, '22206', 6, 225, 225, 635),
(634, 111, '22206', 7, 375, 375, 636),
(635, 111, '22206', 8, 325, 325, 637),
(636, 111, '22206', 9, 125, 125, 638),
(637, 111, '22206', 10, 100, 100, 639),
(638, 112, '22207', 5, 100, 100, 640),
(639, 112, '22207', 6, 225, 225, 641),
(640, 112, '22207', 7, 375, 375, 642),
(641, 112, '22207', 8, 325, 325, 643),
(642, 112, '22207', 9, 125, 125, 644),
(643, 112, '22207', 10, 100, 100, 645),
(644, 113, '22279', 6, 115, 115, 646),
(645, 113, '22279', 7, 185, 185, 647),
(646, 113, '22279', 8, 190, 190, 648),
(647, 113, '22279', 9, 145, 145, 649),
(648, 113, '22279', 10, 75, 75, 650),
(649, 113, '22279', 11, 90, 90, 651),
(650, 114, '22416', 6, 550, 550, 652),
(651, 114, '22416', 7, 600, 600, 653),
(652, 114, '22416', 8, 700, 700, 654),
(653, 114, '22416', 9, 150, 150, 655),
(654, 115, '22407', 6, 21, 21, 656),
(655, 115, '22407', 7, 42, 42, 657),
(656, 115, '22407', 8, 105, 105, 658),
(657, 115, '22407', 9, 84, 84, 659),
(658, 115, '22407', 10, 42, 42, 660),
(659, 115, '22407', 11, 21, 21, 661),
(660, 116, '22406', 6, 21, 21, 662),
(661, 116, '22406', 7, 42, 42, 663),
(662, 116, '22406', 8, 105, 105, 664),
(663, 116, '22406', 9, 84, 84, 665),
(664, 116, '22406', 10, 42, 42, 666),
(665, 116, '22406', 11, 21, 21, 667),
(666, 117, '22841', 5, 80, 80, 668),
(667, 117, '22841', 6, 200, 200, 669),
(668, 117, '22841', 7, 300, 300, 670),
(669, 117, '22841', 8, 240, 240, 671),
(670, 117, '22841', 9, 120, 120, 672),
(671, 117, '22841', 10, 60, 60, 673),
(672, 118, '22842', 5, 160, 160, 674),
(673, 118, '22842', 6, 400, 400, 675),
(674, 118, '22842', 7, 600, 600, 676),
(675, 118, '22842', 8, 480, 480, 677),
(676, 118, '22842', 9, 240, 240, 678),
(677, 118, '22842', 10, 120, 120, 679),
(678, 119, '22843', 5, 160, 160, 680),
(679, 119, '22843', 6, 400, 400, 681),
(680, 119, '22843', 7, 600, 600, 682),
(681, 119, '22843', 8, 480, 480, 683),
(682, 119, '22843', 9, 240, 240, 684),
(683, 119, '22843', 10, 120, 120, 685),
(684, 120, '22625', 6, 119, 119, 686),
(685, 120, '22625', 7, 344, 344, 687),
(686, 120, '22625', 8, 516, 516, 688),
(687, 120, '22625', 9, 516, 516, 689),
(688, 120, '22625', 10, 344, 344, 690),
(689, 120, '22625', 11, 119, 119, 691),
(690, 121, '22624', 6, 109, 109, 692),
(691, 121, '22624', 7, 316, 316, 693),
(692, 121, '22624', 8, 474, 474, 694),
(693, 121, '22624', 9, 474, 474, 695),
(694, 121, '22624', 10, 316, 316, 696),
(695, 121, '22624', 11, 109, 109, 697),
(696, 122, '23231', 5, 115, 115, 698),
(697, 122, '23231', 6, 300, 300, 699),
(698, 122, '23231', 7, 470, 470, 700),
(699, 122, '23231', 8, 365, 365, 701),
(700, 122, '23231', 9, 170, 170, 702),
(701, 122, '23231', 10, 80, 80, 703),
(702, 123, '23230', 5, 115, 115, 704),
(703, 123, '23230', 6, 300, 300, 705),
(704, 123, '23230', 7, 470, 470, 706),
(705, 123, '23230', 8, 365, 365, 707),
(706, 123, '23230', 9, 170, 170, 708),
(707, 123, '23230', 10, 80, 80, 709),
(708, 124, '23233', 5, 120, 120, 710),
(709, 124, '23233', 6, 300, 300, 711),
(710, 124, '23233', 7, 460, 460, 712),
(711, 124, '23233', 8, 370, 370, 713),
(712, 124, '23233', 9, 160, 160, 714),
(713, 124, '23233', 10, 90, 90, 715),
(714, 125, '23275', 5, 150, 150, 716),
(715, 125, '23275', 6, 200, 200, 717),
(716, 125, '23275', 7, 750, 750, 718),
(717, 125, '23275', 8, 400, 400, 719),
(718, 125, '23275', 9, 400, 400, 720),
(719, 125, '23275', 10, 100, 100, 721),
(720, 126, '23315', 5, 120, 120, 722),
(721, 126, '23315', 6, 270, 270, 723),
(722, 126, '23315', 7, 350, 350, 724),
(723, 126, '23315', 8, 200, 200, 725),
(724, 126, '23315', 9, 20, 20, 726),
(725, 126, '23315', 10, 40, 40, 727),
(726, 127, '24567', 5, 85, 85, 728),
(727, 127, '24567', 6, 200, 200, 729),
(728, 127, '24567', 7, 365, 365, 730),
(729, 127, '24567', 8, 220, 220, 731),
(730, 127, '24567', 9, 65, 65, 732),
(731, 127, '24567', 10, 65, 65, 733),
(732, 128, '24569', 5, 80, 80, 734),
(733, 128, '24569', 6, 200, 200, 735),
(734, 128, '24569', 7, 370, 370, 736),
(735, 128, '24569', 8, 210, 210, 737),
(736, 128, '24569', 9, 70, 70, 738),
(737, 128, '24569', 10, 70, 70, 739),
(738, 129, '24568', 5, 85, 85, 740),
(739, 129, '24568', 6, 200, 200, 741),
(740, 129, '24568', 7, 365, 365, 742),
(741, 129, '24568', 8, 220, 220, 743),
(742, 129, '24568', 9, 65, 65, 744),
(743, 129, '24568', 10, 65, 65, 745),
(744, 130, '24259', 5, 150, 150, 746),
(745, 130, '24259', 6, 400, 400, 747),
(746, 130, '24259', 7, 600, 600, 748),
(747, 130, '24259', 8, 350, 350, 749),
(748, 130, '24259', 9, 125, 125, 750),
(749, 130, '24259', 10, 125, 125, 751),
(750, 131, '24260', 5, 150, 150, 752),
(751, 131, '24260', 6, 400, 400, 753),
(752, 131, '24260', 7, 600, 600, 754),
(753, 131, '24260', 8, 350, 350, 755),
(754, 131, '24260', 9, 125, 125, 756),
(755, 131, '24260', 10, 125, 125, 757),
(756, 132, '24261', 5, 150, 150, 758),
(757, 132, '24261', 6, 200, 200, 759),
(758, 132, '24261', 7, 700, 700, 760),
(759, 132, '24261', 8, 250, 250, 761),
(760, 132, '24261', 9, 300, 300, 762),
(761, 133, '24274', 5, 20, 20, 763),
(762, 133, '24274', 6, 45, 45, 764),
(763, 133, '24274', 7, 75, 75, 765),
(764, 133, '24274', 8, 65, 65, 766),
(765, 133, '24274', 9, 25, 25, 767),
(766, 133, '24274', 10, 20, 20, 768),
(767, 134, '24270', 5, 120, 120, 769),
(768, 134, '24270', 6, 270, 270, 770),
(769, 134, '24270', 7, 450, 450, 771),
(770, 134, '24270', 8, 390, 390, 772),
(771, 134, '24270', 9, 150, 150, 773),
(772, 134, '24270', 10, 120, 120, 774),
(773, 135, '24271', 5, 120, 120, 775),
(774, 135, '24271', 6, 270, 270, 776),
(775, 135, '24271', 7, 450, 450, 777),
(776, 135, '24271', 8, 390, 390, 778),
(777, 135, '24271', 9, 150, 150, 779),
(778, 135, '24271', 10, 120, 120, 780),
(779, 136, '24536', 5, 95, 95, 781),
(780, 136, '24536', 6, 240, 240, 782),
(781, 136, '24536', 7, 360, 360, 783),
(782, 136, '24536', 8, 290, 290, 784),
(783, 136, '24536', 9, 140, 140, 785),
(784, 136, '24536', 10, 75, 75, 786),
(785, 137, '24535', 5, 145, 145, 787),
(786, 137, '24535', 6, 360, 360, 788),
(787, 137, '24535', 7, 540, 540, 789),
(788, 137, '24535', 8, 430, 430, 790),
(789, 137, '24535', 9, 220, 220, 791),
(790, 137, '24535', 10, 105, 105, 792),
(791, 138, '24759', 6, 66, 66, 793),
(792, 138, '24759', 7, 134, 134, 794),
(793, 138, '24759', 8, 199, 199, 795),
(794, 138, '24759', 9, 199, 199, 796),
(795, 138, '24759', 10, 133, 133, 797),
(796, 138, '24759', 11, 76, 76, 798),
(797, 139, '24757', 6, 52, 52, 799),
(798, 139, '24757', 7, 122, 122, 800),
(799, 139, '24757', 8, 189, 189, 801),
(800, 139, '24757', 9, 190, 190, 802),
(801, 139, '24757', 10, 103, 103, 803),
(802, 139, '24757', 11, 55, 55, 804),
(803, 140, '24845', 6, 108, 108, 805),
(804, 140, '24845', 7, 234, 234, 806),
(805, 140, '24845', 8, 326, 326, 807),
(806, 140, '24845', 9, 325, 325, 808),
(807, 140, '24845', 10, 193, 193, 809),
(808, 140, '24845', 11, 104, 104, 810),
(809, 141, '23582', 5, 80, 80, 811),
(810, 141, '23582', 6, 140, 140, 812),
(811, 141, '23582', 7, 160, 160, 813),
(812, 141, '23582', 8, 140, 140, 814),
(813, 141, '23582', 9, 80, 80, 815),
(814, 142, '25075', 5, 60, 60, 816),
(815, 142, '25075', 6, 80, 80, 817),
(816, 142, '25075', 7, 120, 120, 818),
(817, 142, '25075', 8, 80, 80, 819),
(818, 142, '25075', 9, 60, 60, 820),
(819, 143, '25248', 4, 40, 40, 821),
(820, 143, '25248', 5, 80, 80, 822),
(821, 143, '25248', 6, 80, 80, 823),
(822, 143, '25248', 7, 40, 40, 824),
(823, 144, '25249', 6, 34, 34, 825),
(824, 144, '25249', 7, 34, 34, 826),
(825, 144, '25249', 8, 34, 34, 827),
(826, 144, '25249', 9, 17, 17, 828),
(827, 144, '25249', 10, 17, 17, 829),
(828, 144, '25249', 11, 17, 17, 830),
(829, 145, '25245', 6, 40, 40, 831),
(830, 145, '25245', 7, 80, 80, 832),
(831, 145, '25245', 8, 80, 80, 833),
(832, 145, '25245', 9, 40, 40, 834),
(833, 146, '25250', 6, 16, 16, 835),
(834, 146, '25250', 7, 22, 22, 836),
(835, 146, '25250', 8, 27, 27, 837),
(836, 146, '25250', 9, 23, 23, 838),
(837, 146, '25250', 10, 10, 10, 839),
(838, 146, '25250', 11, 10, 10, 840),
(839, 147, '25246', 6, 30, 30, 841),
(840, 147, '25246', 7, 30, 30, 842),
(841, 147, '25246', 8, 30, 30, 843),
(842, 147, '25246', 9, 15, 15, 844),
(843, 147, '25246', 10, 15, 15, 845),
(844, 147, '25246', 11, 15, 15, 846),
(845, 148, '25118', 6, 46, 46, 847),
(846, 148, '25118', 7, 122, 122, 848),
(847, 148, '25118', 8, 170, 170, 849),
(848, 148, '25118', 9, 172, 172, 850),
(849, 148, '25118', 10, 103, 103, 851),
(850, 148, '25118', 11, 50, 50, 852),
(851, 149, '25247', 6, 16, 16, 853),
(852, 149, '25247', 7, 22, 22, 854),
(853, 149, '25247', 8, 27, 27, 855),
(854, 149, '25247', 9, 23, 23, 856),
(855, 149, '25247', 10, 10, 10, 857),
(856, 149, '25247', 11, 10, 10, 858),
(857, 150, '25482', 5, 125, 125, 859),
(858, 150, '25482', 6, 100, 100, 860),
(859, 150, '25482', 7, 375, 375, 861),
(860, 150, '25482', 8, 375, 375, 862),
(861, 150, '25482', 9, 200, 200, 863),
(862, 150, '25482', 10, 75, 75, 864),
(863, 151, '25417', 5, 60, 60, 865),
(864, 151, '25417', 6, 80, 80, 866),
(865, 151, '25417', 7, 120, 120, 867),
(866, 151, '25417', 8, 80, 80, 868),
(867, 151, '25417', 9, 60, 60, 869),
(868, 152, '25486', 5, 60, 60, 870),
(869, 152, '25486', 6, 350, 350, 871),
(870, 152, '25486', 7, 200, 200, 872),
(871, 152, '25486', 8, 550, 550, 873),
(872, 152, '25486', 9, 110, 110, 874),
(873, 152, '25486', 10, 80, 80, 875),
(874, 153, '25485', 5, 125, 125, 876),
(875, 153, '25485', 6, 100, 100, 877),
(876, 153, '25485', 7, 375, 375, 878),
(877, 153, '25485', 8, 375, 375, 879),
(878, 153, '25485', 9, 200, 200, 880),
(879, 153, '25485', 10, 75, 75, 881),
(880, 154, '23587', 5, 60, 60, 882),
(881, 154, '23587', 6, 80, 80, 883),
(882, 154, '23587', 7, 120, 120, 884),
(883, 154, '23587', 8, 80, 80, 885),
(884, 154, '23587', 9, 60, 60, 886),
(885, 155, '23902', 5, 150, 150, 887),
(886, 155, '23902', 6, 400, 400, 888),
(887, 155, '23902', 7, 700, 700, 889),
(888, 155, '23902', 8, 500, 500, 890),
(889, 155, '23902', 9, 150, 150, 891),
(890, 155, '23902', 10, 100, 100, 892),
(891, 156, '23586', 5, 60, 60, 893),
(892, 156, '23586', 6, 80, 80, 894),
(893, 156, '23586', 7, 120, 120, 895),
(894, 156, '23586', 8, 80, 80, 896),
(895, 156, '23586', 9, 60, 60, 897),
(896, 157, '23271', 5, 80, 80, 898),
(897, 157, '23271', 6, 235, 235, 899),
(898, 157, '23271', 7, 435, 435, 900),
(899, 157, '23271', 8, 295, 295, 901),
(900, 157, '23271', 9, 175, 175, 902),
(901, 157, '23271', 10, 80, 80, 903),
(902, 158, '23270', 5, 120, 120, 904),
(903, 158, '23270', 6, 365, 365, 905),
(904, 158, '23270', 7, 665, 665, 906),
(905, 158, '23270', 8, 455, 455, 907),
(906, 158, '23270', 9, 275, 275, 908),
(907, 158, '23270', 10, 120, 120, 909),
(908, 159, '23269', 5, 55, 55, 910),
(909, 159, '23269', 6, 180, 180, 911),
(910, 159, '23269', 7, 345, 345, 912),
(911, 159, '23269', 8, 230, 230, 913),
(912, 159, '23269', 9, 130, 130, 914),
(913, 159, '23269', 10, 60, 60, 915),
(914, 160, '23268', 5, 115, 115, 916),
(915, 160, '23268', 6, 370, 370, 917),
(916, 160, '23268', 7, 685, 685, 918),
(917, 160, '23268', 8, 470, 470, 919),
(918, 160, '23268', 9, 250, 250, 920),
(919, 160, '23268', 10, 110, 110, 921),
(920, 161, '23581', 5, 80, 80, 922),
(921, 161, '23581', 6, 140, 140, 923),
(922, 161, '23581', 7, 160, 160, 924),
(923, 161, '23581', 8, 140, 140, 925),
(924, 161, '23581', 9, 80, 80, 926),
(925, 162, '25788', 5, 250, 250, 927),
(926, 162, '25788', 6, 500, 500, 928),
(927, 162, '25788', 7, 835, 835, 929),
(928, 162, '25788', 8, 625, 625, 930),
(929, 162, '25788', 9, 290, 290, 931),
(930, 163, '25619', 5, 150, 150, 932),
(931, 163, '25619', 6, 200, 200, 933),
(932, 163, '25619', 7, 600, 600, 934),
(933, 163, '25619', 8, 650, 650, 935),
(934, 163, '25619', 9, 300, 300, 936),
(935, 163, '25619', 10, 100, 100, 937),
(936, 164, '25618', 5, 150, 150, 938),
(937, 164, '25618', 6, 500, 500, 939),
(938, 164, '25618', 7, 400, 400, 940),
(939, 164, '25618', 8, 450, 450, 941),
(940, 164, '25618', 9, 100, 100, 942),
(941, 164, '25618', 10, 150, 150, 943),
(942, 165, '25787', 5, 50, 50, 944),
(943, 165, '25787', 6, 100, 100, 945),
(944, 165, '25787', 7, 165, 165, 946),
(945, 165, '25787', 8, 125, 125, 947),
(946, 165, '25787', 9, 60, 60, 948),
(947, 166, '26028', 5, 60, 60, 949),
(948, 166, '26028', 6, 80, 80, 950),
(949, 166, '26028', 7, 120, 120, 951),
(950, 166, '26028', 8, 80, 80, 952),
(951, 166, '26028', 9, 60, 60, 953),
(952, 167, '26009', 5, 50, 50, 954),
(953, 167, '26009', 6, 50, 50, 955),
(954, 167, '26009', 7, 225, 225, 956),
(955, 167, '26009', 8, 500, 500, 957),
(956, 167, '26009', 9, 125, 125, 958),
(957, 167, '26009', 10, 150, 150, 959),
(958, 168, '26013', 5, 50, 50, 960),
(959, 168, '26013', 6, 50, 50, 961),
(960, 168, '26013', 7, 225, 225, 962),
(961, 168, '26013', 8, 500, 500, 963),
(962, 168, '26013', 9, 125, 125, 964),
(963, 168, '26013', 10, 150, 150, 965),
(964, 169, '26030', 5, 60, 60, 966),
(965, 169, '26030', 6, 80, 80, 967),
(966, 169, '26030', 7, 120, 120, 968),
(967, 169, '26030', 8, 80, 80, 969),
(968, 169, '26030', 9, 60, 60, 970),
(969, 170, '26632', 5, 125, 125, 971),
(970, 170, '26632', 6, 300, 300, 972),
(971, 170, '26632', 7, 500, 500, 973),
(972, 170, '26632', 8, 225, 225, 974),
(973, 170, '26632', 9, 75, 75, 975),
(974, 170, '26632', 10, 25, 25, 976),
(975, 171, '26631', 5, 125, 125, 977),
(976, 171, '26631', 6, 300, 300, 978),
(977, 171, '26631', 7, 500, 500, 979),
(978, 171, '26631', 8, 225, 225, 980),
(979, 171, '26631', 9, 75, 75, 981),
(980, 171, '26631', 10, 25, 25, 982),
(981, 172, '26548', 6, 67, 67, 983),
(982, 172, '26548', 7, 134, 134, 984),
(983, 172, '26548', 8, 335, 335, 985),
(984, 172, '26548', 9, 268, 268, 986),
(985, 172, '26548', 10, 134, 134, 987),
(986, 172, '26548', 11, 67, 67, 988),
(987, 173, '26547', 6, 40, 40, 989),
(988, 173, '26547', 7, 80, 80, 990),
(989, 173, '26547', 8, 200, 200, 991),
(990, 173, '26547', 9, 160, 160, 992),
(991, 173, '26547', 10, 80, 80, 993),
(992, 173, '26547', 11, 40, 40, 994),
(993, 174, '26636', 5, 125, 125, 995),
(994, 174, '26636', 6, 40, 40, 996),
(995, 174, '26636', 7, 125, 125, 997),
(996, 174, '26636', 8, 160, 160, 998),
(997, 174, '26636', 9, 50, 50, 999),
(998, 175, '26635', 5, 125, 125, 1000),
(999, 175, '26635', 6, 40, 40, 1001),
(1000, 175, '26635', 7, 125, 125, 1002),
(1001, 175, '26635', 8, 160, 160, 1003),
(1002, 175, '26635', 9, 50, 50, 1004),
(1003, 176, '26634', 5, 125, 125, 1005),
(1004, 176, '26634', 6, 40, 40, 1006),
(1005, 176, '26634', 7, 125, 125, 1007),
(1006, 176, '26634', 8, 160, 160, 1008),
(1007, 176, '26634', 9, 50, 50, 1009),
(1008, 177, '26633', 5, 125, 125, 1010),
(1009, 177, '26633', 6, 30, 30, 1011),
(1010, 177, '26633', 7, 125, 125, 1012),
(1011, 177, '26633', 8, 170, 170, 1013),
(1012, 177, '26633', 9, 50, 50, 1014),
(1013, 178, '26887', 5, 60, 60, 1015),
(1014, 178, '26887', 6, 80, 80, 1016),
(1015, 178, '26887', 7, 120, 120, 1017),
(1016, 178, '26887', 8, 80, 80, 1018),
(1017, 178, '26887', 9, 60, 60, 1019),
(1018, 179, '26888', 5, 60, 60, 1020),
(1019, 179, '26888', 6, 80, 80, 1021),
(1020, 179, '26888', 7, 120, 120, 1022),
(1021, 179, '26888', 8, 80, 80, 1023),
(1022, 179, '26888', 9, 60, 60, 1024),
(1023, 180, '26316', 5, 150, 150, 1025),
(1024, 180, '26316', 6, 400, 400, 1026),
(1025, 180, '26316', 7, 900, 900, 1027),
(1026, 180, '26316', 8, 300, 300, 1028),
(1027, 180, '26316', 9, 150, 150, 1029),
(1028, 180, '26316', 10, 100, 100, 1030),
(1029, 181, '27365', 5, 180, 180, 1031),
(1030, 181, '27365', 6, 325, 325, 1032),
(1031, 181, '27365', 7, 685, 685, 1033),
(1032, 181, '27365', 8, 430, 430, 1034),
(1033, 181, '27365', 9, 110, 110, 1035),
(1034, 181, '27365', 10, 70, 70, 1036),
(1035, 182, '27366', 5, 70, 70, 1037),
(1036, 182, '27366', 6, 125, 125, 1038),
(1037, 182, '27366', 7, 265, 265, 1039),
(1038, 182, '27366', 8, 170, 170, 1040),
(1039, 182, '27366', 9, 40, 40, 1041),
(1040, 182, '27366', 10, 30, 30, 1042),
(1041, 183, '27782', 5, 225, 225, 1043),
(1042, 183, '27782', 6, 475, 475, 1044),
(1043, 183, '27782', 7, 650, 650, 1045),
(1044, 183, '27782', 8, 400, 400, 1046),
(1045, 183, '27782', 9, 175, 175, 1047),
(1046, 183, '27782', 10, 75, 75, 1048),
(1047, 184, '27799', 5, 225, 225, 1049),
(1048, 184, '27799', 6, 475, 475, 1050),
(1049, 184, '27799', 7, 650, 650, 1051),
(1050, 184, '27799', 8, 400, 400, 1052),
(1051, 184, '27799', 9, 175, 175, 1053),
(1052, 184, '27799', 10, 75, 75, 1054),
(1053, 185, '27778', 5, 85, 85, 1055),
(1054, 185, '27778', 6, 75, 75, 1056),
(1055, 185, '27778', 7, 130, 130, 1057),
(1056, 185, '27778', 8, 100, 100, 1058),
(1057, 185, '27778', 9, 60, 60, 1059),
(1058, 185, '27778', 10, 50, 50, 1060),
(1059, 186, '27779', 5, 85, 85, 1061),
(1060, 186, '27779', 6, 75, 75, 1062),
(1061, 186, '27779', 7, 130, 130, 1063),
(1062, 186, '27779', 8, 100, 100, 1064),
(1063, 186, '27779', 9, 60, 60, 1065),
(1064, 186, '27779', 10, 50, 50, 1066),
(1065, 187, '27780', 5, 330, 330, 1067),
(1066, 187, '27780', 6, 300, 300, 1068),
(1067, 187, '27780', 7, 540, 540, 1069),
(1068, 187, '27780', 8, 450, 450, 1070),
(1069, 187, '27780', 9, 230, 230, 1071),
(1070, 187, '27780', 10, 150, 150, 1072),
(1071, 188, '27776', 5, 50, 50, 1073),
(1072, 188, '27776', 6, 125, 125, 1074),
(1073, 188, '27776', 7, 600, 600, 1075),
(1074, 188, '27776', 8, 500, 500, 1076),
(1075, 188, '27776', 9, 50, 50, 1077),
(1076, 188, '27776', 10, 25, 25, 1078),
(1077, 189, '27777', 5, 50, 50, 1079),
(1078, 189, '27777', 6, 125, 125, 1080),
(1079, 189, '27777', 7, 600, 600, 1081),
(1080, 189, '27777', 8, 500, 500, 1082),
(1081, 189, '27777', 9, 50, 50, 1083),
(1082, 189, '27777', 10, 25, 25, 1084),
(1083, 190, '28201', 6, 250, 250, 1085),
(1084, 190, '28201', 7, 1200, 1200, 1086),
(1085, 190, '28201', 8, 650, 650, 1087),
(1086, 191, '28561', 5, 20, 20, 1088),
(1087, 191, '28561', 6, 130, 130, 1089),
(1088, 191, '28561', 7, 400, 400, 1090),
(1089, 191, '28561', 8, 320, 320, 1091),
(1090, 191, '28561', 9, 90, 90, 1092),
(1091, 191, '28561', 10, 40, 40, 1093),
(1092, 192, '28560', 5, 20, 20, 1094),
(1093, 192, '28560', 6, 130, 130, 1095),
(1094, 192, '28560', 7, 400, 400, 1096),
(1095, 192, '28560', 8, 320, 320, 1097),
(1096, 192, '28560', 9, 90, 90, 1098),
(1097, 192, '28560', 10, 40, 40, 1099),
(1098, 193, '28583', 5, 175, 175, 1100),
(1099, 193, '28583', 6, 325, 325, 1101),
(1100, 193, '28583', 7, 450, 450, 1102),
(1101, 193, '28583', 8, 375, 375, 1103),
(1102, 193, '28583', 9, 100, 100, 1104),
(1103, 193, '28583', 10, 75, 75, 1105),
(1104, 194, '29085', 5, 200, 200, 1106),
(1105, 194, '29085', 6, 500, 500, 1107),
(1106, 194, '29085', 7, 750, 750, 1108),
(1107, 194, '29085', 8, 700, 700, 1109),
(1108, 194, '29085', 9, 200, 200, 1110),
(1109, 194, '29085', 10, 150, 150, 1111),
(1110, 195, '29088', 5, 200, 200, 1112),
(1111, 195, '29088', 6, 500, 500, 1113),
(1112, 195, '29088', 7, 750, 750, 1114),
(1113, 195, '29088', 8, 700, 700, 1115),
(1114, 195, '29088', 9, 200, 200, 1116),
(1115, 195, '29088', 10, 150, 150, 1117),
(1116, 196, '28482', 5, 20, 20, 1118),
(1117, 196, '28482', 6, 130, 130, 1119),
(1118, 196, '28482', 7, 400, 400, 1120),
(1119, 196, '28482', 8, 320, 320, 1121),
(1120, 196, '28482', 9, 90, 90, 1122),
(1121, 196, '28482', 10, 40, 40, 1123),
(1122, 197, '28481', 5, 40, 40, 1124),
(1123, 197, '28481', 6, 260, 260, 1125),
(1124, 197, '28481', 7, 800, 800, 1126),
(1125, 197, '28481', 8, 640, 640, 1127),
(1126, 197, '28481', 9, 180, 180, 1128),
(1127, 197, '28481', 10, 80, 80, 1129),
(1128, 198, '28526', 5, 100, 100, 1130),
(1129, 198, '28526', 6, 180, 180, 1131),
(1130, 198, '28526', 7, 380, 380, 1132),
(1131, 198, '28526', 8, 240, 240, 1133),
(1132, 198, '28526', 9, 60, 60, 1134),
(1133, 198, '28526', 10, 40, 40, 1135),
(1134, 199, '28528', 5, 150, 150, 1136),
(1135, 199, '28528', 6, 270, 270, 1137),
(1136, 199, '28528', 7, 570, 570, 1138),
(1137, 199, '28528', 8, 360, 360, 1139),
(1138, 199, '28528', 9, 90, 90, 1140),
(1139, 199, '28528', 10, 60, 60, 1141),
(1140, 200, '28525', 5, 35, 35, 1142),
(1141, 200, '28525', 6, 65, 65, 1143),
(1142, 200, '28525', 7, 500, 500, 1144),
(1143, 200, '28525', 8, 335, 335, 1145),
(1144, 200, '28525', 9, 35, 35, 1146),
(1145, 200, '28525', 10, 30, 30, 1147),
(1146, 201, '28524', 5, 65, 65, 1148),
(1147, 201, '28524', 6, 135, 135, 1149),
(1148, 201, '28524', 7, 1000, 1000, 1150),
(1149, 201, '28524', 8, 665, 665, 1151),
(1150, 201, '28524', 9, 65, 65, 1152),
(1151, 201, '28524', 10, 70, 70, 1153),
(1152, 202, '28486', 5, 115, 115, 1154),
(1153, 202, '28486', 6, 225, 225, 1155),
(1154, 202, '28486', 7, 300, 300, 1156),
(1155, 202, '28486', 8, 250, 250, 1157),
(1156, 202, '28486', 9, 60, 60, 1158),
(1157, 202, '28486', 10, 50, 50, 1159),
(1158, 203, '28485', 5, 60, 60, 1160),
(1159, 203, '28485', 6, 100, 100, 1161),
(1160, 203, '28485', 7, 150, 150, 1162),
(1161, 203, '28485', 8, 125, 125, 1163),
(1162, 203, '28485', 9, 40, 40, 1164),
(1163, 203, '28485', 10, 25, 25, 1165),
(1164, 204, '29089', 5, 200, 200, 1166),
(1165, 204, '29089', 6, 500, 500, 1167),
(1166, 204, '29089', 7, 750, 750, 1168),
(1167, 204, '29089', 8, 700, 700, 1169),
(1168, 204, '29089', 9, 200, 200, 1170),
(1169, 204, '29089', 10, 150, 150, 1171),
(1170, 205, '31132', 5, 30, 30, 1172),
(1171, 205, '31132', 6, 170, 170, 1173),
(1172, 205, '31132', 7, 270, 270, 1174),
(1173, 205, '31132', 8, 600, 600, 1175),
(1174, 205, '31132', 9, 450, 450, 1176),
(1175, 205, '31132', 10, 280, 280, 1177),
(1176, 206, '30521', 5, 30, 30, 1178),
(1177, 206, '30521', 6, 150, 150, 1179),
(1178, 206, '30521', 7, 150, 150, 1180),
(1179, 206, '30521', 8, 195, 195, 1181),
(1180, 206, '30521', 9, 450, 450, 1182),
(1181, 206, '30521', 10, 280, 280, 1183),
(1182, 207, '31704', 5, 90, 90, 1184),
(1183, 207, '31704', 6, 130, 130, 1185),
(1184, 207, '31704', 7, 150, 150, 1186),
(1185, 207, '31704', 8, 140, 140, 1187),
(1186, 207, '31704', 9, 90, 90, 1188),
(1187, 208, '31642', 5, 80, 80, 1189),
(1188, 208, '31642', 6, 130, 130, 1190),
(1189, 208, '31642', 7, 160, 160, 1191),
(1190, 208, '31642', 8, 150, 150, 1192),
(1191, 208, '31642', 9, 80, 80, 1193),
(1192, 209, '31857', 5, 200, 200, 1194),
(1193, 209, '31857', 6, 480, 480, 1195),
(1194, 209, '31857', 7, 720, 720, 1196),
(1195, 209, '31857', 8, 550, 550, 1197),
(1196, 209, '31857', 9, 275, 275, 1198),
(1197, 209, '31857', 10, 175, 175, 1199),
(1198, 210, '31856', 5, 100, 100, 1200),
(1199, 210, '31856', 6, 220, 220, 1201),
(1200, 210, '31856', 7, 330, 330, 1202),
(1201, 210, '31856', 8, 250, 250, 1203),
(1202, 210, '31856', 9, 125, 125, 1204),
(1203, 210, '31856', 10, 75, 75, 1205),
(1204, 211, '31134', 5, 20, 20, 1206),
(1205, 211, '31134', 6, 80, 80, 1207),
(1206, 211, '31134', 7, 130, 130, 1208),
(1207, 211, '31134', 8, 300, 300, 1209),
(1208, 211, '31134', 9, 200, 200, 1210),
(1209, 211, '31134', 10, 120, 120, 1211),
(1210, 212, '31268', 5, 300, 300, 1212),
(1211, 212, '31268', 6, 600, 600, 1213),
(1212, 212, '31268', 7, 800, 800, 1214),
(1213, 212, '31268', 8, 500, 500, 1215),
(1214, 213, '31245', 5, 20, 20, 1216),
(1215, 213, '31245', 6, 120, 120, 1217),
(1216, 213, '31245', 7, 300, 300, 1218),
(1217, 213, '31245', 8, 400, 400, 1219),
(1218, 213, '31245', 9, 220, 220, 1220),
(1219, 213, '31245', 10, 140, 140, 1221),
(1220, 214, '31244', 5, 30, 30, 1222),
(1221, 214, '31244', 6, 180, 180, 1223),
(1222, 214, '31244', 7, 450, 450, 1224),
(1223, 214, '31244', 8, 600, 600, 1225),
(1224, 214, '31244', 9, 330, 330, 1226),
(1225, 214, '31244', 10, 210, 210, 1227),
(1226, 215, '31137', 5, 167, 167, 1228),
(1227, 215, '31137', 6, 281, 281, 1229),
(1228, 215, '31137', 7, 499, 499, 1230),
(1229, 215, '31137', 8, 676, 676, 1231),
(1230, 215, '31137', 9, 519, 519, 1232),
(1231, 215, '31137', 10, 258, 258, 1233),
(1232, 215, '31137', 11, 68, 68, 1234),
(1233, 216, '31138', 5, 41, 41, 1235),
(1234, 216, '31138', 6, 63, 63, 1236),
(1235, 216, '31138', 7, 108, 108, 1237),
(1236, 216, '31138', 8, 149, 149, 1238),
(1237, 216, '31138', 9, 108, 108, 1239),
(1238, 216, '31138', 10, 52, 52, 1240),
(1239, 216, '31138', 11, 11, 11, 1241),
(1240, 217, '31139', 6, 75, 75, 1242),
(1241, 217, '31139', 7, 115, 115, 1243),
(1242, 217, '31139', 8, 125, 125, 1244),
(1243, 217, '31139', 9, 95, 95, 1245),
(1244, 217, '31139', 10, 50, 50, 1246),
(1245, 217, '31139', 11, 40, 40, 1247),
(1246, 218, '31261', 5, 90, 90, 1248),
(1247, 218, '31261', 6, 180, 180, 1249),
(1248, 218, '31261', 7, 540, 540, 1250),
(1249, 218, '31261', 8, 360, 360, 1251),
(1250, 218, '31261', 9, 450, 450, 1252),
(1251, 218, '31261', 10, 180, 180, 1253),
(1252, 219, '31260', 5, 10, 10, 1254),
(1253, 219, '31260', 6, 20, 20, 1255),
(1254, 219, '31260', 7, 60, 60, 1256),
(1255, 219, '31260', 8, 40, 40, 1257),
(1256, 219, '31260', 9, 50, 50, 1258),
(1257, 219, '31260', 10, 20, 20, 1259),
(1258, 220, '33120', 5, 80, 80, 1260),
(1259, 220, '33120', 6, 130, 130, 1261),
(1260, 220, '33120', 7, 160, 160, 1262),
(1261, 220, '33120', 8, 150, 150, 1263),
(1262, 220, '33120', 9, 80, 80, 1264),
(1263, 221, '33122', 5, 90, 90, 1265),
(1264, 221, '33122', 6, 130, 130, 1266),
(1265, 221, '33122', 7, 150, 150, 1267),
(1266, 221, '33122', 8, 140, 140, 1268),
(1267, 221, '33122', 9, 90, 90, 1269),
(1268, 222, '30493', 5, 135, 135, 1270),
(1269, 222, '30493', 6, 600, 600, 1271),
(1270, 222, '30493', 7, 500, 500, 1272),
(1271, 222, '30493', 8, 600, 600, 1273),
(1272, 222, '30493', 9, 135, 135, 1274),
(1273, 222, '30493', 10, 30, 30, 1275),
(1274, 223, '30552', 5, 150, 150, 1276),
(1275, 223, '30552', 6, 412, 412, 1277),
(1276, 223, '30552', 7, 615, 615, 1278),
(1277, 223, '30552', 8, 600, 600, 1279),
(1278, 223, '30552', 9, 237, 237, 1280),
(1279, 223, '30552', 10, 162, 162, 1281),
(1280, 224, '32806', 5, 190, 190, 1282),
(1281, 224, '32806', 6, 300, 300, 1283),
(1282, 224, '32806', 7, 80, 80, 1284),
(1283, 224, '32806', 8, 300, 300, 1285),
(1284, 224, '32806', 9, 130, 130, 1286),
(1285, 225, '32807', 7, 80, 80, 1287),
(1286, 225, '32807', 8, 290, 290, 1288),
(1287, 225, '32807', 9, 130, 130, 1289),
(1288, 226, NULL, 1, NULL, 5, NULL),
(1289, 226, NULL, 2, NULL, 5, NULL),
(1290, 226, NULL, 3, NULL, 5, NULL),
(1291, 226, NULL, 4, NULL, 5, NULL),
(1292, 226, NULL, 5, NULL, 5, NULL),
(1293, 226, NULL, 6, NULL, 5, NULL),
(1294, 226, NULL, 7, NULL, 5, NULL),
(1295, 226, NULL, 8, NULL, 5, NULL),
(1296, 226, NULL, 9, NULL, 5, NULL),
(1297, 226, NULL, 10, NULL, 5, NULL),
(1298, 226, NULL, 11, NULL, 5, NULL),
(1299, 226, NULL, 12, NULL, 5, NULL),
(1300, 226, NULL, 13, NULL, 5, NULL);

-- --------------------------------------------------------

--
-- Struktur dari tabel `dtb_product`
--

CREATE TABLE IF NOT EXISTS `dtb_product` (
  `id` bigint(20) unsigned NOT NULL auto_increment,
  `product_no` varchar(10) default NULL,
  `article` varchar(10) default NULL,
  `project` varchar(50) default NULL,
  `singkatan` varchar(5) default NULL,
  `call` varchar(5) NOT NULL,
  `type` tinyint(4) default '1',
  `image_url` varchar(200) default NULL,
  `thumb_url` varchar(200) default NULL,
  `create_date` datetime default NULL,
  `update_date` datetime default NULL,
  PRIMARY KEY  (`id`)
) ENGINE=InnoDB  DEFAULT CHARSET=utf8 AUTO_INCREMENT=53 ;

--
-- Dumping data untuk tabel `dtb_product`
--

INSERT INTO `dtb_product` (`id`, `product_no`, `article`, `project`, `singkatan`, `call`, `type`, `image_url`, `thumb_url`, `create_date`, `update_date`) VALUES
(1, 'PR002', '873-4023', 'MORO', 'MOR23', 'MOR23', 1, NULL, NULL, NULL, NULL),
(2, 'PR001', '874-4032', 'BOLD', 'BLD32', 'BLD32', 1, NULL, NULL, NULL, NULL),
(3, 'PR003', '871-4012', 'JODY', 'JOD12', 'JOD12', 1, NULL, NULL, NULL, NULL),
(4, 'PR004', '871-7172', 'ROMAWI', 'RMW72', 'RMW72', 1, NULL, NULL, NULL, NULL),
(5, 'PR005', '871-4408', 'KAIRO', 'KRO08', 'KRO08', 1, NULL, NULL, NULL, NULL),
(6, 'PR006', '871-6408', 'KAIRO', 'KRO08', 'KRO08', 1, NULL, NULL, NULL, NULL),
(7, 'PR007', '871-4010', 'MORO', 'MOR10', 'MOR10', 1, NULL, NULL, NULL, NULL),
(8, 'PR008', '874-6010', 'MORO', 'MOR10', 'MOR10', 1, NULL, NULL, NULL, NULL),
(9, 'PR009', '873-6610', 'MORO', 'MOR10', 'MOR10', 1, NULL, NULL, NULL, NULL),
(10, 'PR010', '873-4610', 'MORO', 'MOR10', 'MOR10', 1, NULL, NULL, NULL, NULL),
(11, 'PR011', '871-4085', 'JUPHE', 'JPE85', 'JPE85', 1, NULL, NULL, NULL, NULL),
(12, 'PR012', '871-6088', 'JUPHE', 'JPE88', 'JPE88', 1, NULL, NULL, NULL, NULL),
(13, 'PR013', '874-6026', 'JAZZ', 'JAZ26', 'JAZ26', 1, NULL, NULL, NULL, NULL),
(14, 'PR014', '873-2023', 'MORO', 'MOR23', 'MOR23', 1, NULL, NULL, NULL, NULL),
(15, 'PR015', '571-7069', 'CLAUDIA', 'CLA69', 'CLA69', 1, NULL, NULL, NULL, NULL),
(16, 'PR016', '873-6098', 'FLEXFEET', 'FLX98', 'FLX98', 1, NULL, NULL, NULL, NULL),
(17, 'PR017', '874-4529', 'JACKO', 'JKO29', 'JKO29', 1, NULL, NULL, NULL, NULL),
(18, 'PR018', '874-6529', 'JACKO', 'JKO29', 'JKO29', 1, NULL, NULL, NULL, NULL),
(19, 'PR019', '874-6028', 'JACKO', 'JKO28', 'JKO28', 1, NULL, NULL, NULL, NULL),
(20, 'PR020', '874-4029', 'JACKO', 'JKO29', 'JKO29', 1, NULL, NULL, NULL, NULL),
(21, 'PR021', '871-6809', 'FERDY', 'FDY09', 'FDY09', 1, NULL, NULL, NULL, NULL),
(22, 'PR022', '874-6029', 'JACKO', 'JKO29', 'JKO29', 1, NULL, NULL, NULL, NULL),
(23, 'PR023', '873-4813', 'KNIGHT', 'KNI13', 'KNI13', 1, NULL, NULL, NULL, NULL),
(24, 'PR024', '874-4028', 'JACKO', 'JKO28', 'JKO28', 1, NULL, NULL, NULL, NULL),
(25, 'PR025', '873-7613', 'KNIGHT', 'KNI13', 'KNI13', 1, NULL, NULL, NULL, NULL),
(26, 'PR026', '873-6823', 'MORO', 'MOR23', 'MOR23', 1, NULL, NULL, NULL, NULL),
(27, 'PR027', '874-6324', 'LAZZARO', 'LZR24', 'LZR24', 1, NULL, NULL, NULL, NULL),
(28, 'PR028', '873-7098', 'FLEXFEET', 'FLX98', 'FLX98', 1, NULL, NULL, NULL, NULL),
(29, 'PR029', '874-7090', 'KOMPAS', 'KOM90', 'KOM90', 1, NULL, NULL, NULL, NULL),
(30, 'PR030', '871-9172', 'ROMAWI', 'RMW72', 'RMW72', 1, NULL, NULL, NULL, NULL),
(31, 'PR031', '874-4062', 'LANDON', 'LAN62', 'LAN62', 1, NULL, NULL, NULL, NULL),
(32, 'PR032', '874-4057', 'LANDON', 'LAN57', 'LAN57', 1, NULL, NULL, NULL, NULL),
(33, 'PR033', '873-4530', 'MORO', 'MOR30', 'MOR30', 1, NULL, NULL, NULL, NULL),
(34, 'PR034', '873-6530', 'MORO', 'MOR30', 'MOR30', 1, NULL, NULL, NULL, NULL),
(35, 'PR035', '873-4508', 'MORO SPORE', 'MOR08', 'MOR08', 1, NULL, NULL, NULL, NULL),
(36, 'PR036', '873-6508', 'MORO SPORE', 'MOR08', 'MOR08', 1, NULL, NULL, NULL, NULL),
(37, 'PR037', '873-6024', 'NEW MORO', 'MOR24', 'MOR24', 1, NULL, NULL, NULL, NULL),
(38, 'PR038', '874-6735', 'KOMPAS', 'KOM35', 'KOM35', 1, NULL, NULL, NULL, NULL),
(39, 'PR039', '874-4735', 'KOMPAS', 'KOM35', 'KOM35', 1, NULL, NULL, NULL, NULL),
(40, 'PR040', '873-4024', 'MORO', 'MOR24', 'MOR24', 1, NULL, NULL, NULL, NULL),
(41, 'PR041', '874-6857', 'LANDON', 'LAN57', 'LAN57', 1, NULL, NULL, NULL, NULL),
(42, 'PR042', '874-4857', 'LANDON', 'LAN57', 'LAN57', 1, NULL, NULL, NULL, NULL),
(43, 'PR043', '871-6882', 'KENNETH', 'KEN82', 'KEN82', 1, NULL, NULL, NULL, NULL),
(44, 'PR044', '874-6862', 'LANDON', 'LAN62', 'LAN62', 1, NULL, NULL, NULL, NULL),
(45, 'PR045', '871-6082', 'KENNETH', 'KEN82', 'KEN82', 1, NULL, NULL, NULL, NULL),
(46, 'PR046', '871-3082', 'KENNETH', 'KEN82', 'KEN82', 1, NULL, NULL, NULL, NULL),
(47, 'PR047', '871-6560', 'LIZARD', 'LIZ60', 'LIZ60', 1, NULL, NULL, NULL, NULL),
(48, 'PR048', '871-4560', 'LIZARD', 'LIZ60', 'LIZ60', 1, NULL, NULL, NULL, NULL),
(49, 'PR049', '871-8091', 'KNIGHT', 'KNI91', 'KNI91', 1, NULL, NULL, NULL, NULL),
(50, 'PR050', '871-4491', 'KNIGHT', 'KNI91', 'KNI91', 1, NULL, NULL, NULL, NULL),
(51, 'PR051', '871-4591', 'KNIGHT', 'KNI91', 'KNI91', 1, NULL, NULL, NULL, NULL),
(52, NULL, '123-123', 'asd', NULL, '123', 1, '', '', '2013-05-01 20:09:49', '2013-05-01 20:09:49');

-- --------------------------------------------------------

--
-- Struktur dari tabel `dtb_receipt`
--

CREATE TABLE IF NOT EXISTS `dtb_receipt` (
  `id` bigint(20) unsigned NOT NULL auto_increment,
  `tt_no` char(5) default NULL,
  `receipt_no` varchar(20) default NULL,
  `total` int(11) default '0',
  `tt_tgl` date default NULL,
  `receipt_date` date default NULL,
  `create_date` datetime default NULL,
  `update_date` datetime default NULL,
  PRIMARY KEY  (`id`)
) ENGINE=InnoDB  DEFAULT CHARSET=utf8 AUTO_INCREMENT=61 ;

--
-- Dumping data untuk tabel `dtb_receipt`
--

INSERT INTO `dtb_receipt` (`id`, `tt_no`, `receipt_no`, `total`, `tt_tgl`, `receipt_date`, `create_date`, `update_date`) VALUES
(1, 'TT001', 'TT001', 0, '2011-08-08', '2011-08-08', NULL, NULL),
(2, 'TT002', 'TT002', 0, '2011-10-10', '2011-10-10', NULL, NULL),
(3, 'TT003', 'TT003', 0, '2011-11-25', '2011-11-25', NULL, NULL),
(4, 'TT004', 'TT004', 0, '2012-01-09', '2012-01-09', NULL, NULL),
(5, 'TT005', 'TT005', 0, '2012-02-03', '2012-02-03', NULL, NULL),
(6, 'TT006', 'TT006', 0, '2012-02-10', '2012-02-10', NULL, NULL),
(7, 'TT007', 'TT007', 0, '2012-02-17', '2012-02-17', NULL, NULL),
(8, 'TT008', 'TT008', 0, '2012-03-20', '2012-03-20', NULL, NULL),
(9, 'TT009', 'TT009', 0, '2012-04-02', '2012-04-02', NULL, NULL),
(10, 'TT010', 'TT010', 0, '2012-04-03', '2012-04-03', NULL, NULL),
(11, 'TT011', 'TT011', 0, '2012-04-23', '2012-04-23', NULL, NULL),
(12, 'TT012', 'TT012', 0, '2012-05-10', '2012-05-10', NULL, NULL),
(13, 'TT013', 'TT013', 0, '2012-05-21', '2012-05-21', NULL, NULL),
(14, 'TT014', 'TT014', 0, '2012-06-15', '2012-06-15', NULL, NULL),
(15, 'TT015', 'TT015', 0, '2012-06-29', '2012-06-29', NULL, NULL),
(16, 'TT017', 'TT017', 0, '2012-07-05', '2012-07-05', NULL, NULL),
(17, 'TT016', 'TT016', 0, '2012-05-30', '2012-05-30', NULL, NULL),
(18, 'TT018', 'TT018', 0, '2012-07-22', '2012-07-22', NULL, NULL),
(19, 'TT019', 'TT019', 0, '2012-07-23', '2012-07-23', NULL, NULL),
(20, 'TT020', 'TT020', 0, '2012-07-25', '2012-07-25', NULL, NULL),
(21, 'TT021', 'TT021', 0, '2012-07-26', '2012-07-26', NULL, NULL),
(22, 'TT022', 'TT022', 0, '2012-07-27', '2012-07-27', NULL, NULL),
(23, 'TT023', 'TT023', 0, '2012-07-30', '2012-07-30', NULL, NULL),
(24, 'TT024', 'TT024', 0, '2012-08-01', '2012-08-01', NULL, NULL),
(25, 'TT025', 'TT025', 0, '2012-09-02', '2012-09-02', NULL, NULL),
(26, 'TT026', 'TT026', 0, '2012-09-06', '2012-09-06', NULL, NULL),
(27, 'TT027', 'TT027', 0, '2012-09-08', '2012-09-08', NULL, NULL),
(28, 'TT028', 'TT028', 0, '2012-09-11', '2012-09-11', NULL, NULL),
(29, 'TT029', 'TT029', 0, '2012-10-01', '2012-10-01', NULL, NULL),
(30, 'TT030', 'TT030', 0, '2012-10-02', '2012-10-02', NULL, NULL),
(31, 'TT031', 'TT031', 0, '2012-10-03', '2012-10-03', NULL, NULL),
(32, 'TT032', 'TT032', 0, '2012-10-10', '2012-10-10', NULL, NULL),
(33, 'TT033', 'TT033', 0, '2012-11-01', '2012-11-01', NULL, NULL),
(34, 'TT034', 'TT034', 0, '2012-11-02', '2012-11-02', NULL, NULL),
(35, 'TT035', 'TT035', 0, '2012-11-12', '2012-11-12', NULL, NULL),
(36, 'TT036', 'TT036', 0, '2012-12-05', '2012-12-05', NULL, NULL),
(37, 'TT037', 'TT037', 0, '2012-12-14', '2012-12-14', NULL, NULL),
(38, 'TT038', 'TT038', 0, '2012-12-15', '2012-12-15', NULL, NULL),
(39, 'TT039', 'TT039', 0, '2012-12-16', '2012-12-16', NULL, NULL),
(40, 'TT040', 'TT040', 0, '2013-01-07', '2013-01-07', NULL, NULL),
(41, 'TT041', 'TT041', 0, '2013-01-10', '2013-01-10', NULL, NULL),
(42, 'TT042', 'TT042', 0, '2013-01-11', '2013-01-11', NULL, NULL),
(43, 'TT043', 'TT043', 0, '2013-01-12', '2013-01-12', NULL, NULL),
(44, 'TT044', 'TT044', 0, '2013-01-13', '2013-01-13', NULL, NULL),
(45, 'TT045', 'TT045', 0, '2013-02-20', '2013-02-20', NULL, NULL),
(46, 'TT046', 'TT046', 0, '2013-02-21', '2013-02-21', NULL, NULL),
(47, 'TT047', 'TT047', 0, '2013-02-22', '2013-02-22', NULL, NULL),
(48, 'TT048', 'TT048', 0, '2013-02-23', '2013-02-23', NULL, NULL),
(49, 'TT049', 'TT049', 0, '2013-02-24', '2013-02-24', NULL, NULL),
(50, 'TT050', 'TT050', 0, '2013-03-01', '2013-03-01', NULL, NULL),
(51, 'TT051', 'TT051', 0, '2013-03-02', '2013-03-02', NULL, NULL),
(52, 'TT052', 'TT052', 0, '2013-03-03', '2013-03-03', NULL, NULL),
(53, 'TT053', 'TT053', 0, '2013-03-04', '2013-03-04', NULL, NULL),
(54, 'TT054', 'TT054', 0, '2013-03-05', '2013-03-05', NULL, NULL),
(55, 'TT055', 'TT055', 0, '2013-04-01', '2013-04-01', NULL, NULL),
(56, 'TT056', 'TT056', 0, '2013-04-02', '2013-04-02', NULL, NULL),
(57, 'TT057', 'TT057', 0, '2013-04-01', '2013-04-01', NULL, NULL),
(58, 'TT058', 'TT058', 0, '2013-04-01', '2013-04-01', NULL, NULL),
(59, 'TT059', 'TT059', 0, '2013-04-14', '2013-04-14', NULL, NULL),
(60, 'TT060', 'TT060', 0, '2013-04-15', '2013-04-15', NULL, NULL);

-- --------------------------------------------------------

--
-- Struktur dari tabel `dtb_receipt_detail`
--

CREATE TABLE IF NOT EXISTS `dtb_receipt_detail` (
  `id` bigint(20) unsigned NOT NULL auto_increment,
  `receipt_id` bigint(20) unsigned NOT NULL,
  `invoice_id` bigint(20) unsigned NOT NULL,
  PRIMARY KEY  (`id`)
) ENGINE=InnoDB DEFAULT CHARSET=utf8 AUTO_INCREMENT=1 ;

--
-- Dumping data untuk tabel `dtb_receipt_detail`
--


-- --------------------------------------------------------

--
-- Struktur dari tabel `gender`
--

CREATE TABLE IF NOT EXISTS `gender` (
  `kode_gender` int(11) NOT NULL auto_increment,
  `gender` varchar(10) default NULL,
  PRIMARY KEY  (`kode_gender`)
) ENGINE=MyISAM  DEFAULT CHARSET=latin1 AUTO_INCREMENT=3 ;

--
-- Dumping data untuk tabel `gender`
--

INSERT INTO `gender` (`kode_gender`, `gender`) VALUES
(1, 'Pria'),
(2, 'Wanita');

-- --------------------------------------------------------

--
-- Struktur dari tabel `invoice`
--

CREATE TABLE IF NOT EXISTS `invoice` (
  `invoice_no` varchar(20) NOT NULL,
  `ob_no` varchar(20) default NULL,
  `date` date default NULL,
  `due_date` date default NULL,
  `sj_no` varchar(20) default NULL,
  `qty_inv` int(11) default NULL,
  `po_no` char(6) NOT NULL,
  `discount` int(11) default NULL,
  `ppn` int(11) default '0',
  `tt_no` char(5) default '0',
  `bayar_no` char(5) default '0',
  PRIMARY KEY  (`invoice_no`)
) ENGINE=MyISAM DEFAULT CHARSET=latin1;

--
-- Dumping data untuk tabel `invoice`
--

INSERT INTO `invoice` (`invoice_no`, `ob_no`, `date`, `due_date`, `sj_no`, `qty_inv`, `po_no`, `discount`, `ppn`, `tt_no`, `bayar_no`) VALUES
('FK001/CJM/BLD32', '', '2011-07-14', '2011-09-14', 'SJ001/CJM/11-597', 420, '11426', 0, 0, 'TT001', 'PD001'),
('FK002/CJM/MOR23', '', '2011-07-23', '2011-09-23', 'SJ002/CJM/11-605', 610, '11967', 0, 0, 'TT001', 'PD001'),
('FK003/CJM/MOR23', '', '2011-07-22', '2011-09-22', 'SJ003/CJM/11-604', 800, '11967', 0, 0, 'TT001', 'PD001'),
('FK004/CJM/BLD32', '', '2011-07-22', '2011-09-22', 'SJ004/CJM/11-603', 420, '11426', 0, 0, 'TT001', 'PD001'),
('FK005/CJM/MOR23', '', '2011-07-20', '2011-09-20', 'SJ005/CJM/11-601', 590, '11967', 0, 0, 'TT001', 'PD001'),
('FK006/CJM/MOR23', '', '2011-07-26', '2011-09-26', 'SJ006/CJM/11-0102', 485, '12443', 0, 0, 'TT001', 'PD001'),
('FK007/CJM/RMW72', '', '2011-07-26', '2011-09-26', 'SJ007/CJM/11-0103', 650, '11999', 0, 0, 'TT001', 'PD001'),
('FK008/CJM/RMW72', '', '2011-07-28', '2011-09-28', 'SJ008/CJM/11-0107', 350, '11999', 0, 0, 'TT001', 'PD001'),
('FK009/CJM/MOR23', '', '2011-07-28', '2011-09-28', 'SJ009/CJM/11-0104', 515, '12443', 0, 0, 'TT001', 'PD001'),
('FK010/CJM/MOR23', '', '2011-07-28', '2011-09-28', 'SJ010/CJM/11-0106', 415, '11663', 0, 0, 'TT001', 'PD001'),
('FK011/CJM/MOR23', '', '2011-07-30', '2011-09-30', 'SJ011/CJM/11-0109', 1085, '11663', 0, 0, 'TT001', 'PD001'),
('FK012/CJM/RMW72', '', '2011-07-30', '2011-09-30', 'SJ012/CJM/11-0110', 750, '11999', 0, 0, 'TT001', 'PD001'),
('FK013/CJM/MOR23', '', '2011-08-02', '2011-10-02', 'SJ013/CJM/11-0112', 160, '11990', 0, 0, 'TT001', 'PD001'),
('FK014/CJM/MOR23', '', '2011-08-02', '2011-10-02', 'SJ014/CJM/11-0111', 1000, '12441', 0, 0, 'TT001', 'PD001'),
('FK015/CJM/MOR23', '', '2011-08-05', '2011-10-05', 'SJ015/CJM/11', 1070, '11990', 0, 0, 'TT001', 'PD001'),
('FK016/CJM/MOR23', '', '2011-08-09', '2011-10-09', 'SJ016/CJM/11-0113', 1250, '11991', 0, 0, 'TT001', 'PD001'),
('FK017/CJM/BLD32', '', '2011-08-09', '2011-10-09', 'SJ017/CJM/11-0114', 460, '11426', 0, 0, 'TT001', 'PD001'),
('FK018/CJM/MOR23', '', '2011-08-09', '2011-10-09', 'SJ018/CJM/11-0115', 20, '11990', 0, 0, 'TT001', 'PD001'),
('FK019/CJM/BLD32', '', '2011-08-13', '2011-10-13', 'SJ019/CJM/11-0116', 200, '11426', 0, 0, 'TT001', 'PD002'),
('FK020/CJM/BLD32', '', '2011-08-13', '2011-10-13', 'SJ020/CJM/11-0117', 530, '11427', 0, 0, 'TT001', 'PD002'),
('FK021/CJM/BLD32', '', '2011-08-16', '2011-10-16', 'SJ021/CJM/11-0116', 420, '11427', 0, 0, 'TT001', 'PD002'),
('FK022/CJM/RMW72', '', '2011-08-16', '2011-10-16', 'SJ022/CJM/11-0115', 250, '11999', 0, 0, 'TT001', 'PD002'),
('FK023/CJM/JPE85', '', '2011-08-16', '2011-10-16', 'SJ023/CJM/11-0117', 310, '11675', 0, 0, 'TT001', 'PD002'),
('FK024/CJM/JPE88', '', '2011-08-18', '2011-10-18', 'SJ024/CJM/11-0119', 350, '11676', 0, 0, 'TT001', 'PD002'),
('FK025/CJM/JPE85', '', '2011-08-18', '2011-10-18', 'SJ025/CJM/11-0118', 90, '11675', 0, 0, 'TT001', 'PD002'),
('FK026/CJM/BLD32', '', '2011-08-18', '2011-10-18', 'SJ026/CJM/11', 515, '11427', 0, 0, 'TT001', 'PD002'),
('FK027/CJM/BLD32', '', '2011-08-22', '2011-10-22', 'SJ027/CJM/11', 35, '11427', 0, 0, 'TT001', 'PD002'),
('FK028/CJM/BLD32', '', '2011-08-22', '2011-10-22', 'SJ028/CJM/11', 900, '11432', 0, 0, 'TT001', 'PD002'),
('FK029/CJM/JPE88', '', '2011-08-22', '2011-10-22', 'SJ029/CJM/11', 50, '11676', 0, 0, 'TT001', 'PD002'),
('FK030/CJM/BLD32', '', '2011-09-08', '2011-11-08', 'SJ030/CJM/11-22', 1000, '11432', 0, 2860000, 'TT002', 'PD003'),
('FK031/CJM/KRO08', '', '2011-09-08', '2011-11-08', 'SJ031/CJM/11-23', 660, '12514', 0, 792000, 'TT002', 'PD003'),
('FK032/CJM/KRO08', '', '2011-09-08', '2011-11-08', 'SJ032/CJM/11-24', 360, '12515', 0, 432000, 'TT002', 'PD003'),
('FK033/CJM/MOR23', '', '2011-09-08', '2011-11-08', 'SJ033/CJM/11-25', 1000, '14081', 0, 1440000, 'TT002', 'PD003'),
('FK034/CJM/RMW72', '', '2011-09-12', '2011-11-12', 'SJ034/CJM/11-27', 1500, '13379', 0, 1245000, 'TT002', 'PD003'),
('FK035/CJM/MOR23', '', '2011-09-12', '2011-11-12', 'SJ035/CJM/11-27', 1085, '14083', 0, 1562400, 'TT002', 'PD003'),
('FK036/CJM/KRO08', '', '2011-09-15', '2011-11-15', 'SJ036/CJM/11-28', 245, '12514', 0, 294000, 'TT002', 'PD004'),
('FK037/CJM/KRO08', '', '2011-09-15', '2011-11-15', 'SJ037/CJM/11-28', 510, '12515', 0, 612000, 'TT002', 'PD004'),
('FK038/CJM/RMW72', '', '2011-09-15', '2011-11-15', 'SJ038/CJM/11-29', 850, '13660', 0, 705500, 'TT002', 'PD004'),
('FK039/CJM/BLD32', '', '2011-09-19', '2011-11-19', 'SJ039/CJM/11-30', 100, '11432', 0, 286000, 'TT002', 'PD004'),
('FK040/CJM/KRO08', '', '2011-09-19', '2011-11-19', 'SJ040/CJM/11-31', 95, '12514', 0, 114000, 'TT002', 'PD004'),
('FK041/CJM/KRO08', '', '2011-09-19', '2011-11-19', 'SJ041/CJM/11-32', 130, '12515', 0, 156000, 'TT002', 'PD004'),
('FK042/CJM/MOR23', '', '2011-09-19', '2011-11-19', 'SJ042/CJM/11-34', 360, '14084', 0, 518400, 'TT002', 'PD004'),
('FK043/CJM/RMW72', '', '2011-09-19', '2011-11-19', 'SJ043/CJM/11-35', 400, '13660', 0, 332000, 'TT002', 'PD004'),
('FK044/CJM/MOR23', '', '2011-09-19', '2011-11-19', 'SJ044/CJM/11', 340, '14083', 0, 489600, 'TT002', 'PD004'),
('FK045/CJM/MOR23', '', '2011-09-19', '2011-11-19', 'SJ045/CJM/11', 425, '14081', 0, 612000, 'TT002', 'PD004'),
('FK047/CJM/RMW72', '', '2011-09-26', '2011-11-26', 'SJ047/CJM/11-34', 585, '13663', 0, 485550, 'TT002', 'PD005'),
('FK046/CJM/MOR10', '', '2011-09-19', '2011-11-19', 'SJ046/CJM/11-36', 340, '12734', 0, 1496000, 'TT002', 'PD004'),
('FK048/CJM/MOR10', '', '2011-09-26', '2011-11-26', 'SJ048/CJM/11-35', 181, '12734', 0, 796400, 'TT002', 'PD005'),
('FK049/CJM/MOR10', '', '2011-09-29', '2011-11-29', 'SJ049/CJM/11-37', 340, '11604', 0, 1496000, 'TT002', 'PD005'),
('FK050/CJM/MOR10', '', '2011-09-29', '2011-11-29', 'SJ050/CJM/11-36', 192, '12734', 0, 844800, 'TT003', 'PD006'),
('FK051/CJM/MOR10', '', '2011-10-04', '2011-12-04', 'SJ051/CJM/11-38', 78, '12734', 0, 343200, 'TT003', 'PD006'),
('FK052/CJM/MOR10', '', '2011-10-04', '2011-12-04', 'SJ052/CJM/11-39', 350, '12733', 0, 1540000, 'TT003', 'PD006'),
('FK053/CJM/MOR10', '', '2011-10-04', '2011-12-04', 'SJ053/CJM/11-40', 360, '11604', 0, 1584000, 'TT003', 'PD006'),
('FK054/CJM/MOR10', '', '2011-10-06', '2011-12-06', 'SJ054/CJM/11-41', 140, '12733', 0, 616000, 'TT003', 'PD006'),
('FK055/CJM/MOR10', '', '2011-10-07', '2011-12-07', 'SJ055/CJM/11-42', 20, '12733', 0, 88000, 'TT003', 'PD006'),
('FK056/CJM/MOR23', '', '2011-10-12', '2011-12-12', 'SJ056/CJM/11-44', 40, '14084', 0, 57600, 'TT003', 'PD006'),
('FK057/CJM/MOR10', '', '2011-10-12', '2011-12-12', 'SJ057/CJM/11-45', 55, '12733', 0, 242000, 'TT003', 'PD006'),
('FK058/CJM/MOR23', '', '2011-10-12', '2011-12-12', 'SJ058/CJM/11-46', 1500, '14921', 0, 2160000, 'TT003', 'PD006'),
('FK059/CJM/MOR23', '', '2011-10-14', '2011-12-14', 'SJ059/CJM/11-49', 500, '14921', 0, 720000, 'TT003', 'PD007'),
('FK060/CJM/MOR23', '', '2011-10-14', '2011-12-14', 'SJ060/CJM/11-50', 430, '14922', 0, 619200, 'TT003', 'PD007'),
('FK061/CJM/MOR10', '', '2011-10-18', '2011-12-18', 'SJ061/CJM/11-49', 255, '11603', 0, 1122000, 'TT003', 'PD007'),
('FK062/CJM/MOR23', '', '2011-10-18', '2011-12-18', 'SJ062/CJM/11-50', 1410, '14922', 0, 2030400, 'TT003', 'PD007'),
('FK063/CJM/RMW72', '', '2011-10-21', '2011-12-21', 'SJ063/CJM/11-52', 665, '13662', 0, 551950, 'TT003', 'PD007'),
('FK064/CJM/JAZ26', '', '2011-10-21', '2011-12-21', 'SJ064/CJM/11-54', 800, '13766', 0, 3160000, 'TT003', 'PD007'),
('FK065/CJM/MOR23', '', '2011-10-21', '2011-12-21', 'SJ065/CJM/11-55', 1000, '14479', 0, 1440000, 'TT003', 'PD007'),
('FK066/CJM/MOR23', '', '2011-10-21', '2011-12-21', 'SJ066/CJM/11-56', 630, '14923', 0, 907200, 'TT003', 'PD007'),
('FK067/CJM/MOR10', '', '2011-10-21', '2011-12-21', 'SJ067/CJM/11-57', 35, '11604', 0, 154000, 'TT003', 'PD007'),
('FK068/CJM/MOR10', '', '2011-10-21', '2011-12-21', 'SJ068/CJM/11-58', 165, '11603', 0, 726000, 'TT003', 'PD007'),
('FK069/CJM/RMW72', '', '2011-10-24', '2011-12-24', 'SJ069/CJM/11-59', 585, '13662', 0, 485550, 'TT003', 'PD007'),
('FK070/CJM/RMW72', '', '2011-10-24', '2011-12-24', 'SJ070/CJM/11-60', 15, '13663', 0, 12450, 'TT003', 'PD007'),
('FK071/CJM/MOR23', '', '2011-10-24', '2011-12-24', 'SJ071/CJM/11-61', 370, '14923', 0, 532800, 'TT003', 'PD007'),
('FK072/CJM/MOR10', '', '2011-10-24', '2011-12-24', 'SJ072/CJM/11-63', 250, '11603', 0, 1100000, 'TT003', 'PD007'),
('FK073/CJM/RMW72', '', '2011-10-26', '2011-12-26', 'SJ073/CJM/11-64', 990, '15172', 0, 821700, 'TT003', 'PD007'),
('FK074/CJM/MOR10', '', '2011-10-26', '2011-12-26', 'SJ074/CJM/11-67', 23, '11604', 0, 101200, 'TT003', 'PD007'),
('FK075/CJM/MOR10', '', '2011-10-26', '2011-12-26', 'SJ075/CJM/11-68', 140, '11603', 0, 616000, 'TT003', 'PD007'),
('FK076/CJM/MOR23', '', '2011-10-28', '2011-12-28', 'SJ076/CJM/11-70', 1135, '15796', 0, 1634400, 'TT003', 'PD007'),
('FK077/CJM/MOR10', '', '2011-10-28', '2011-12-28', 'SJ077/CJM/11-71', 22, '11604', 0, 96800, 'TT003', 'PD007'),
('FK078/CJM/RMW72', '', '2011-10-31', '2011-12-31', 'SJ078/CJM/11-72', 1500, '15173', 0, 1245000, 'TT003', 'PD008'),
('FK079/CJM/MOR23', '', '2011-10-31', '2011-12-31', 'SJ079/CJM/11-73', 865, '15796', 0, 1245600, 'TT003', 'PD008'),
('FK080/CJM/MOR23', '', '2011-10-31', '2011-12-31', 'SJ080/CJM/11-74', 1500, '15798', 0, 2160000, 'TT004', 'PD013'),
('FK081/CJM/MOR23', '', '2011-11-01', '2012-01-01', 'SJ081/CJM/11-65', 570, '14477', 0, 820800, 'TT004', 'PD013'),
('FK082/CJM/MOR23', '', '2011-11-10', '2012-01-10', 'SJ082/CJM/11-75', 160, '14922', 0, 230400, 'TT004', 'PD013'),
('FK083/CJM/MOR23', '', '2011-11-10', '2012-01-10', 'SJ083/CJM/11-76', 2000, '16122', 0, 2880000, 'TT004', 'PD013'),
('FK084/CJM/MOR23', '', '2011-11-10', '2012-01-10', 'SJ084/CJM/11-77', 1376, '16124', 0, 1981440, 'TT004', 'PD013'),
('FK085/CJM/MOR10', '', '2011-11-11', '2012-01-11', 'SJ085/CJM/11-72', 77, '11603', 338800, 304920, 'TT004', 'PD013'),
('FK086/CJM/MOR10', '', '2011-11-11', '2012-01-11', 'SJ086/CJM/11-78', 46, '11604', 202400, 182160, 'TT004', 'PD013'),
('FK087/CJM/MOR10', '', '2011-11-11', '2012-01-11', 'SJ087/CJM/11-79', 89, '11603', 391600, 352440, 'TT004', 'PD013'),
('FK088/CJM/MOR23', '', '2011-11-11', '2012-01-11', 'SJ088/CJM/11-80', 920, '14478', 0, 1324800, 'TT004', 'PD013'),
('FK089/CJM/MOR23', '', '2011-11-11', '2012-01-11', 'SJ089/CJM/11-81', 124, '16124', 0, 178560, 'TT004', 'PD013'),
('FK090/CJM/MOR23', '', '2011-11-11', '2012-01-11', 'SJ090/CJM/11-82', 540, '16403', 0, 777600, 'TT004', 'PD013'),
('FK091/CJM/MOR23', '', '2011-11-14', '2012-01-14', 'SJ091/CJM/11-62', 1430, '14477', 0, 2059200, 'TT004', 'PD013'),
('FK092/CJM/MOR23', '', '2011-11-14', '2012-01-14', 'SJ092/CJM/11-66', 705, '14478', 0, 1015200, 'TT004', 'PD013'),
('FK093/CJM/MOR23', '', '2011-11-14', '2012-01-14', 'SJ093/CJM/11-69', 375, '14478', 0, 540000, 'TT004', 'PD013'),
('FK094/CJM/MOR23', '', '2011-11-15', '2012-01-15', 'SJ094/CJM/11-83', 1500, '15811', 2160000, 1944000, 'TT004', 'PD012'),
('FK095/CJM/RMW72', '', '2011-10-21', '2011-12-21', 'SJ095/CJM/11-53', 510, '15172', 0, 423300, 'TT004', 'PD013'),
('FK096/CJM/MOR23', '', '2011-11-21', '2012-01-21', 'SJ096/CJM/11-85', 1460, '16403', 0, 2102400, 'TT004', 'PD013'),
('FK097/CJM/MOR23', '', '2011-11-21', '2012-01-21', 'SJ097/CJM/11-86', 860, '16404', 0, 1238400, 'TT004', 'PD013'),
('FK098/CJM/MOR23', '', '2011-11-24', '2012-01-24', 'SJ098/CJM/11-88', 140, '16404', 0, 201600, 'TT004', 'PD013'),
('FK099/CJM/JKO29', '', '2011-11-24', '2012-01-24', 'SJ099/CJM/11-89', 398, '15976', 0, 1500460, 'TT004', 'PD013'),
('FK100/CJM/JKO29', '', '2011-11-24', '2012-01-24', 'SJ100/CJM/11-90', 466, '15977', 0, 1756820, 'TT004', 'PD013'),
('FK101/CJM/MOR10', '', '2011-11-30', '2012-01-30', 'SJ101/CJM/11-92', 190, '11603', 0, 836000, 'TT004', 'PD012'),
('FK102/CJM/CLA69', '', '2011-11-30', '2012-01-30', 'SJ102/CJM/11-93', 715, '15288', 0, 500500, 'TT004', 'PD012'),
('FK103/CJM/CLA69', '', '2011-12-05', '2012-02-05', 'SJ103/CJM/11-95', 1285, '15288', 0, 899500, 'TT005', 'PD011'),
('FK104/CJM/CLA69', '', '2011-12-05', '2012-02-05', 'SJ104/CJM/11-96', 280, '15287', 0, 196000, 'TT005', 'PD011'),
('FK105/CJM/JKO29', '', '2011-12-05', '2012-02-05', 'SJ105/CJM/11-97', 605, '18016', 0, 3194400, 'TT005', 'PD011'),
('FK106/CJM/MOR23', '', '2011-12-05', '2012-02-05', 'SJ106/CJM/11-99', 1000, '16116', 1440000, 1296000, 'TT005', 'PD011'),
('FK107/CJM/MOR23', '', '2011-12-05', '2012-02-05', 'SJ107/CJM/11-100', 130, '16118', 0, 187200, 'TT005', 'PD011'),
('FK108/CJM/CLA69', '', '2011-12-08', '2012-02-08', 'SJ108/CJM/11-101', 1010, '15287', 0, 707000, 'TT005', 'PD011'),
('FK109/CJM/JKO28', '', '2011-12-08', '2012-02-08', 'SJ109/CJM/11-102', 740, '17994', 0, 2886000, 'TT005', 'PD011'),
('FK110/CJM/MOR23', '', '2011-12-08', '2012-02-08', 'SJ110/CJM/11-103', 230, '16118', 0, 331200, 'TT005', 'PD011'),
('FK111/CJM/MOR23', '', '2011-12-15', '2012-02-15', 'SJ111/CJM/11-103', 140, '16118', 0, 201600, 'TT006', 'PD011'),
('FK112/CJM/JKO29', '', '2011-12-15', '2012-02-15', 'SJ112/CJM/11-104', 375, '18016', 0, 1980000, 'TT006', 'PD011'),
('FK113/CJM/CLA69', '', '2011-12-15', '2012-02-15', 'SJ113/CJM/11-105', 460, '15287', 0, 322000, 'TT006', 'PD014'),
('FK114/CJM/JKO28', '', '2011-12-15', '2012-02-15', 'SJ114/CJM/11-106', 685, '17993', 0, 2671500, 'TT006', 'PD011'),
('FK115/CJM/MOR10', '', '2011-12-16', '2012-02-16', 'SJ115/CJM/11-107', 74, '11604', 0, 325600, 'TT006', 'PD011'),
('FK116/CJM/MOR10', '', '2011-12-16', '2012-02-16', 'SJ116/CJM/11-108', 34, '11603', 0, 149600, 'TT006', 'PD011'),
('FK117/CJM/JKO28', '', '2011-12-16', '2012-02-16', 'SJ117/CJM/11-109', 20, '18016', 0, 105600, 'TT006', 'PD011'),
('FK118/CJM/JKO28', '', '2011-12-16', '2012-02-16', 'SJ118/CJM/11-110', 80, '17993', 0, 312000, 'TT006', 'PD011'),
('FK119/CJM/JKO28', '', '2011-12-16', '2012-02-16', 'SJ119/CJM/11-111', 260, '17994', 0, 1014000, 'TT006', 'PD011'),
('FK120/CJM/JKO29', '', '2011-12-19', '2012-02-19', 'SJ120/CJM/11-102', 1000, '18015', 0, 5280000, 'TT006', 'PD011'),
('FK121/CJM/CLA69', '', '2011-12-21', '2012-02-21', 'SJ121/CJM/11-112', 250, '15287', 0, 175000, 'TT006', 'PD014'),
('FK122/CJM/RMW72', '', '2012-01-02', '2012-03-02', 'SJ122/CJM/11-116', 2000, '16597', 0, 1660000, 'TT007', 'PD011'),
('FK123/CJM/RMW72', '', '2012-01-02', '2012-03-02', 'SJ123/CJM/11-117', 1200, '16598', 0, 996000, 'TT007', 'PD011'),
('FK124/CJM/MOR10', '', '2012-01-05', '2012-03-05', 'SJ124/CJM/11-91', 300, '11604', 1320000, 1188000, 'TT007', 'PD014'),
('FK125/CJM/JAZ26', '', '2012-01-10', '2012-03-10', 'SJ125/CJM/11-118', 1000, '17152', 0, 3950000, 'TT007', 'PD010'),
('FK126/CJM/FLX98', '', '2012-01-10', '2012-03-10', 'SJ126/CJM/11-119', 1500, '17045', 0, 4934250, 'TT007', 'PD010'),
('FK127/CJM/CLA69', '', '2012-01-10', '2012-03-10', 'SJ127/CJM/11-120', 2000, '17618', 0, 1400000, 'TT007', 'PD010'),
('FK128/CJM/RMW72', '', '2012-01-10', '2012-03-10', 'SJ128/CJM/11-121', 2000, '17935', 0, 1660000, 'TT007', 'PD010'),
('FK129/CJM/MOR23', '', '2012-01-20', '2012-03-20', 'SJ129/CJM/11-123', 240, '18671', 0, 345600, 'TT007', 'PD009'),
('FK130/CJM/MOR23', '', '2012-01-20', '2012-03-20', 'SJ130/CJM/11-124', 2000, '18094', 0, 2880000, 'TT007', 'PD009'),
('FK131/CJM/FLX98', '', '2012-01-26', '2012-03-26', 'SJ131/CJM/11-116', 1500, '17044', 0, 4934250, 'TT007', 'PD014'),
('FK132/CJM/JKO28', '', '2012-01-26', '2012-03-26', 'SJ132/CJM/11-114', 235, '17993', 0, 916500, 'TT007', 'PD014'),
('FK133/CJM/MOR23', '', '2012-02-01', '2012-04-01', 'SJ133/CJM/12-125', 1500, '18577', 0, 2160000, 'TT008', 'PD015'),
('FK134/CJM/MOR23', '', '2012-02-14', '2012-04-14', 'SJ134/CJM/12-128', 500, '18991', 0, 720000, 'TT008', 'PD016'),
('FK135/CJM/MOR23', '', '2012-02-24', '2012-04-24', 'SJ135/CJM/12-127', 1000, '18095', 0, 1440000, 'TT008', 'PD017'),
('FK136/CJM/KNI13', '', '2012-02-24', '2012-04-24', 'SJ136/CJM/12-132', 1250, '18043', 0, 2850000, 'TT008', 'PD017'),
('FK137/CJM/MOR23', '', '2012-02-29', '2012-04-29', 'SJ137/CJM/12-126', 1500, '18578', 0, 2160000, 'TT008', 'PD018'),
('FK138/CJM/MOR23', '', '2012-02-29', '2012-04-29', 'SJ138/CJM/12-133', 2000, '18299', 0, 2880000, 'TT008', 'PD018'),
('FK149/CJM/MOR23', '', '2012-03-21', '2012-05-21', 'SJ144/CJM/12-137', 1000, '18583', 0, 1440000, 'TT010', '0'),
('FK148/CJM/MOR23', '', '2012-03-21', '2012-05-21', 'SJ143/CJM/12-136', 2000, '18990', 0, 2880000, 'TT010', '0'),
('FK147/CJM/KNI13', '', '2012-03-21', '2012-05-21', 'SJ142/CJM/12-135', 1250, '18044', 0, 2850000, 'TT010', '0'),
('FK146/CJM/MOR23', '', '2012-03-21', '2012-05-21', 'SJ141/CJM/12-134', 1000, '18581', 0, 1440000, 'TT010', '0'),
('FK145/CJM/MOR23', '', '2012-03-15', '2012-05-15', 'SJ149/CJM/12-144', 500, '18988', 0, 720000, 'TT009', '0'),
('FK144/CJM/MOR23', '', '2012-03-15', '2012-05-15', 'SJ148/CJM/12-143', 1000, '18987', 0, 1440000, 'TT009', '0'),
('FK143/CJM/MOR23', '', '2012-03-15', '2012-05-15', 'SJ145/CJM/12-142', 2000, '18986', 0, 2880000, 'TT009', '0'),
('FK142/CJM/KNI13', '', '2012-03-15', '2012-05-15', 'SJ147/CJM/12-141', 1250, '18464', 0, 2850000, 'TT009', '0'),
('FK141/CJM/FDY09', '', '2012-03-13', '2012-05-13', 'SJ146/CJM/12-140', 1750, '18197', 0, 2887500, 'TT009', '0'),
('FK140/CJM/MOR23', '', '2012-03-07', '2012-05-07', 'SJ140/CJM/12-131', 2000, '18989', 0, 2880000, 'TT009', 'PD019'),
('FK139/CJM/RMW72', '', '2012-03-07', '2012-05-07', 'SJ139/CJM/12-129', 1000, '19632', 0, 830000, 'TT009', 'PD019'),
('FK150/CJM/KNI13', '', '2012-03-21', '2012-05-21', 'SJ150/CJM/12-145', 1250, '18465', 0, 2850000, 'TT010', '0'),
('FK151/CJM/RMW72', '', '2012-03-21', '2012-05-21', 'SJ151/CJM/12-146', 2000, '19633', 0, 1660000, 'TT010', '0'),
('FK152/CJM/MOR23', '', '2012-03-21', '2012-05-21', 'SJ152/CJM/12-147', 300, '20218', 0, 432000, 'TT010', '0'),
('FK153/CJM/CLA69', '', '2012-03-26', '2012-05-26', 'SJ153/CJM/12-148', 1500, '19626', 0, 1050000, 'TT011', '0'),
('FK154/CJM/FLX98', '', '2012-03-26', '2012-05-26', 'SJ154/CJM/12-149', 300, '20219', 0, 986850, 'TT011', '0'),
('FK155/CJM/FLX98', '', '2012-03-26', '2012-05-26', 'SJ155/CJM/12-150', 300, '20220', 0, 986850, 'TT011', '0'),
('FK156/CJM/RMW72', '', '2012-03-26', '2012-05-26', 'SJ156/CJM/12-151', 1250, '20972', 0, 1037500, 'TT011', '0'),
('FK157/CJM/MOR23', '', '2012-03-29', '2012-05-29', 'SJ157/CJM/12-152', 1500, '20611', 0, 2160000, 'TT011', '0'),
('FK158/CJM/RMW72', '', '2012-03-29', '2012-05-29', 'SJ158/CJM/12-153', 800, '21296', 0, 664000, 'TT011', '0'),
('FK163/CJM/MOR23', '', '2012-04-05', '2012-06-05', 'SJ163/CJM/12-159', 1250, '20609', 0, 1800000, 'TT012', '0'),
('FK162/CJM/MOR23', '', '2012-04-05', '2012-06-05', 'SJ162/CJM/12-158', 1500, '20612', 0, 2160000, 'TT012', '0'),
('FK161/CJM/CLA69', '', '2012-04-03', '2012-06-03', 'SJ161/CJM/12-156', 1500, '19627', 0, 1050000, 'TT012', '0'),
('FK159/CJM/FDY09', '', '2012-04-03', '2012-06-03', 'SJ159/CJM/12-154', 1000, '18198', 0, 1650000, 'TT012', '0'),
('FK160/CJM/LZR24', '', '2012-04-03', '2012-06-03', 'SJ160/CJM/12-155', 1250, '18920', 0, 4312500, 'TT012', '0'),
('FK164/CJM/MOR23', '', '2012-04-10', '2012-06-10', 'SJ164/CJM/12-160', 1250, '20610', 0, 1800000, 'TT012', '0'),
('FK165/CJM/MOR23', '', '2012-04-10', '2012-06-10', 'SJ165/CJM/12-161', 1250, '20967', 0, 1800000, 'TT012', '0'),
('FK166/CJM/LZR24', '', '2012-04-10', '2012-06-10', 'SJ166/CJM/12-162', 1250, '18921', 0, 4312500, 'TT012', '0'),
('FK167/CJM/FDY09', '', '2012-04-13', '2012-06-13', 'SJ167/CJM/12-163', 750, '18198', 0, 1237500, 'TT013', '0'),
('FK168/CJM/MOR23', '', '2012-04-13', '2012-06-13', 'SJ168/CJM/12-164', 1250, '20969', 0, 1800000, 'TT013', '0'),
('FK169/CJM/MOR23', '', '2012-04-13', '2012-06-13', 'SJ169/CJM/12-165', 800, '21923', 0, 1152000, 'TT013', '0'),
('FK170/CJM/MOR23', '', '2012-04-13', '2012-06-13', 'SJ170/CJM/12-166', 800, '21924', 0, 1152000, 'TT013', '0'),
('FK171/CJM/RMW72', '', '2012-04-20', '2012-06-20', 'SJ171/CJM/12-167', 250, '20972', 0, 207500, 'TT013', '0'),
('FK172/CJM/MOR08', '', '2012-04-25', '2012-06-25', 'SJ172/CJM/12-169', 315, '22407', 0, 658350, 'TT013', '0'),
('FK173/CJM/MOR08', '', '2012-04-25', '2012-06-25', 'SJ173/CJM/12-170', 256, '22406', 0, 535040, 'TT013', '0'),
('FK174/CJM/MOR08', '', '2012-05-03', '2012-07-03', 'SJ175/CJM/12-171', 59, '22406', 0, 123310, 'TT014', '0'),
('FK175/CJM/KOM90', '', '2012-05-03', '2012-07-03', 'SJ174/CJM/12-172', 1000, '20162', 0, 4600000, 'TT014', '0'),
('FK176/CJM/MOR23', '', '2012-05-03', '2012-07-03', 'SJ176/CJM/12-173', 1000, '20970', 0, 1440000, 'TT014', '0'),
('FK177/CJM/MOR23', '', '2012-05-08', '2012-07-08', 'SJ178/CJM/12-175', 1000, '20970', 0, 1440000, 'TT014', '0'),
('FK178/CJM/RMW72', '', '2012-05-10', '2012-07-10', 'SJ180/CJM/12-177', 1000, '23315', 0, 830000, 'TT014', '0'),
('FK179/CJM/CLA69', '', '2012-05-10', '2012-07-10', 'SJ181/CJM/12-178', 1825, '20965', 0, 1277500, 'TT014', '0'),
('FK180/CJM/MOR23', '', '2012-05-15', '2012-07-15', 'SJ183/CJM/12-180', 2000, '23275', 0, 2880000, 'TT015', '0'),
('FK181/CJM/KOM90', '', '2012-05-15', '2012-07-15', 'SJ184/CJM/12-181', 325, '20163', 0, 1495000, 'TT015', '0'),
('FK182/CJM/MOR23', '', '2012-05-15', '2012-07-15', 'SJ185/CJM/12-182', 600, '23582', 0, 864000, 'TT015', '0'),
('FK183/CJM/KOM90', '', '2012-05-25', '2012-07-25', 'SJ186/CJM/12-183', 365, '20163', 0, 1679000, 'TT015', '0'),
('FK184/CJM/CLA69', '', '2012-05-25', '2012-07-25', 'SJ187/CJM/12-184', 175, '20965', 0, 122500, 'TT015', '0'),
('FK185/CJM/CLA69', '', '2012-05-25', '2012-07-25', 'SJ188/CJM/12-185', 925, '20966', 0, 647500, 'TT015', '0'),
('FK199/CJM/KOM35', '', '2012-06-22', '2012-08-22', 'SJ195/CJM/12-200', 186, '22624', 0, 595200, 'TT018', '0'),
('FK198/CJM/MOR23', '', '2012-06-22', '2012-08-22', 'SJ194/CJM/12-199', 1180, '22416', 0, 1699200, 'TT018', '0'),
('FK197/CJM/MOR24', '', '2012-06-22', '2012-08-22', 'SJ193/CJM/12-198', 920, '22842', 0, 1610000, 'TT018', '0'),
('FK196/CJM/MOR30', '', '2012-06-19', '2012-08-19', 'SJ192/CJM/12-197', 261, '22277', 0, 430650, 'TT018', '0'),
('FK195/CJM/KOM35', '', '2012-06-19', '2012-08-19', 'SJ191/CJM/12-196', 850, '22625', 0, 2720000, 'TT018', '0'),
('FK194/CJM/RMW72', '', '2012-06-19', '2012-08-19', 'SJ207/CJM/12-195', 1900, '23902', 0, 1577000, 'TT018', '0'),
('FK193/CJM/KOM35', '', '2012-06-19', '2012-08-19', 'SJ190/CJM/12-194', 1435, '22624', 0, 4592000, 'TT018', '0'),
('FK192/CJM/MOR24', '', '2012-06-05', '2012-08-05', 'SJ189/CJM/12-190', 1080, '22842', 0, 1890000, 'TT017', '0'),
('FK191/CJM/FLX98', '', '2012-06-01', '2012-08-01', 'SJ206/CJM/12-189', 400, '23587', 0, 1315800, 'TT017', '0'),
('FK190/CJM/CLA69', '', '2012-06-01', '2012-08-01', 'SJ205/CJM/12-188', 1075, '20966', 0, 752500, 'TT017', '0'),
('FK189/CJM/MOR24', '', '2012-06-01', '2012-08-01', 'SJ204/CJM/12-186', 1000, '22841', 0, 1750000, 'TT017', '0'),
('FK188/CJM/MOR30', '', '2012-05-15', '2012-07-15', 'SJ182/CJM/12-179', 500, '22277', 0, 825000, 'TT016', '0'),
('FK187/CJM/MOR30', '', '2012-05-10', '2012-07-10', 'SJ179/CJM/12-176', 80, '22279', 0, 132000, 'TT016', '0'),
('FK186/CJM/MOR30', '', '2012-05-08', '2012-07-08', 'SJ177/CJM/12-174', 720, '22279', 0, 1188000, 'TT016', '0'),
('FK200/CJM/KOM35', '', '2012-06-22', '2012-08-22', 'SJ196/CJM/12-201', 1029, '22625', 0, 3292800, 'TT018', '0'),
('FK201/CJM/MOR30', '', '2012-06-22', '2012-08-22', 'SJ197/CJM/12-202', 39, '22277', 0, 64350, 'TT018', '0'),
('FK202/CJM/KOM35', '', '2012-06-25', '2012-08-25', 'SJ199/CJM/12-205', 175, '22624', 0, 560000, 'TT019', '0'),
('FK203/CJM/KOM35', '', '2012-06-25', '2012-08-25', 'SJ200/CJM/12-206', 62, '22625', 0, 198400, 'TT019', '0'),
('FK204/CJM/MOR24', '', '2012-06-25', '2012-08-25', 'SJ201/CJM/12-207', 1125, '22843', 0, 1968750, 'TT019', '0'),
('FK205/CJM/MOR23', '', '2012-06-25', '2012-08-25', 'SJ202/CJM/12-208', 665, '22416', 0, 957600, 'TT019', '0'),
('FK206/CJM/FLX98', '', '2012-06-25', '2012-08-25', 'SJ208/CJM/12-209', 350, '23586', 0, 1151325, 'TT019', '0'),
('FK207/CJM/RMW72', '', '2012-06-25', '2012-08-25', 'SJ209/CJM/12-210', 100, '23902', 0, 83000, 'TT019', '0'),
('FK211/CJM/MOR24', '', '2012-07-03', '2012-09-03', 'SJ212/CJM/12-214', 1500, '23230', 0, 2625000, 'TT020', '0'),
('FK208/CJM/KOM35', '', '2012-06-26', '2012-08-26', 'SJ211/CJM/12-212', 16, '22625', 0, 51200, 'TT019', '0'),
('FK209/CJM/KOM35', '', '2012-06-26', '2012-08-26', 'SJ203/CJM/12-213', 2, '22624', 0, 6400, 'TT019', '0'),
('FK210/CJM/MOR23', '', '2012-06-29', '2012-08-29', 'SJ210/CJM/12-213', 155, '22416', 0, 223200, 'TT019', '0'),
('FK212/CJM/MOR24', '', '2012-07-03', '2012-09-03', 'SJ213/CJM/12-215', 450, '22843', 0, 787500, 'TT020', '0'),
('FK213/CJM/MOR23', '', '2012-07-03', '2012-09-03', 'SJ214/CJM/12-216', 600, '23581', 0, 864000, 'TT020', '0'),
('FK214/CJM/KOM90', '', '2012-07-06', '2012-09-06', 'SJ215/CJM/12-218', 240, '20163', 0, 1104000, 'TT020', '0'),
('FK215/CJM/FLX98', '', '2012-07-06', '2012-09-06', 'SJ216/CJM/12-219', 50, '23586', 0, 164475, 'TT020', '0'),
('FK216/CJM/MOR24', '', '2012-07-06', '2012-09-06', 'SJ217/CJM/12-220', 425, '22843', 0, 743750, 'TT020', '0'),
('FK217/CJM/MOR24', '', '2012-07-06', '2012-09-06', 'SJ218/CJM/12-221', 1040, '23231', 0, 1820000, 'TT020', '0'),
('FK218/CJM/KNI13', '', '2012-07-06', '2012-09-06', 'SJ219/CJM/12-222', 850, '22203', 0, 1938000, 'TT020', '0'),
('FK219/CJM/MOR24', '', '2012-07-11', '2012-09-11', 'SJ220/CJM/12-223', 460, '23231', 0, 805000, 'TT021', '0'),
('FK220/CJM/KNI13', '', '2012-07-11', '2012-09-11', 'SJ221/CJM/12-224', 400, '22204', 0, 912000, 'TT021', '0'),
('FK221/CJM/MOR24', '', '2012-07-13', '2012-09-13', 'SJ222/CJM/12-226', 860, '23233', 0, 1505000, 'TT021', '0'),
('FK222/CJM/KNI13', '', '2012-07-13', '2012-09-13', 'SJ223/CJM/12-227', 540, '22204', 0, 1231200, 'TT021', '0'),
('FK223/CJM/MOR24', '', '2012-07-17', '2012-09-17', 'SJ224/CJM/12-228', 640, '23233', 0, 1120000, 'TT022', '0'),
('FK224/CJM/MOR23', '', '2012-07-17', '2012-09-17', 'SJ225/CJM/12-229', 600, '24261', 0, 864000, 'TT022', '0'),
('FK225/CJM/KNI13', '', '2012-07-17', '2012-09-17', 'SJ226/CJM/12-230', 291, '22204', 0, 663480, 'TT022', '0'),
('FK226/CJM/KNI13', '', '2012-07-23', '2012-09-23', 'SJ227/CJM/12-231', 19, '22204', 0, 43320, 'TT023', '0'),
('FK227/CJM/MOR23', '', '2012-07-23', '2012-09-23', 'SJ228/CJM/12-232', 1005, '24259', 0, 1447200, 'TT023', '0'),
('FK228/CJM/KNI13', '', '2012-07-23', '2012-09-23', 'SJ229/CJM/12-233', 1250, '22206', 0, 2850000, 'TT023', '0'),
('FK229/CJM/KEN82', '', '2012-07-23', '2012-09-23', 'SJ230/CJM/12-234', 648, '24845', 0, 1263600, 'TT023', '0'),
('FK230/CJM/MOR23', '', '2012-07-26', '2012-09-26', 'SJ231/CJM/12-236', 745, '24259', 0, 1072800, 'TT023', '0'),
('FK231/CJM/KEN82', '', '2012-07-26', '2012-09-26', 'SJ232/CJM/12-237', 400, '24845', 0, 780000, 'TT023', '0'),
('FK232/CJM/KNI13', '', '2012-07-26', '2012-09-26', 'SJ233/CJM/12-238', 218, '22203', 0, 497040, 'TT023', '0'),
('FK233/CJM/KNI13', '', '2012-07-30', '2012-09-30', 'SJ234/CJM/12-239', 250, '22207', 0, 570000, 'TT024', '0'),
('FK234/CJM/MOR23', '', '2012-07-30', '2012-09-30', 'SJ235/CJM/12-240', 1750, '24260', 0, 2520000, 'TT024', '0'),
('FK235/CJM/KEN82', '', '2012-07-30', '2012-09-30', 'SJ237/CJM/12-243', 47, '24845', 0, 91650, 'TT024', '0'),
('FK236/CJM/KEN82', '', '2012-07-30', '2012-09-30', 'SJ236/CJM/12-241', 532, '23268', 0, 1037400, 'TT024', '0'),
('FK237/CJM/LAN57', '', '2012-08-01', '2012-10-01', 'SJ238/CJM/12-244', 411, '24757', 0, 1602900, 'TT025', '0'),
('FK238/CJM/MOR24', '', '2012-08-01', '2012-10-01', 'SJ239/CJM/12-245', 610, '24535', 0, 1067500, 'TT025', '0'),
('FK239/CJM/MOR23', '', '2012-08-01', '2012-10-01', 'SJ240/CJM/12-246', 233, '24567', 0, 335520, 'TT025', '0'),
('FK240/CJM/KEN82', '', '2012-08-01', '2012-10-01', 'SJ241/CJM/12-247', 380, '23268', 0, 741000, 'TT025', '0'),
('FK241/CJM/KEN82', '', '2012-08-02', '2012-10-02', 'SJ242/CJM/12-248', 195, '24845', 0, 380250, 'TT025', '0'),
('FK242/CJM/KNI13', '', '2012-08-06', '2012-10-06', 'SJ243/CJM/12-250', 118, '22203', 0, 269040, 'TT026', '0'),
('FK243/CJM/KOM90', '', '2012-08-06', '2012-10-06', 'SJ244/CJM/12-251', 70, '20163', 0, 322000, 'TT026', '0'),
('FK244/CJM/MOR23', '', '2012-08-06', '2012-10-06', 'SJ245/CJM/12-252', 767, '24567', 0, 1104480, 'TT026', '0'),
('FK245/CJM/MOR24', '', '2012-08-06', '2012-10-06', 'SJ246/CJM/12-253', 567, '24535', 0, 992250, 'TT026', '0'),
('FK246/CJM/KEN82', '', '2012-08-06', '2012-10-06', 'SJ247/CJM/12-254', 630, '23268', 0, 1228500, 'TT026', '0'),
('FK247/CJM/LAN57', '', '2012-08-06', '2012-10-06', 'SJ248/CJM/12-255', 400, '24759', 0, 1560000, 'TT026', '0'),
('FK248/CJM/MOR23', '', '2012-08-06', '2012-10-06', 'SJ249/CJM/12-256', 558, '24568', 0, 803520, 'TT026', '0'),
('FK249/CJM/LAN57', '', '2012-08-07', '2012-10-07', 'SJ250/CJM/12-250', 139, '24759', 0, 542100, 'TT027', '0'),
('FK250/CJM/LAN57', '', '2012-08-07', '2012-10-07', 'SJ251/CJM/12-251', 50, '24757', 0, 195000, 'TT027', '0'),
('FK251/CJM/KEN82', '', '2012-08-07', '2012-10-07', 'SJ252/CJM/12-252', 190, '23268', 0, 370500, 'TT027', '0'),
('FK252/CJM/LAN57', '', '2012-08-08', '2012-10-08', 'SJ253/CJM/12-253', 268, '24759', 0, 1045200, 'TT027', '0'),
('FK253/CJM/LAN57', '', '2012-08-08', '2012-10-08', 'SJ254/CJM/12-254', 250, '24757', 0, 975000, 'TT027', '0'),
('FK254/CJM/MOR24', '', '2012-08-10', '2012-10-10', 'SJ255/CJM/12-257', 422, '24535', 0, 738500, 'TT028', '0'),
('FK255/CJM/MOR23', '', '2012-08-10', '2012-10-10', 'SJ256/CJM/12-258', 415, '24568', 0, 597600, 'TT028', '0'),
('FK256/CJM/MOR23', '', '2012-08-10', '2012-10-10', 'SJ257/CJM/12-259', 490, '24261', 0, 705600, 'TT028', '0'),
('FK257/CJM/KEN82', '', '2012-08-11', '2012-10-11', 'SJ258/CJM/12-261', 179, '23268', 0, 349050, 'TT028', '0'),
('FK258/CJM/MOR23', '', '2012-08-11', '2012-10-11', 'SJ259/CJM/12-262', 590, '24569', 0, 849600, 'TT028', '0'),
('FK259/CJM/MOR23', '', '2012-08-11', '2012-10-11', 'SJ260/CJM/12-263', 510, '24261', 0, 734400, 'TT028', '0'),
('FK260/CJM/KEN82', '', '2012-08-11', '2012-10-11', 'SJ261/CJM/12-264', 980, '23270', 0, 1911000, 'TT028', '0'),
('FK261/CJM/RMW72', '', '2012-08-11', '2012-10-11', 'SJ262/CJM/12-266', 1650, '25788', 0, 1369500, 'TT028', '0'),
('FK262/CJM/KEN82', '', '2012-09-11', '2012-11-11', 'SJ263/CJM/12-267', 700, '23270', 0, 1365000, 'TT029', '0'),
('FK263/CJM/MOR23', '', '2012-09-11', '2012-11-11', 'SJ264/CJM/12-268', 390, '25486', 0, 561600, 'TT029', '0'),
('FK264/CJM/MOR23', '', '2012-09-11', '2012-11-11', 'SJ265/CJM/12-269', 410, '24569', 0, 590400, 'TT029', '0'),
('FK265/CJM/RMW72', '', '2012-09-11', '2012-11-11', 'SJ266/CJM/12-270', 850, '25788', 0, 705500, 'TT029', '0'),
('FK266/CJM/RMW72', '', '2012-09-11', '2012-11-11', 'SJ267/CJM/12-273', 440, '25787', 0, 365200, 'TT029', '0'),
('FK267/CJM/KEN82', '', '2012-09-11', '2012-11-11', 'SJ268/CJM/12-274', 86, '23268', 0, 167700, 'TT029', '0'),
('FK268/CJM/MOR23', '', '2012-09-11', '2012-11-11', 'SJ269/CJM/12-275', 27, '24568', 0, 38880, 'TT029', '0'),
('FK269/CJM/MOR24', '', '2012-09-11', '2012-11-11', 'SJ270/CJM/12-276', 1120, '24536', 0, 1960000, 'TT029', '0'),
('FK270/CJM/MOR24', '', '2012-09-11', '2012-11-11', 'SJ271/CJM/12-277', 201, '24535', 0, 351750, 'TT029', '0'),
('FK271/CJM/MOR23', '', '2012-09-11', '2012-11-11', 'SJ272/CJM/12-278', 335, '25075', 0, 482400, 'TT029', '0'),
('FK272/CJM/MOR23', '', '2012-09-11', '2012-11-11', 'SJ273/CJM/12-279', 400, '25417', 0, 576000, 'TT029', '0'),
('FK273/CJM/MOR23', '', '2012-09-11', '2012-11-11', 'SJ274/CJM/12-280', 1145, '25482', 0, 1648800, 'TT029', '0'),
('FK274/CJM/LAN62', '', '2012-09-11', '2012-11-11', 'SJ275/CJM/12-282', 480, '21799', 0, 1608000, 'TT029', '0'),
('FK275/CJM/MOR24', '', '2012-09-14', '2012-11-14', 'SJ276/CJM/12-283', 80, '24536', 0, 140000, 'TT030', '0'),
('FK276/CJM/MOR23', '', '2012-09-14', '2012-11-14', 'SJ277/CJM/12-284', 105, '25482', 0, 151200, 'TT030', '0'),
('FK277/CJM/MOR23', '', '2012-09-14', '2012-11-14', 'SJ278/CJM/12-285', 675, '25485', 0, 972000, 'TT030', '0'),
('FK278/CJM/RMW72', '', '2012-09-14', '2012-11-14', 'SJ279/CJM/12-285', 1510, '26316', 0, 1253300, 'TT030', '0'),
('FK279/CJM/LAN62', '', '2012-09-14', '2012-11-14', 'SJ280/CJM/12-286', 385, '21799', 0, 1289750, 'TT030', '0'),
('FK280/CJM/KEN82', '', '2012-09-14', '2012-11-14', 'SJ281/CJM/12-287', 545, '23269', 0, 1062750, 'TT030', '0'),
('FK281/CJM/KEN82', '', '2012-09-14', '2012-11-14', 'SJ282/CJM/12-288', 135, '23270', 0, 263250, 'TT030', '0'),
('FK282/CJM/RMW72', '', '2012-09-19', '2012-11-19', 'SJ283/CJM/12-289', 490, '26316', 0, 406700, 'TT031', '0'),
('FK283/CJM/MOR23', '', '2012-09-25', '2012-11-25', 'SJ284/CJM/12-292', 1120, '25619', 0, 1612800, 'TT031', '0'),
('FK284/CJM/LAN62', '', '2012-09-25', '2012-11-25', 'SJ285/CJM/12-293', 135, '21799', 0, 452250, 'TT031', '0'),
('FK285/CJM/LAN57', '', '2012-09-25', '2012-11-25', 'SJ286/CJM/12-294', 880, '21798', 0, 3432000, 'TT031', '0'),
('FK286/CJM/LAN62', '', '2012-09-10', '2012-11-10', 'SJ287/CJM/12-271', 418, '25118', 0, 1400300, 'TT032', '0'),
('FK287/CJM/LAN62', '', '2012-09-10', '2012-11-10', 'SJ288/CJM/12-272', 244, '25118', 0, 817400, 'TT032', '0'),
('FK288/CJM/MOR23', '', '2012-09-19', '2012-11-19', 'SJ289/CJM/12-288', 575, '25485', 0, 828000, 'TT032', '0'),
('FK289/CJM/KEN82', '', '2012-10-04', '2012-12-04', 'SJ290/CJM/12-295', 3, '23268', 0, 5850, 'TT033', '0'),
('FK290/CJM/MOR23', '', '2012-10-04', '2012-12-04', 'SJ291/CJM/12-297', 880, '25619', 0, 1267200, 'TT033', '0'),
('FK291/CJM/RMW72', '', '2012-10-04', '2012-12-04', 'SJ292/CJM/12-299', 1760, '28201', 0, 1460800, 'TT033', '0'),
('FK292/CJM/RMW72', '', '2012-10-04', '2012-12-04', 'SJ293/CJM/12-298', 60, '25787', 0, 49800, 'TT033', '0'),
('FK293/CJM/FLX98', '', '2012-10-04', '2012-12-04', 'SJ294/CJM/12-300', 400, '26028', 0, 1315800, 'TT033', '0'),
('FK294/CJM/MOR23', '', '2012-11-01', '2013-01-01', 'SJ295/CJM/12-314', 1250, '26631', 0, 1800000, 'TT034', '0'),
('FK295/CJM/MOR23', '', '2012-11-01', '2013-01-01', 'SJ296/CJM/12-315', 1250, '26632', 0, 1800000, 'TT034', '0'),
('FK296/CJM/LAN62', '', '2012-11-02', '2013-01-02', 'SJ297/CJM/12-313', 1500, '24271', 0, 5025000, 'TT034', '0'),
('FK297/CJM/MOR23', '', '2012-11-07', '2013-01-07', 'SJ298/CJM/12-316', 400, '26887', 0, 576000, 'TT035', '0'),
('FK298/CJM/MOR23', '', '2012-11-07', '2013-01-07', 'SJ299/CJM/12-317', 1750, '25618', 0, 2520000, 'TT035', '0'),
('FK299/CJM/FLX98', '', '2012-11-12', '2013-01-12', 'SJ300/CJM/12-301', 400, '26030', 0, 1315800, 'TT035', '0'),
('FK300/CJM/FLX98', '', '2012-11-12', '2013-01-12', 'SJ301/CJM/12-318', 1100, '26009', 0, 3618450, 'TT035', '0'),
('FK301/CJM/MOR23', '', '2012-11-05', '2013-01-05', 'SJ302/CJM/12-313', 960, '25486', 0, 1382400, 'TT036', '0'),
('FK302/CJM/MOR23', '', '2012-11-05', '2013-01-05', 'SJ303/CJM/12-313', 390, '27777', 0, 561600, 'TT036', '0'),
('FK303/CJM/MOR23', '', '2012-11-14', '2013-01-14', 'SJ304/CJM/12-321', 500, '26633', 0, 720000, 'TT037', '0'),
('FK304/CJM/MOR23', '', '2012-11-14', '2013-01-14', 'SJ305/CJM/12-322', 500, '26634', 0, 720000, 'TT037', '0'),
('FK305/CJM/MOR23', '', '2012-11-14', '2013-01-14', 'SJ306/CJM/12-323', 500, '26635', 0, 720000, 'TT037', '0'),
('FK306/CJM/MOR23', '', '2012-11-14', '2013-01-14', 'SJ307/CJM/12-324', 500, '26636', 0, 720000, 'TT037', '0'),
('FK307/CJM/MOR23', '', '2012-11-14', '2013-01-14', 'SJ308/CJM/12-325', 400, '26888', 0, 576000, 'TT037', '0'),
('FK308/CJM/MOR23', '', '2012-11-20', '2013-01-20', 'SJ309/CJM/12-326', 1350, '27776', 0, 1944000, 'TT038', '0'),
('FK309/CJM/RMW72', '', '2012-11-22', '2013-01-22', 'SJ310/CJM/12-308', 340, '28201', 0, 282200, 'TT038', '0'),
('FK310/CJM/KEN82', '', '2012-11-22', '2013-01-22', 'SJ311/CJM/12-310', 185, '23270', 0, 360750, 'TT038', '0'),
('FK311/CJM/LAN57', '', '2012-11-22', '2013-01-22', 'SJ312/CJM/12-312', 120, '21798', 0, 468000, 'TT038', '0'),
('FK312/CJM/FLX98', '', '2012-11-22', '2013-01-22', 'SJ313/CJM/12-327', 660, '26013', 0, 2171070, 'TT038', '0'),
('FK313/CJM/RMW72', '', '2012-11-22', '2013-01-22', 'SJ314/CJM/12-328', 700, '27366', 0, 581000, 'TT038', '0'),
('FK314/CJM/MOR24', '', '2012-11-22', '2013-01-22', 'SJ315/CJM/12-329', 1510, '27782', 0, 2642500, 'TT038', '0'),
('FK315/CJM/MOR24', '', '2012-11-28', '2013-01-28', 'SJ316/CJM/12-330', 2000, '27799', 0, 3500000, 'TT039', '0'),
('FK316/CJM/MOR24', '', '2012-11-29', '2013-01-29', 'SJ317/CJM/12-331', 490, '27782', 0, 857500, 'TT039', '0'),
('FK317/CJM/RMW72', '', '2012-11-29', '2013-01-29', 'SJ318/CJM/12-332', 1750, '27365', 0, 1452500, 'TT039', '0'),
('FK318/CJM/MOR23', '', '2012-11-29', '2013-01-29', 'SJ319/CJM/13-329', 65, '25075', 0, 93600, 'TT040', '0'),
('FK319/CJM/MOR23', '', '2012-11-29', '2013-01-29', 'SJ320/CJM/13-330', 960, '27777', 0, 1382400, 'TT040', '0'),
('FK320/CJM/LAN57', '', '2012-12-06', '2013-02-06', 'SJ321/CJM/13-333', 540, '24270', 0, 2106000, 'TT041', '0'),
('FK321/CJM/KEN82', '', '2012-12-06', '2013-02-06', 'SJ322/CJM/13-334', 1200, '23271', 0, 2340000, 'TT041', '0'),
('FK322/CJM/FLX98', '', '2012-12-06', '2013-02-06', 'SJ323/CJM/13-335', 170, '26013', 0, 559215, 'TT041', '0'),
('FK323/CJM/LIZ60', '', '2012-12-06', '2013-02-06', 'SJ324/CJM/13-336', 495, '26547', 0, 990000, 'TT041', '0'),
('FK324/CJM/MOR24', '', '2012-12-06', '2013-02-06', 'SJ325/CJM/13-337', 500, '27778', 0, 875000, 'TT041', '0'),
('FK325/CJM/MOR24', '', '2012-12-06', '2013-02-06', 'SJ326/CJM/13-338', 750, '28486', 0, 1312500, 'TT041', '0'),
('FK326/CJM/LIZ60', '', '2012-12-10', '2013-02-10', 'SJ327/CJM/13-339', 80, '26547', 0, 160000, 'TT042', '0'),
('FK327/CJM/LIZ60', '', '2012-12-10', '2013-02-10', 'SJ328/CJM/13-340', 675, '26548', 0, 1350000, 'TT042', '0'),
('FK328/CJM/RMW72', '', '2012-12-10', '2013-02-10', 'SJ329/CJM/13-341', 1535, '28524', 0, 1274050, 'TT042', '0'),
('FK329/CJM/KEN82', '', '2012-12-14', '2013-02-14', 'SJ330/CJM/13-339', 100, '23271', 0, 195000, 'TT043', '0'),
('FK330/CJM/KEN82', '', '2012-12-14', '2013-02-14', 'SJ331/CJM/13-340', 130, '23269', 0, 253500, 'TT043', '0'),
('FK331/CJM/LAN57', '', '2012-12-14', '2013-02-14', 'SJ332/CJM/13-341', 300, '24270', 0, 1170000, 'TT043', '0'),
('FK332/CJM/LIZ60', '', '2012-12-14', '2013-02-14', 'SJ333/CJM/13-343', 250, '26548', 0, 500000, 'TT043', '0'),
('FK333/CJM/LIZ60', '', '2012-12-14', '2013-02-14', 'SJ334/CJM/13-344', 25, '26547', 0, 50000, 'TT043', '0'),
('FK334/CJM/RMW72', '', '2012-12-14', '2013-02-14', 'SJ335/CJM/13-345', 50, '27365', 0, 41500, 'TT043', '0'),
('FK335/CJM/RMW72', '', '2012-12-14', '2013-02-14', 'SJ336/CJM/13-346', 940, '28525', 0, 780200, 'TT043', '0'),
('FK336/CJM/RMW72', '', '2012-12-14', '2013-02-14', 'SJ337/CJM/13-347', 465, '28524', 0, 385950, 'TT043', '0'),
('FK337/CJM/MOR24', '', '2012-12-14', '2013-02-14', 'SJ338/CJM/13-348', 250, '28486', 0, 437500, 'TT043', '0'),
('FK338/CJM/MOR24', '', '2012-12-21', '2013-02-21', 'SJ339/CJM/13-352', 500, '27779', 0, 875000, 'TT044', '0'),
('FK339/CJM/MOR24', '', '2012-12-21', '2013-02-21', 'SJ340/CJM/13-353', 1210, '27780', 0, 2117500, 'TT044', '0'),
('FK340/CJM/RMW72', '', '2012-12-21', '2013-02-21', 'SJ341/CJM/13-354', 60, '28525', 0, 49800, 'TT044', '0'),
('FK341/CJM/MOR24', '', '2012-12-21', '2013-02-21', 'SJ342/CJM/13-355', 500, '28485', 0, 875000, 'TT044', '0'),
('FK342/CJM/LAN57', '', '2012-12-21', '2013-02-21', 'SJ343/CJM/13-349', 480, '24270', 0, 1872000, 'TT044', '0'),
('FK343/CJM/FLX98', '', '2012-12-21', '2013-02-21', 'SJ344/CJM/13-351', 270, '26013', 0, 888165, 'TT045', '0'),
('FK344/CJM/RMW72', '', '2013-01-03', '2013-03-03', 'SJ345/CJM/13-357', 1000, '28526', 0, 830000, 'TT046', '0'),
('FK345/CJM/MOR23', '', '2013-01-03', '2013-03-03', 'SJ346/CJM/13-356', 1460, '28481', 0, 2102400, 'TT046', '0'),
('FK346/CJM/RMW72', '', '2013-01-03', '2013-03-03', 'SJ347/CJM/13-358', 1000, '28528', 0, 830000, 'TT046', '0'),
('FK347/CJM/RMW72', '', '2013-01-15', '2013-03-15', 'SJ348/CJM/13-360', 500, '28528', 0, 415000, 'TT047', '0'),
('FK348/CJM/MOR24', '', '2013-01-15', '2013-03-15', 'SJ349/CJM/13-362', 680, '27780', 0, 1190000, 'TT047', '0'),
('FK349/CJM/MOR24', '', '2013-01-15', '2013-03-15', 'SJ350/CJM/13-363', 1225, '28583', 0, 2143750, 'TT047', '0'),
('FK350/CJM/KEN82', '', '2013-01-21', '2013-03-21', 'SJ351/CJM/133-364', 125, '23269', 0, 243750, 'TT048', '0'),
('FK351/CJM/LAN57', '', '2013-01-21', '2013-03-21', 'SJ352/CJM/13-365', 180, '24270', 0, 702000, 'TT048', '0'),
('FK352/CJM/MOR24', '', '2013-01-21', '2013-03-21', 'SJ353/CJM/13-365', 110, '27780', 0, 192500, 'TT048', '0'),
('FK353/CJM/MOR24', '', '2013-01-21', '2013-03-21', 'SJ354/CJM/13-367', 275, '28583', 0, 481250, 'TT048', '0'),
('FK354/CJM/LIZ60', '', '2013-01-22', '2013-03-22', 'SJ355/CJM/13-350', 80, '26548', 0, 160000, 'TT048', '0'),
('FK355/CJM/KEN82', '', '2013-01-29', '2013-03-29', 'SJ356/CJM/13-370', 190, '23269', 0, 370500, 'TT049', '0'),
('FK356/CJM/KEN82', '', '2013-01-29', '2013-03-29', 'SJ357/CJM/13-372', 1280, '29089', 0, 2496000, 'TT049', '0'),
('FK357/CJM/MOR23', '', '2013-01-29', '2013-03-29', 'SJ358/CJM/13-371', 495, '30521', 0, 712800, 'TT049', '0'),
('FK358/CJM/KEN82', '', '2013-02-01', '2013-04-01', 'SJ359/CJM/13-373', 10, '23269', 0, 19500, 'TT050', '0'),
('FK359/CJM/MOR23', '', '2013-02-01', '2013-04-01', 'SJ360/CJM/13-374', 1000, '28560', 0, 1440000, 'TT050', '0'),
('FK360/CJM/MOR23', '', '2013-02-01', '2013-04-01', 'SJ361/CJM/13-375', 250, '28561', 0, 360000, 'TT050', '0'),
('FK361/CJM/KEN82', '', '2013-02-01', '2013-04-01', 'SJ362/CJM/13-376', 255, '29089', 0, 497250, 'TT050', '0'),
('FK362/CJM/MOR23', '', '2013-02-11', '2013-04-11', 'SJ363/CJM/13-375', 645, '28561', 0, 928800, 'TT051', '0'),
('FK363/CJM/MOR23', '', '2013-02-11', '2013-04-11', 'SJ364/CJM/13-376', 1230, '31132', 0, 1771200, 'TT051', '0'),
('FK364/CJM/KEN82', '', '2013-02-11', '2013-04-11', 'SJ365/CJM/13-377', 505, '29089', 0, 984750, 'TT051', '0'),
('FK365/CJM/KEN82', '', '2013-02-11', '2013-04-11', 'SJ366/CJM/13-378', 190, '29085', 0, 370500, 'TT051', '0'),
('FK366/CJM/MOR23', '', '2013-02-15', '2013-04-15', 'SJ367/CJM/13-368', 2000, '30493', 0, 2880000, 'TT052', '0'),
('FK367/CJM/MOR23', '', '2013-02-15', '2013-04-15', 'SJ368/CJM/13-369', 505, '30521', 0, 727200, 'TT052', '0'),
('FK368/CJM/MOR23', '', '2013-02-15', '2013-04-15', 'SJ369/CJM/13-369', 540, '28481', 0, 777600, 'TT052', '0'),
('FK369/CJM/KNI91', '', '2013-02-22', '2013-04-22', 'SJ370/CJM/13-380', 500, '31139', 0, 1050000, 'TT053', '0'),
('FK370/CJM/KEN82', '', '2013-02-22', '2013-04-22', 'SJ371/CJM/13-381', 460, '29089', 0, 897000, 'TT053', '0'),
('FK371/CJM/MOR23', '', '2013-02-22', '2013-04-22', 'SJ372/CJM/13-382', 570, '31132', 0, 820800, 'TT053', '0'),
('FK372/CJM/MOR23', '', '2013-02-27', '2013-04-27', 'SJ373/CJM/13-384', 500, '31134', 0, 720000, 'TT054', '0'),
('FK373/CJM/MOR24', '', '2013-02-27', '2013-04-27', 'SJ374/CJM/13-385', 200, '31260', 0, 350000, 'TT054', '0'),
('FK374/CJM/KNI91', '', '2013-02-27', '2013-04-27', 'SJ375/CJM/13-386', 532, '31138', 0, 1117200, 'TT054', '0'),
('FK375/CJM/KNI91', '', '2013-02-27', '2013-04-27', 'SJ376/CJM/13-387', 531, '31137', 0, 1115100, 'TT054', '0'),
('FK376/CJM/MOR23', '', '2013-03-04', '2013-05-04', 'SJ377/CJM/13-361', 350, '28482', 0, 504000, 'TT055', '0'),
('FK377/CJM/MOR23', '', '2013-03-04', '2013-05-04', 'SJ378/CJM/13-366', 650, '28482', 0, 936000, 'TT055', '0'),
('FK378/CJM/KNI91', '', '2013-03-05', '2013-05-05', 'SJ379/CJM/13-388', 1708, '31137', 0, 3586800, 'TT055', '0'),
('FK379/CJM/KNI91', '', '2013-03-07', '2013-05-07', 'SJ380/CJM/13-389', 229, '31137', 0, 480900, 'TT058', '0'),
('FK380/CJM/MOR23', '', '2013-03-13', '2013-05-13', 'SJ381/CJM/13-390', 105, '28561', 0, 151200, 'TT056', '0'),
('FK381/CJM/MOR23', '', '2013-03-13', '2013-05-13', 'SJ382/CJM/13-391', 350, '31134', 0, 504000, 'TT056', '0'),
('FK382/CJM/MOR24', '', '2013-03-13', '2013-05-13', 'SJ383/CJM/13-392', 860, '31261', 0, 1505000, 'TT056', '0'),
('FK383/CJM/KEN82', '', '2013-03-13', '2013-05-13', 'SJ384/CJM/13-393', 360, '30552', 0, 702000, 'TT056', '0'),
('FK384/CJM/MOR24', '', '2013-03-14', '2013-05-14', 'SJ385/CJM/13-394', 565, '31261', 0, 988750, 'TT056', '0'),
('FK385/CJM/KEN82', '', '2013-03-14', '2013-05-14', 'SJ386/CJM/13-395', 350, '29085', 0, 682500, 'TT056', '0'),
('FK386/CJM/KEN82', '', '2013-03-14', '2013-05-14', 'SJ387/CJM/13-396', 1105, '30552', 0, 2156700, 'TT056', '0'),
('FK387/CJM/MOR23', '', '2013-03-18', '2013-05-18', 'SJ388/CJM/13-398', 1145, '31245', 0, 1648800, 'TT057', '0'),
('FK388/CJM/FLX98', '', '2013-03-18', '2013-05-18', 'SJ389/CJM/13-397', 1030, '31268', 0, 3388185, 'TT057', '0'),
('FK389/CJM/MOR23', '', '2013-03-22', '2013-05-22', 'SJ390/CJM/13-400', 665, '31244', 0, 957600, 'TT059', '0'),
('FK390/CJM/MOR23', '', '2013-03-22', '2013-05-22', 'SJ391/CJM/13-399', 250, '31244', 0, 360000, 'TT059', '0'),
('FK391/CJM/KEN82', '', '2013-03-22', '2013-05-22', 'SJ392/CJM/13-401', 209, '30552', 0, 407550, 'TT059', '0'),
('FK392/CJM/MOR24', '', '2013-03-22', '2013-05-22', 'SJ393/CJM/13-402', 285, '31261', 0, 498750, 'TT059', '0'),
('FK393/CJM/FLX98', '', '2013-03-28', '2013-05-28', 'SJ394/CJM/13-403', 1002, '31268', 0, 3296079, 'TT060', '0'),
('FK394/CJM/MOR24', '', '2013-03-28', '2013-05-28', 'SJ395/CJM/13-404', 90, '31261', 0, 157500, 'TT060', '0'),
('FK395/CJM/KEN82', '', '2013-03-28', '2013-05-28', 'SJ396/CJM/13-406', 325, '30552', 0, 633750, 'TT060', '0'),
('FK396/CJM/MOR23', '', '2013-03-28', '2013-05-28', 'SJ397/CJM/13-408', 885, '31244', 0, 1274400, 'TT060', '0'),
('FK397/CJM/RMW72', '', '2013-03-28', '2013-05-28', 'SJ398/CJM/13-405', 1000, '32806', 0, 830000, 'TT060', '0'),
('FK398/CJM/RMW72', '', '2013-03-28', '2013-05-28', 'SJ399/CJM/13-409', 500, '32807', 0, 415000, 'TT060', '0');

-- --------------------------------------------------------

--
-- Struktur dari tabel `jabatan`
--

CREATE TABLE IF NOT EXISTS `jabatan` (
  `kode_jabatan` varchar(5) NOT NULL,
  `jabatan` varchar(20) NOT NULL,
  PRIMARY KEY  (`kode_jabatan`)
) ENGINE=MyISAM DEFAULT CHARSET=latin1;

--
-- Dumping data untuk tabel `jabatan`
--

INSERT INTO `jabatan` (`kode_jabatan`, `jabatan`) VALUES
('JC001', 'Direktur Utama'),
('JC002', 'Wakil Direktur'),
('JC003', 'Manager Keuangan'),
('JC004', 'Manager Produksi'),
('JC005', 'Karyawan');

-- --------------------------------------------------------

--
-- Struktur dari tabel `karyawan`
--

CREATE TABLE IF NOT EXISTS `karyawan` (
  `nik` varchar(5) NOT NULL,
  `nama` varchar(50) default NULL,
  `tempat_lahir` varchar(50) default NULL,
  `tanggal_lahir` date default NULL,
  `kode_gender` int(11) default NULL,
  `alamat` varchar(100) default NULL,
  `telepon` varchar(15) default NULL,
  `sandi` varchar(50) default NULL,
  `kode_jabatan` varchar(5) default NULL,
  `foto` text,
  `email` varchar(30) default NULL,
  PRIMARY KEY  (`nik`)
) ENGINE=MyISAM DEFAULT CHARSET=latin1;

--
-- Dumping data untuk tabel `karyawan`
--

INSERT INTO `karyawan` (`nik`, `nama`, `tempat_lahir`, `tanggal_lahir`, `kode_gender`, `alamat`, `telepon`, `sandi`, `kode_jabatan`, `foto`, `email`) VALUES
('KC001', 'Arman Mias', 'Padang Panjang', '1950-11-27', 1, 'Pengadegan Selatan', '082111221150', '66059a527018b32e4597dd27574929f6', 'JC001', 'IMG_0894.JPG', 'gunung_ganting@yahoo.com'),
('AD001', 'admin', NULL, NULL, NULL, NULL, NULL, '21232f297a57a5a743894a0e4a801fc3', NULL, NULL, NULL),
('KC002', 'Titin Muslimah', 'Jakarta', '1962-01-21', 2, 'Pengadegan', '081280555147', 'a569f4cec3d64424c9994babf5c35c1f', 'JC002', 'IMG_0852.JPG', 'muslimahtitin@yahoo.co.id'),
('KC003', 'Novrizal Kurniawan', 'Jakarta', '1981-11-24', 1, 'Manggarai', '08161617542', '914105964bbaec9228e6f21b6bd23e2b', 'JC003', 'IMG_0853.JPG', 'novrizal80@yahoo.com'),
('KC004', 'Munjinah', 'Jawa Tengah', '1975-04-25', 2, 'kalibata', '085215779143', '9bff78eb6e3ca7a0cafa07c42b3b449b', 'JC004', 'IMG_0807.JPG', 'mumun123@yahoo.com'),
('KC005', 'Tya Herlina', 'Jakarta', '1990-03-01', 2, 'pengadegan', '08176788821', 'ea467bd1129dc94294a15e3416fcf3ba', 'JC005', 'tya.jpg', 'herisher@yahoo.com'),
('KC006', 'Ananda Nurhuda', 'Jakarta', '1999-06-18', 1, 'depok', '082122259654', '37932c5c4ea2119cb7f81663c7c25d72', 'JC005', 'IMG_0494.JPG', 'adul_komenk@yahoo.com'),
('KC007', 'Kurnia Harisdha', 'Jakarta', '1982-10-01', 1, 'pengadegan', '08121345647', 'd10c78033f0b2cc92d00b7dec336b2d3', 'JC005', 'IMG_0286.JPG', 'a_ver@yahoo.com');

-- --------------------------------------------------------

--
-- Struktur dari tabel `ob`
--

CREATE TABLE IF NOT EXISTS `ob` (
  `ob_no` varchar(20) NOT NULL,
  `sj_no` varchar(20) default NULL,
  `date` date default NULL,
  PRIMARY KEY  (`ob_no`)
) ENGINE=MyISAM DEFAULT CHARSET=latin1;

--
-- Dumping data untuk tabel `ob`
--


-- --------------------------------------------------------

--
-- Struktur dari tabel `pembayaran`
--

CREATE TABLE IF NOT EXISTS `pembayaran` (
  `bayar_no` char(5) NOT NULL,
  `bayar_tgl` date default NULL,
  `transfer` int(11) default NULL,
  PRIMARY KEY  (`bayar_no`)
) ENGINE=MyISAM DEFAULT CHARSET=latin1;

--
-- Dumping data untuk tabel `pembayaran`
--

INSERT INTO `pembayaran` (`bayar_no`, `bayar_tgl`, `transfer`) VALUES
('PD001', '2011-10-14', 151030625),
('PD003', '2011-11-11', 32988362),
('PD002', '2011-10-21', 55619618),
('PD004', '2011-11-18', 13852340),
('PD005', '2011-12-05', 24345543),
('PD006', '2011-12-22', 64499226),
('PD007', '2012-01-06', 125606639),
('PD008', '2012-01-20', 17383117),
('PD009', '2012-03-27', 21586257),
('PD010', '2012-03-19', 66381271),
('PD011', '2012-03-09', 86004175),
('PD012', '2012-02-20', 31996381),
('PD013', '2012-02-10', 151618954),
('PD014', '2012-03-30', NULL),
('PD015', '2012-04-13', NULL),
('PD016', '2012-04-20', NULL),
('PD017', '2012-05-04', NULL),
('PD018', '2012-05-07', NULL),
('PD019', '2012-05-11', NULL);

-- --------------------------------------------------------

--
-- Struktur dari tabel `po`
--

CREATE TABLE IF NOT EXISTS `po` (
  `po_no` char(6) NOT NULL,
  `product_no` varchar(10) NOT NULL,
  `order_date` date NOT NULL,
  `price` varchar(10) default NULL,
  `qty` varchar(10) default NULL,
  `payment` int(11) default NULL,
  `plan` varchar(20) default NULL,
  `keterangan` text,
  `tanggal_terima` date default NULL,
  `week_kirim` varchar(10) default NULL,
  `dept` varchar(5) default NULL,
  `status` varchar(20) default 'Progress',
  PRIMARY KEY  (`po_no`,`order_date`)
) ENGINE=MyISAM DEFAULT CHARSET=latin1;

--
-- Dumping data untuk tabel `po`
--

INSERT INTO `po` (`po_no`, `product_no`, `order_date`, `price`, `qty`, `payment`, `plan`, `keterangan`, `tanggal_terima`, `week_kirim`, `dept`, `status`) VALUES
('11999', 'PR004', '2011-06-27', '8300', '0', 2, '1385', '', '2011-07-07', '38', '426', 'Finish'),
('11663', 'PR002', '2011-06-17', '14400', '0', 2, '1333', '', '2011-06-29', '33', '424', 'Finish'),
('11967', 'PR002', '2011-06-25', '14400', '0', 2, '1341', '', '2011-07-07', '34', '427', 'Finish'),
('22119', 'PR015', '2012-04-09', '7000', '', 2, '2223', '=== BATAL ===', '2012-04-12', '22/2012', '423', 'Progress'),
('12443', 'PR002', '2011-07-11', '14400', '0', 2, '1391', '', '2011-09-29', '39', '427', 'Finish'),
('11426', 'PR001', '2011-06-06', '28600', '0', 2, '1291', '\r\n', '2011-06-09', '29', '428', 'Finish'),
('12441', 'PR002', '2011-07-11', '14400', '0', 2, '1391', '', '2011-07-15', '39', '427', 'Finish'),
('12514', 'PR005', '2011-07-12', '12000', '0', 2, '1341', '', '2011-07-15', '34', '424', 'Finish'),
('12515', 'PR006', '2011-07-12', '12000', '0', 2, '1341', '', '2011-07-15', '34', '424', 'Finish'),
('13379', 'PR004', '2011-08-02', '8300', '0', 2, '1422', '', '2011-08-04', '42', '427', 'Finish'),
('11544', 'PR003', '2011-06-14', '12510', '0', 2, '1321', '5=120; 6=220; 7=320; 8=220; 9=120\r\n=====BATAL=====', '2011-06-17', '32', '426', 'Progress'),
('11603', 'PR007', '2011-06-15', '44000', '0', 2, '1311', '', '2011-06-17', '31', '425', 'Finish'),
('11604', 'PR008', '2011-06-15', '44000', '0', 2, '1311', '', '2011-06-17', '31', '425', 'Finish'),
('12734', 'PR009', '2011-07-18', '44000', '0', 2, '1402', '<== export south africa ==>', '2011-07-20', '40', '426', 'Finish'),
('12733', 'PR010', '2011-07-18', '44000', '0', 2, '1402', '<== export south africa ==>', '2011-07-22', '40', '426', 'Finish'),
('11427', 'PR001', '2011-06-06', '28600', '0', 2, '1292', '', '2011-06-09', '29', '427', 'Finish'),
('11432', 'PR001', '2011-06-06', '28600', '0', 2, '1290', '', '2011-06-09', '29', '428', 'Finish'),
('11675', 'PR011', '2011-06-17', '31500', '0', 2, '1335', '', '2011-06-24', '33', '425', 'Finish'),
('11676', 'PR012', '2011-06-17', '32500', '0', 2, '1335', '', '2011-06-24', '33', '425', 'Finish'),
('11991', 'PR002', '2011-06-27', '14400', '0', 2, '1383', '', '2011-09-29', '38', '425', 'Finish'),
('11990', 'PR002', '2011-06-27', '14400', '0', 2, '1383', '', '2011-07-07', '38', '425', 'Finish'),
('13766', 'PR013', '2011-08-10', '39500', '0', 2, '1443', '', '2011-08-15', '44', '427', 'Finish'),
('13660', 'PR004', '2011-08-09', '8300', '0', 2, '1442', '', '2011-08-15', '44', '426', 'Finish'),
('20611', 'PR002', '2012-03-02', '14400', NULL, 2, '2173', '', '2012-03-08', '17/2012', '424', 'Finish'),
('13662', 'PR004', '2011-08-09', '8300', '0', 2, '1442', '', '2011-08-15', '44', '426', 'Finish'),
('13663', 'PR004', '2011-08-09', '8300', '0', 2, '1442', '', '2011-08-15', '44', '426', 'Finish'),
('14477', 'PR014', '2011-09-14', '14400', '0', 2, '1451', '', '2011-09-20', '45', '426', 'Finish'),
('14479', 'PR014', '2011-09-14', '14400', '0', 2, '1453', '', '2011-09-22', '45', '426', 'Finish'),
('14478', 'PR014', '2011-09-14', '14400', '0', 2, '1452', '', '2011-09-20', '45', '426', 'Finish'),
('14083', 'PR002', '2011-08-22', '14400', '0', 2, '1451', '', '2011-10-03', '45', '426', 'Finish'),
('14084', 'PR002', '2011-08-22', '14400', '0', 2, '1451', '', '2011-10-03', '45', '426', 'Finish'),
('14081', 'PR002', '2011-08-22', '14400', '0', 2, '1451', '', '2011-10-03', '45', '426', 'Finish'),
('14921', 'PR002', '2011-09-26', '14400', '0', 2, '1471', '', '2011-09-29', '47', '425', 'Finish'),
('14922', 'PR002', '2011-09-26', '14400', '0', 2, '1472', '', '2011-09-29', '47', '425', 'Finish'),
('14923', 'PR002', '2011-09-26', '14400', '0', 2, '1473', '', '2011-09-29', '47', '425', 'Finish'),
('15288', 'PR015', '2011-10-05', '7000', '0', 2, '1483', '', '2011-10-06', '48', '424', 'Finish'),
('15287', 'PR015', '2011-10-05', '7000', '0', 2, '1471', '', '2011-10-06', '47', '423', 'Finish'),
('15172', 'PR004', '2011-09-30', '8300', '0', 2, '1481', '', '2011-10-06', '48', '425', 'Finish'),
('15173', 'PR004', '2011-09-30', '8300', '0', 2, '1482', '', '2011-10-06', '48', '425', 'Finish'),
('20610', 'PR014', '2012-03-02', '14400', NULL, 2, '2172', '', '2012-03-08', '17/2012', '424', 'Finish'),
('15796', 'PR002', '2011-10-17', '14400', '0', 2, '1501', '', '2011-10-21', '50', '424', 'Finish'),
('15798', 'PR002', '2011-10-17', '14400', '0', 2, '1505', '', '2011-10-21', '50', '427', 'Finish'),
('15811', 'PR002', '2011-10-17', '14400', '0', 2, '1505', '', '2011-10-21', '50', '427', 'Finish'),
('16403', 'PR002', '2011-11-01', '14400', '0', 2, '1522', '', '2011-11-04', '52/2011', '424', 'Finish'),
('16404', 'PR002', '2011-11-01', '14400', '0', 2, '1523', '', '2011-11-04', '52/2011', '424', 'Finish'),
('17618', 'PR015', '2011-12-05', '7000', '0', 2, '2053', '', '2011-12-09', '05/2012', '428', 'Finish'),
('16597', 'PR004', '2011-11-04', '8300', '0', 2, '2021', '', '2011-11-11', '02/2011', '425', 'Finish'),
('20612', 'PR002', '2012-03-02', '14400', NULL, 2, '2174', '', '2012-03-08', '17/2012', '424', 'Finish'),
('16598', 'PR004', '2011-11-04', '8300', '0', 2, '2022', '', '2011-11-11', '02/2011', '425', 'Finish'),
('17045', 'PR016', '2011-11-16', '32895', '0', 2, '2033', '', '2011-11-25', '03/2012', '426', 'Finish'),
('17044', 'PR016', '2011-11-16', '32895', '0', 2, '2033', '', '2011-11-25', '03/2012', '426', 'Finish'),
('20609', 'PR014', '2012-03-02', '14400', NULL, 2, '2171', '', '2012-03-08', '17/2012', '424', 'Finish'),
('16124', 'PR002', '2011-10-24', '14400', '0', 2, '1511', '', '2011-10-27', '51/2011', '426', 'Finish'),
('16122', 'PR002', '2011-10-04', '14400', '0', 2, '1511', '', '2011-10-27', '51/2011', '426', 'Finish'),
('16118', 'PR014', '2011-10-04', '14400', '0', 2, '1514', '', '2011-10-27', '51/2011', '425', 'Finish'),
('16116', 'PR014', '2011-10-04', '14400', '0', 2, '1514', '', '2011-10-27', '51/2011', '425', 'Finish'),
('20162', 'PR029', '2012-02-22', '46000', NULL, 2, '2133', '', '2012-03-04', '13/2012', '424', 'Finish'),
('17152', 'PR013', '2011-11-20', '39500', '0', 2, '2022', '', '2011-12-15', '02/2011', '425', 'Finish'),
('15976', 'PR017', '0000-00-00', '37700', '0', 2, '149', '', '0000-00-00', '', '', 'Finish'),
('15977', 'PR018', '0000-00-00', '37700', '0', 2, '149', '', '0000-00-00', '', '', 'Finish'),
('17993', 'PR019', '2011-12-15', '39000', '0', 2, '1501', '<==Pengganti PO 16031==>', '2012-01-05', '50/2011', '425', 'Finish'),
('18015', 'PR020', '2011-12-15', '52800', '0', 2, '1492', '<==Pengganti PO 15978==>', '2012-01-05', '49/2011', '425', 'Finish'),
('20163', 'PR029', '2012-02-22', '46000', NULL, 2, '2134', '', '2012-03-04', '13/2012', '424', 'Finish'),
('17935', 'PR004', '2011-12-13', '8300', '0', 2, '2063', '', '2011-12-15', '06/2012', '424', 'Finish'),
('18198', 'PR021', '2011-12-21', '16500', '0', 2, '2074', '', '2012-01-05', '07/2012', '426', 'Finish'),
('18094', 'PR014', '2011-12-20', '14400', '0', 2, '2073', '', '2012-01-05', '07/2012', '424', 'Finish'),
('18299', 'PR014', '2012-01-02', '14400', '0', 2, '2085', '', '2012-01-05', '08/2012', '424', 'Finish'),
('20218', 'PR002', '2012-02-22', '14400', NULL, 2, '2156', '', '2012-03-04', '15/2012', '424', 'Finish'),
('18016', 'PR022', '2011-12-05', '52800', '0', 2, '1492', '<==Pengganti PO 15979==>', '2012-01-05', '49/2011', '425', 'Finish'),
('18043', 'PR023', '2011-12-16', '22800', '0', 2, '2063', '', '2012-01-05', '06/2012', '425', 'Finish'),
('17994', 'PR024', '2011-12-15', '39000', '0', 2, '1501', '<==Pengganti PO 16030==>', '2012-01-05', '50/2011', '425', 'Finish'),
('20220', 'PR028', '2012-02-22', '32895', NULL, 2, '2154', '', '2012-03-04', '15/2012', '424', 'Finish'),
('18044', 'PR023', '2011-12-16', '22800', '0', 2, '2064', '', '2012-01-05', '06/2012', '425', 'Finish'),
('18095', 'PR014', '2011-12-20', '14400', '0', 2, '2074', '', '2012-01-05', '07/2012', '424', 'Finish'),
('18197', 'PR021', '2011-12-21', '16500', '0', 2, '2073', '', '2012-01-05', '07/2012', '426', 'Finish'),
('20219', 'PR016', '2012-02-22', '32895', NULL, 2, '2155', '', '2012-03-04', '15/2012', '424', 'Finish'),
('18581', 'PR014', '2012-01-11', '14400', '0', 2, '2093', '', '2012-01-13', '09/2012', '424', 'Finish'),
('18583', 'PR014', '2012-01-11', '14400', '0', 2, '2093', '', '2012-01-13', '09/2012', '424', 'Finish'),
('18578', 'PR002', '2012-01-11', '14400', '0', 2, '2092', '', '2012-01-13', '09/2012', '424', 'Finish'),
('19632', 'PR004', '2012-02-07', '8300', NULL, 2, '2134', '', '2012-03-04', '13/2012', '426', 'Finish'),
('18577', 'PR002', '2012-01-11', '14400', '0', 2, '2091', '', '2012-01-13', '09/2012', '424', 'Finish'),
('18464', 'PR025', '2012-01-06', '22800', '0', 2, '2064', '', '2012-01-13', '06/2012', '425', 'Finish'),
('18465', 'PR025', '2012-01-06', '22800', '0', 2, '2065', '', '2012-01-13', '06/2012', '425', 'Finish'),
('19626', 'PR015', '2012-02-07', '7000', NULL, 2, '2133', '', '2012-03-04', '13/2012', '423', 'Finish'),
('18671', 'PR026', '2012-01-13', '14400', '0', 2, '2081', '', '2012-01-20', '08/2012', '425', 'Finish'),
('18920', 'PR027', '2012-01-19', '34500', '0', 2, '2091', '', '2012-01-26', '09/2012', '425', 'Finish'),
('18921', 'PR027', '2012-01-19', '34500', '0', 2, '2094', '', '2012-01-26', '09/2012', '425', 'Finish'),
('18986', 'PR014', '2012-01-24', '14400', '0', 2, '2111', '', '2012-01-26', '11/2012', '424', 'Finish'),
('19627', 'PR015', '2012-02-07', '7000', NULL, 2, '2133', '', '2012-03-04', '13/2012', '423', 'Finish'),
('18987', 'PR014', '2012-01-24', '14400', '0', 2, '2112', '', '2012-01-26', '11/2012', '424', 'Finish'),
('18988', 'PR014', '2012-01-24', '14400', '0', 2, '2112', '', '2012-01-26', '11/2012', '424', 'Finish'),
('18989', 'PR002', '2012-01-24', '14400', '0', 2, '2113', '', '2012-01-26', '11/2012', '424', 'Finish'),
('18990', 'PR002', '2012-01-24', '14400', '0', 2, '2114', '', '2012-01-26', '11/2012', '424', 'Finish'),
('19633', 'PR004', '2012-02-07', '8300', NULL, 2, '2135', '', '2012-03-04', '13/2012', '426', 'Finish'),
('18991', 'PR002', '2012-01-24', '14400', '0', 2, '2115', '', '2012-01-26', '11/2012', '424', 'Finish'),
('20967', 'PR002', '2012-03-09', '14400', NULL, 2, '2181', '', '2012-03-15', '18/2012', '424', 'Finish'),
('20969', 'PR002', '2012-03-09', '14400', NULL, 2, '2185', '', '2012-03-15', '18/2012', '424', 'Finish'),
('20966', 'PR015', '2012-03-09', '7000', NULL, 2, '2185', '', '2012-03-15', '18/2012', '423', 'Finish'),
('20965', 'PR015', '2012-03-09', '7000', NULL, 2, '2184', '', '2012-03-15', '18/2012', '423', 'Progress'),
('20970', 'PR014', '2012-03-09', '14400', NULL, 2, '2182', '', '2012-03-15', '18/2012', '424', 'Finish'),
('20972', 'PR004', '2012-03-09', '8300', NULL, 2, '2183', '', '2012-03-15', '18/2012', '424', 'Finish'),
('21296', 'PR030', '2012-03-19', '8300', NULL, 2, '2131', '', '2012-03-22', '13/2012', '426', 'Finish'),
('21799', 'PR031', '2012-04-02', '33500', NULL, 2, '2192', '', '2012-04-05', '19/2012', '426', 'Finish'),
('21924', 'PR002', '2012-04-03', '14400', NULL, 2, '2211', '', '2012-04-05', '21/2012', '426', 'Finish'),
('21923', 'PR014', '2012-04-03', '14400', NULL, 2, '2211', '', '2012-04-05', '21/2012', '426', 'Finish'),
('21798', 'PR032', '2012-04-02', '39000', NULL, 2, '2192', '', '2012-04-05', '19/2012', '426', 'Finish'),
('22117', 'PR015', '2012-04-09', '7000', '', 2, '2222', '=== BATAL ===', '2012-04-12', '22/2012', '423', 'Progress'),
('22277', 'PR033', '2012-04-11', '16500', NULL, 2, '2221', 'EXPORT SINGAPORE', '2012-04-12', '22/2012', '424', 'Finish'),
('22204', 'PR025', '2012-04-10', '22800', NULL, 2, '2225', '', '2012-04-12', '22/2012', '427', 'Finish'),
('22203', 'PR025', '2012-04-10', '22800', NULL, 2, '2224', '', '2012-04-12', '22/2012', '427', 'Progress'),
('22206', 'PR023', '2012-04-10', '22800', NULL, 2, '2222', '', '2012-04-12', '22/2012', '427', 'Finish'),
('22207', 'PR023', '2012-04-10', '22800', '', 2, '2223', 'change to PO 24274', '2012-04-12', '22/2012', '427', 'Progress'),
('22279', 'PR034', '2012-04-11', '16500', NULL, 2, '2221', 'EXPORT SINGAPORE', '2012-04-12', '22/2012', '424', 'Finish'),
('22416', 'PR014', '2012-04-16', '14400', NULL, 2, '2231', '', '2012-04-19', '23/2012', '424', 'Finish'),
('22407', 'PR035', '2012-04-16', '20900', NULL, 2, '2215', 'EXPORT ZAMBIA', '2012-04-19', '21/2012', '424', 'Finish'),
('22406', 'PR036', '2012-04-16', '20900', NULL, 2, '2215', 'EXPORT ZAMBIA', '2012-04-19', '21/2012', '424', 'Finish'),
('22841', 'PR037', '2012-04-24', '17500', NULL, 2, '2233', '', '2012-04-26', '23/2012', '424', 'Finish'),
('22842', 'PR037', '2012-04-24', '17500', NULL, 2, '2234', '', '2012-04-26', '23/2012', '424', 'Finish'),
('22843', 'PR037', '2012-04-24', '17500', NULL, 2, '2235', '', '2012-04-26', '23/2012', '424', 'Finish'),
('22625', 'PR038', '2012-04-19', '32000', NULL, 2, '2223', '', '2012-04-26', '22/2012', '424', 'Progress'),
('22624', 'PR039', '2012-04-19', '32000', NULL, 2, '2222', '', '2012-04-26', '22/2012', '424', 'Finish'),
('23231', 'PR040', '2012-05-04', '17500', NULL, 2, '2255', '', '2012-05-11', '25/2012', '424', 'Finish'),
('23230', 'PR040', '2012-05-04', '17500', NULL, 2, '2254', '', '2012-05-11', '25/2012', '424', 'Finish'),
('23233', 'PR040', '2012-05-04', '17500', NULL, 2, '2256', '', '2012-05-11', '25/2012', '424', 'Finish'),
('23275', 'PR002', '2012-05-04', '14400', NULL, 2, '2221', '', '2012-05-11', '22/2012', '425', 'Finish'),
('23315', 'PR004', '2012-05-04', '8300', NULL, 2, '2263', '', '2012-05-11', '26/2012', '424', 'Progress'),
('24567', 'PR014', '2012-06-04', '14400', NULL, 2, '2302', '', '2012-06-11', '30/2012', '424', 'Finish'),
('24569', 'PR014', '2012-06-04', '14400', NULL, 2, '2304', '', '2012-06-11', '30/2012', '424', 'Finish'),
('24568', 'PR014', '2012-06-04', '14400', NULL, 2, '2303', '', '2012-06-11', '30/2012', '424', 'Finish'),
('24259', 'PR014', '2012-05-25', '14400', NULL, 2, '2291', '', '2012-05-31', '29/2012', '424', 'Finish'),
('24260', 'PR014', '2012-05-25', '14400', NULL, 2, '2292', '', '2012-05-31', '29/2012', '424', 'Finish'),
('24261', 'PR002', '2012-05-25', '14400', NULL, 2, '2291', '', '2012-05-31', '29/2012', '424', 'Finish'),
('24274', 'PR023', '2012-05-25', '22800', '', 2, '2223', 'substitute of PO 22207', '2012-05-31', '22/2012', '427', 'Progress'),
('24270', 'PR032', '2012-05-25', '39000', NULL, 2, '2291', '', '2012-05-31', '29/2012', '425', 'Finish'),
('24271', 'PR031', '2012-05-25', '33500', NULL, 2, '2292', '', '2012-05-31', '29/2012', '425', 'Finish'),
('24536', 'PR037', '2012-06-04', '17500', NULL, 2, '2302', '', '2012-06-11', '30/2012', '424', 'Finish'),
('24535', 'PR037', '2012-06-04', '17500', NULL, 2, '2301', '', '0000-06-11', '30/2012', '424', 'Finish'),
('24759', 'PR041', '2012-06-07', '39000', '', 2, '2301', 'EXPORT SOUTH AFRICA', '2012-06-15', '30/2012', '425', 'Finish'),
('24757', 'PR042', '2012-06-07', '39000', '', 2, '2302', 'EXPORT SOUTH AFRICA', '2012-06-15', '30/2012', '425', 'Finish'),
('24845', 'PR043', '2012-06-11', '19500', '', 2, '2301', 'EXPORT SOUTH AFRICA', '2012-06-15', '30/2012', '426', 'Finish'),
('23582', 'PR002', '2012-01-01', '14400', '', 2, '2222', 'PO ASLI TIDAK ADA\r\n-PO ADA-', '2012-01-01', '22/2012', '424', 'Finish'),
('25075', 'PR002', '2012-06-15', '14400', NULL, 2, '2321', '', '2012-06-20', '32/2012', '424', 'Finish'),
('25248', 'PR034', '2012-06-19', '16500', '', 2, '2314', 'EXPORT SINGAPORE', '2012-06-21', '31/2012', '426', 'Progress'),
('25249', 'PR034', '2012-06-19', '16500', '', 2, '2314', 'EXPORT SINGAPORE', '2012-06-21', '31/2012', '426', 'Progress'),
('25245', 'PR033', '2012-06-19', '16500', '', 2, '2311', 'EKSPOR SINGAPORE', '2012-06-21', '31/2012', '426', 'Progress'),
('25250', 'PR034', '2012-06-19', '16500', '', 2, '2314', 'EKSPOR SINGAPORE', '2012-06-21', '31/2012', '426', 'Progress'),
('25246', 'PR033', '2012-06-19', '16500', '', 2, '2314', 'EKSPOR SINGAPORE', '2012-06-21', '31/2012', '426', 'Progress'),
('25118', 'PR044', '2012-06-18', '33500', NULL, 2, '2311', '', '2012-06-21', '31/2012', '424', 'Progress'),
('25247', 'PR033', '2012-06-19', '16500', NULL, 2, '2314', '', '2012-06-21', '31/2012', '426', 'Progress'),
('25482', 'PR014', '2012-06-25', '14400', NULL, 2, '2331', '', '2012-06-28', '33/2012', '424', 'Finish'),
('25417', 'PR014', '2012-06-22', '14400', '', 2, '2321', 'substiute of PO 25076', '2012-06-28', '32/2012', '424', 'Finish'),
('25486', 'PR002', '2012-06-25', '14400', NULL, 2, '2331', '', '2012-06-28', '33/2012', '424', 'Finish'),
('25485', 'PR014', '2012-06-25', '14400', NULL, 2, '2332', '', '2012-06-28', '33/2012', '424', 'Finish'),
('23587', 'PR028', '2012-01-01', '32895', '', 2, '2271', 'TIDAK ADA PO ASLI\r\n- PO ADA -', '2012-01-01', '27/2012', '424', 'Finish'),
('23902', 'PR004', '2012-01-01', '8300', '', 2, '2283', '', '2012-01-01', '28/2012', '424', 'Progress'),
('23586', 'PR016', '2012-01-01', '32895', '', 2, '2271', 'TIDAK ADA PO ASLI\r\n-PO ADA-', '2012-01-01', '27/2012', '424', 'Finish'),
('23271', 'PR045', '2012-05-04', '19500', NULL, 2, '2233', '', '2012-05-16', '23/2012', '426', 'Finish'),
('23270', 'PR045', '2012-05-04', '19500', NULL, 2, '2233', '', '2012-05-10', '23/2012', '426', 'Finish'),
('23269', 'PR046', '2012-05-04', '19500', NULL, 2, '2233', '', '2012-05-16', '23/2012', '426', 'Finish'),
('23268', 'PR046', '2012-05-04', '19500', '', 2, '2231', 'TOLONG DIBIKIN SURAT JALAN LG DGN size/pairs : 6/3', '2012-05-16', '23/2012', '426', 'Finish'),
('23581', 'PR014', '2012-05-11', '14400', NULL, 2, '2271', '', '2012-05-16', '27/2012', '424', 'Finish'),
('25788', 'PR004', '2012-06-29', '8300', NULL, 2, '2375', '', '2012-07-06', '37/2012', '426', 'Finish'),
('25619', 'PR014', '2012-06-27', '14400', NULL, 2, '2371', '', '2012-07-06', '37/2012', '424', 'Finish'),
('25618', 'PR002', '2012-06-27', '14400', NULL, 2, '2371', '', '2012-07-06', '37/2012', '424', 'Finish'),
('25787', 'PR004', '2012-06-29', '8300', NULL, 2, '2374', '', '2012-07-06', '37/2012', '426', 'Finish'),
('26028', 'PR016', '2012-07-09', '32895', NULL, 2, '2381', '', '2012-07-12', '38/2012', '426', 'Finish'),
('26009', 'PR028', '2012-07-09', '32895', NULL, 2, '2383', '', '2012-07-12', '38/2012', '424', 'Progress'),
('26013', 'PR028', '2012-07-09', '32895', NULL, 2, '2384', '', '2012-07-12', '38/2012', '424', 'Finish'),
('26030', 'PR028', '2012-07-09', '32895', NULL, 2, '2381', '', '2012-07-12', '38/2012', '426', 'Finish'),
('26632', 'PR014', '2012-07-24', '14400', NULL, 2, '2405', '', '2012-07-27', '40/2012', '424', 'Finish'),
('26631', 'PR014', '2012-07-24', '14400', NULL, 2, '2404', '', '2012-07-27', '40/2012', '424', 'Finish'),
('26548', 'PR047', '2012-07-23', '20000', '', 2, '2374', 'EXPORT ZAMBIA', '2012-07-27', '37/2012', '425', 'Finish'),
('26547', 'PR048', '2012-07-23', '20000', '', 2, '2374', 'EXPORT ZAMBIA', '2012-07-27', '37/2012', '425', 'Finish'),
('26636', 'PR002', '2012-07-24', '14400', NULL, 2, '2405', '', '2012-07-27', '40/2012', '424', 'Finish'),
('26635', 'PR002', '2012-07-24', '14400', NULL, 2, '2404', '', '2012-07-27', '40/2012', '424', 'Finish'),
('26634', 'PR002', '2012-07-24', '14400', NULL, 2, '2403', '', '2012-07-27', '40/2012', '424', 'Finish'),
('26633', 'PR002', '2012-07-24', '14400', NULL, 2, '2401', '', '2012-07-27', '40/2012', '424', 'Finish'),
('26887', 'PR014', '2012-07-30', '14400', NULL, 2, '2411', '', '2012-08-03', '41/2012', '424', 'Finish'),
('26888', 'PR002', '2012-07-30', '14400', NULL, 2, '2411', '', '2012-08-03', '41/2012', '424', 'Finish'),
('26316', 'PR004', '2012-07-16', '8300', NULL, 2, '2391', '', '2012-07-20', '39/2012', '426', 'Progress'),
('27365', 'PR030', '2012-08-10', '8300', NULL, 2, '2432', '', '2012-09-10', '43/2012', '424', 'Finish'),
('27366', 'PR030', '2012-08-10', '8300', NULL, 2, '2432', '', '2012-09-10', '43/2012', '424', 'Finish'),
('27782', 'PR037', '2012-09-10', '17500', NULL, 2, '2441', '', '2012-09-13', '44/2012', '424', 'Finish'),
('27799', 'PR037', '2012-09-10', '17500', NULL, 2, '2441', '', '2012-09-13', '44/2012', '424', 'Finish'),
('27778', 'PR040', '2012-09-10', '17500', NULL, 2, '2441', '', '2012-09-13', '44/2012', '424', 'Finish'),
('27779', 'PR040', '2012-09-10', '17500', NULL, 2, '2442', '', '2012-09-13', '44/2012', '424', 'Finish'),
('27780', 'PR040', '2012-09-10', '17500', NULL, 2, '2443', '', '2012-09-13', '44/2012', '424', 'Finish'),
('27776', 'PR002', '2012-09-10', '14400', NULL, 2, '2441', '', '2012-09-13', '44/2012', '424', 'Finish'),
('27777', 'PR002', '2012-09-10', '14400', NULL, 2, '2442', '', '2012-09-13', '44/2012', '424', 'Finish'),
('28201', 'PR004', '2012-09-18', '8300', NULL, 2, '2455', '', '2012-10-04', '45/2012', '426', 'Finish'),
('28561', 'PR002', '2012-09-26', '14400', NULL, 2, '2472', '', '2012-11-05', '47/2012', '425', 'Finish'),
('28560', 'PR002', '2012-09-26', '14400', NULL, 2, '2471', '', '2012-11-05', '47/2012', '425', 'Finish'),
('28583', 'PR037', '2012-09-26', '17500', NULL, 2, '2471', '', '2012-11-05', '47/2012', '425', 'Finish'),
('29085', 'PR046', '2012-10-11', '19500', NULL, 2, '2483', '', '2012-11-05', '48/2012', '423', 'Progress'),
('29088', 'PR046', '2012-10-11', '19500', NULL, 2, '2484', '', '2012-11-05', '48/2012', '423', 'Progress'),
('28482', 'PR002', '2012-09-25', '14400', NULL, 2, '2462', '', '2012-10-04', '46/2012', '424', 'Finish'),
('28481', 'PR002', '2012-09-25', '14400', NULL, 2, '2461', '', '2012-10-04', '46/2012', '424', 'Finish'),
('28526', 'PR030', '2012-09-25', '8300', NULL, 2, '2462', '', '2012-10-04', '46/2012', '427', 'Finish'),
('28528', 'PR030', '2012-09-25', '8300', NULL, 2, '2463', '', '2012-10-04', '46/2012', '427', 'Finish'),
('28525', 'PR004', '2012-09-25', '8300', NULL, 2, '2461', '', '2012-10-04', '46/2012', '427', 'Finish'),
('28524', 'PR004', '2012-09-25', '8300', NULL, 2, '2461', '', '2012-10-04', '46/2012', '427', 'Finish'),
('28486', 'PR037', '2012-09-25', '17500', NULL, 2, '2461', '', '2012-10-04', '46/2012', '424', 'Finish'),
('28485', 'PR037', '2012-09-25', '17500', NULL, 2, '2461', '', '2012-10-04', '46/2012', '424', 'Finish'),
('29089', 'PR045', '2012-10-11', '19500', NULL, 2, '2484', '', '2012-11-05', '48/2012', '423', 'Finish'),
('31132', 'PR014', '2013-01-03', '14400', NULL, 2, '3081', '', '2013-01-18', '08/2013', '424', 'Finish'),
('30521', 'PR014', '2011-01-01', '14400', NULL, 2, '3062', 'BELUM ADA PO ASLI.\r\ndetail hanya persepsi pribadi', '2011-01-01', '06/2013', '424', 'Progress'),
('31704', 'PR002', '2013-01-15', '14400', NULL, 2, '3101', '', '2013-02-21', '10/2013', '424', 'Progress'),
('31642', 'PR014', '2013-01-15', '14400', NULL, 2, '3101', '', '2013-02-21', '10/2013', '424', 'Progress'),
('31857', 'PR049', '2013-01-18', '21000', NULL, 2, '3093', '', '2013-01-29', '09/2013', '426', 'Progress'),
('31856', 'PR049', '2013-01-18', '21000', NULL, 2, '3092', '', '2013-01-29', '09/2013', '426', 'Progress'),
('31134', 'PR014', '2013-01-03', '14400', NULL, 2, '3082', '', '2013-01-18', '08/2013', '424', 'Finish'),
('31268', 'PR016', '2013-01-07', '32895', NULL, 2, '3092', '', '2013-01-18', '09/2013', '425', 'Progress'),
('31245', 'PR014', '2013-01-07', '14400', NULL, 2, '3092', '', '2013-01-18', '09/2013', '423', 'Progress'),
('31244', 'PR014', '2013-01-07', '14400', NULL, 2, '3092', '', '2013-01-18', '09/2013', '423', 'Finish'),
('31137', 'PR050', '2013-01-03', '21000', NULL, 2, '3052', '', '2013-01-18', '05/2013', '425', 'Finish'),
('31138', 'PR050', '2013-01-03', '21000', NULL, 2, '3051', '', '2013-01-18', '05/2013', '425', 'Finish'),
('31139', 'PR051', '2013-01-03', '21000', NULL, 2, '3051', 'Export singapore', '2013-01-18', '05/2013', '425', 'Finish'),
('31261', 'PR037', '2013-01-07', '17500', NULL, 2, '3092', '', '2013-01-10', '09/2013', '424', 'Finish'),
('31260', 'PR037', '2013-01-07', '17500', NULL, 2, '3092', '', '2013-01-10', '09/2013', '424', 'Finish'),
('33120', 'PR014', '2013-02-22', '14400', NULL, 2, '3161', '', '2013-02-28', '16/2013', '424', 'Progress'),
('33122', 'PR002', '2013-02-22', '14400', NULL, 2, '3161', '', '2013-02-28', '16/2013', '424', 'Progress'),
('30493', 'PR014', '2013-01-01', '14400', NULL, 2, '3061', '', '2013-01-01', '06/2013', '424', 'Finish'),
('30552', 'PR045', '2012-12-01', '19500', '', 2, '2461', 'BELUM ADA PO ASLI', '2012-12-01', '09/2013', '426', 'Progress'),
('32806', 'PR004', '2013-03-01', '8300', NULL, 2, '3142', '', '2013-03-01', '14/2013', '426', 'Progress'),
('32807', 'PR004', '2013-03-01', '8300', '', 2, '3142', 'BELUM ADA PO ASLI', '2013-03-01', '14/2013', '426', 'Progress');

-- --------------------------------------------------------

--
-- Struktur dari tabel `po_detail`
--

CREATE TABLE IF NOT EXISTS `po_detail` (
  `po_no` char(6) NOT NULL,
  `size` int(11) default NULL,
  `qty_po` int(11) default NULL,
  `ukuran_id` int(11) NOT NULL auto_increment,
  PRIMARY KEY  (`ukuran_id`)
) ENGINE=MyISAM  DEFAULT CHARSET=latin1 AUTO_INCREMENT=1290 ;

--
-- Dumping data untuk tabel `po_detail`
--

INSERT INTO `po_detail` (`po_no`, `size`, `qty_po`, `ukuran_id`) VALUES
('9176', 5, 175, 3),
('9176', 6, 400, 4),
('9176', 7, 600, 5),
('9176', 8, 350, 6),
('9176', 9, 300, 7),
('9176', 10, 175, 8),
('11426', 5, 105, 9),
('11426', 6, 300, 10),
('11426', 7, 525, 11),
('11426', 8, 390, 12),
('11426', 9, 105, 13),
('11426', 10, 75, 14),
('11427', 5, 105, 15),
('11427', 6, 300, 16),
('11427', 7, 525, 17),
('11427', 8, 390, 18),
('11427', 9, 105, 19),
('11427', 10, 75, 20),
('11432', 5, 140, 21),
('11432', 6, 400, 22),
('11432', 7, 700, 23),
('11432', 8, 520, 24),
('11432', 9, 140, 25),
('11432', 10, 100, 26),
('11603', 5, 100, 27),
('11603', 6, 250, 28),
('11603', 7, 350, 29),
('11603', 8, 250, 30),
('11603', 9, 100, 31),
('11603', 10, 100, 32),
('11603', 11, 50, 33),
('11604', 5, 100, 34),
('11604', 6, 250, 35),
('11604', 7, 350, 36),
('11604', 8, 250, 37),
('11604', 9, 100, 38),
('11604', 10, 100, 39),
('11604', 11, 50, 40),
('11663', 5, 150, 41),
('11663', 6, 300, 42),
('11663', 7, 470, 43),
('11663', 8, 300, 44),
('11663', 9, 150, 45),
('11663', 10, 130, 46),
('11675', 5, 60, 47),
('11675', 6, 80, 48),
('11675', 7, 120, 49),
('11675', 8, 80, 50),
('11675', 9, 60, 51),
('11676', 5, 60, 52),
('11676', 6, 80, 53),
('11676', 7, 120, 54),
('11676', 8, 80, 55),
('11676', 9, 60, 56),
('11967', 5, 50, 57),
('11967', 6, 300, 58),
('11967', 7, 300, 59),
('11967', 8, 650, 60),
('11967', 9, 380, 61),
('11967', 10, 320, 62),
('11990', 5, 75, 63),
('11990', 6, 175, 64),
('11990', 7, 225, 65),
('11990', 8, 375, 66),
('11990', 9, 225, 67),
('11990', 10, 175, 68),
('11991', 5, 75, 69),
('11991', 6, 175, 70),
('11991', 7, 225, 71),
('11991', 8, 375, 72),
('11991', 9, 225, 73),
('11991', 10, 175, 74),
('11999', 5, 250, 75),
('11999', 6, 300, 76),
('11999', 7, 650, 77),
('11999', 8, 700, 78),
('11999', 9, 100, 79),
('12441', 5, 90, 80),
('12441', 6, 125, 81),
('12441', 7, 275, 82),
('12441', 8, 250, 83),
('12441', 9, 160, 84),
('12441', 10, 100, 85),
('12443', 5, 90, 86),
('12443', 6, 125, 87),
('12443', 7, 275, 88),
('12443', 8, 250, 89),
('12443', 9, 160, 90),
('12443', 10, 100, 91),
('12514', 5, 120, 92),
('12514', 6, 220, 93),
('12514', 7, 320, 94),
('12514', 8, 220, 95),
('12514', 9, 120, 96),
('12515', 5, 120, 97),
('12515', 6, 220, 98),
('12515', 7, 320, 99),
('12515', 8, 220, 100),
('12515', 9, 120, 101),
('12733', 6, 46, 102),
('12733', 7, 102, 103),
('12733', 8, 155, 104),
('12733', 9, 136, 105),
('12733', 10, 81, 106),
('12733', 11, 45, 107),
('12734', 6, 82, 108),
('12734', 7, 147, 109),
('12734', 8, 204, 110),
('12734', 9, 179, 111),
('12734', 10, 116, 112),
('12734', 11, 63, 113),
('13379', 5, 50, 114),
('13379', 6, 450, 115),
('13379', 7, 600, 116),
('13379', 8, 100, 117),
('13379', 9, 250, 118),
('13379', 10, 50, 119),
('13660', 5, 100, 120),
('13660', 6, 275, 121),
('13660', 7, 425, 122),
('13660', 8, 275, 123),
('13660', 9, 150, 124),
('13660', 10, 25, 125),
('13662', 5, 100, 126),
('13662', 6, 275, 127),
('13662', 7, 425, 128),
('13662', 8, 275, 129),
('13662', 9, 150, 130),
('13662', 10, 25, 131),
('13663', 5, 80, 132),
('13663', 6, 130, 133),
('13663', 7, 180, 134),
('13663', 8, 130, 135),
('13663', 9, 80, 136),
('13766', 7, 200, 137),
('13766', 8, 280, 138),
('13766', 9, 100, 139),
('13766', 10, 120, 140),
('13766', 11, 100, 141),
('14081', 5, 300, 142),
('14081', 6, 375, 143),
('14081', 7, 500, 144),
('14081', 8, 175, 145),
('14081', 9, 50, 146),
('14081', 10, 25, 147),
('14083', 5, 300, 148),
('14083', 6, 375, 149),
('14083', 7, 500, 150),
('14083', 8, 175, 151),
('14083', 9, 50, 152),
('14083', 10, 25, 153),
('14084', 5, 40, 154),
('14084', 6, 90, 155),
('14084', 7, 140, 156),
('14084', 8, 90, 157),
('14084', 9, 40, 158),
('14477', 5, 200, 159),
('14477', 6, 380, 160),
('14477', 7, 580, 161),
('14477', 8, 460, 162),
('14477', 9, 220, 163),
('14477', 10, 160, 164),
('14478', 5, 200, 165),
('14478', 6, 380, 166),
('14478', 7, 580, 167),
('14478', 8, 460, 168),
('14478', 9, 220, 169),
('14478', 10, 160, 170),
('14479', 5, 100, 171),
('14479', 6, 190, 172),
('14479', 7, 290, 173),
('14479', 8, 230, 174),
('14479', 9, 110, 175),
('14479', 10, 80, 176),
('14921', 5, 160, 177),
('14921', 6, 340, 178),
('14921', 7, 640, 179),
('14921', 8, 560, 180),
('14921', 9, 200, 181),
('14921', 10, 100, 182),
('14922', 5, 160, 183),
('14922', 6, 340, 184),
('14922', 7, 640, 185),
('14922', 8, 560, 186),
('14922', 9, 200, 187),
('14922', 10, 100, 188),
('14923', 5, 80, 189),
('14923', 6, 170, 190),
('14923', 7, 320, 191),
('14923', 8, 280, 192),
('14923', 9, 100, 193),
('14923', 10, 50, 194),
('15172', 5, 150, 195),
('15172', 6, 50, 196),
('15172', 7, 650, 197),
('15172', 8, 600, 198),
('15172', 9, 25, 199),
('15172', 10, 25, 200),
('15173', 5, 150, 201),
('15173', 6, 50, 202),
('15173', 7, 650, 203),
('15173', 8, 600, 204),
('15173', 9, 25, 205),
('15173', 10, 25, 206),
('15287', 4, 200, 207),
('15287', 5, 850, 208),
('15287', 6, 900, 209),
('15287', 7, 50, 210),
('15288', 3, 50, 211),
('15288', 4, 250, 212),
('15288', 5, 900, 213),
('15288', 6, 700, 214),
('15288', 7, 100, 215),
('15796', 5, 60, 216),
('15796', 6, 400, 217),
('15796', 7, 570, 218),
('15796', 8, 540, 219),
('15796', 9, 285, 220),
('15796', 10, 145, 221),
('15798', 5, 40, 222),
('15798', 6, 300, 223),
('15798', 7, 430, 224),
('15798', 8, 410, 225),
('15798', 9, 215, 226),
('15798', 10, 105, 227),
('15811', 5, 150, 228),
('15811', 6, 275, 229),
('15811', 7, 450, 230),
('15811', 8, 350, 231),
('15811', 9, 175, 232),
('15811', 10, 100, 233),
('15976', 6, 22, 234),
('15976', 7, 63, 235),
('15976', 8, 103, 236),
('15976', 9, 94, 237),
('15976', 10, 73, 238),
('15976', 11, 43, 239),
('15977', 6, 43, 240),
('15977', 7, 84, 241),
('15977', 8, 124, 242),
('15977', 9, 106, 243),
('15977', 10, 64, 244),
('15977', 11, 45, 245),
('16116', 5, 100, 246),
('16116', 6, 185, 247),
('16116', 7, 300, 248),
('16116', 8, 230, 249),
('16116', 9, 115, 250),
('16116', 10, 70, 251),
('16118', 5, 50, 252),
('16118', 6, 90, 253),
('16118', 7, 150, 254),
('16118', 8, 120, 255),
('16118', 9, 60, 256),
('16118', 10, 30, 257),
('16122', 5, 60, 258),
('16122', 6, 400, 259),
('16122', 7, 570, 260),
('16122', 8, 545, 261),
('16122', 9, 285, 262),
('16122', 10, 140, 263),
('16124', 5, 40, 264),
('16124', 6, 300, 265),
('16124', 7, 430, 266),
('16124', 8, 405, 267),
('16124', 9, 215, 268),
('16124', 10, 110, 269),
('16403', 5, 160, 270),
('16403', 6, 400, 271),
('16403', 7, 640, 272),
('16403', 8, 480, 273),
('16403', 9, 240, 274),
('16403', 10, 80, 275),
('16404', 5, 80, 276),
('16404', 6, 200, 277),
('16404', 7, 320, 278),
('16404', 8, 240, 279),
('16404', 9, 120, 280),
('16404', 10, 40, 281),
('16597', 5, 125, 282),
('16597', 6, 375, 283),
('16597', 7, 940, 284),
('16597', 8, 250, 285),
('16597', 9, 250, 286),
('16597', 10, 60, 287),
('16598', 5, 75, 288),
('16598', 6, 225, 289),
('16598', 7, 560, 290),
('16598', 8, 150, 291),
('16598', 9, 150, 292),
('16598', 10, 40, 293),
('17044', 5, 150, 294),
('17044', 6, 250, 295),
('17044', 7, 375, 296),
('17044', 8, 400, 297),
('17044', 9, 150, 298),
('17044', 10, 175, 299),
('17045', 5, 150, 300),
('17045', 6, 250, 301),
('17045', 7, 375, 302),
('17045', 8, 400, 303),
('17045', 9, 150, 304),
('17045', 10, 175, 305),
('17152', 5, 100, 306),
('17152', 6, 300, 307),
('17152', 7, 150, 308),
('17152', 8, 200, 309),
('17152', 9, 200, 310),
('17152', 10, 50, 311),
('17618', 3, 50, 312),
('17618', 4, 370, 313),
('17618', 5, 700, 314),
('17618', 6, 680, 315),
('17618', 7, 200, 316),
('17935', 5, 100, 317),
('17935', 6, 450, 318),
('17935', 7, 700, 319),
('17935', 8, 500, 320),
('17935', 9, 200, 321),
('17935', 10, 50, 322),
('17993', 6, 100, 323),
('17993', 7, 200, 324),
('17993', 8, 300, 325),
('17993', 9, 250, 326),
('17993', 10, 100, 327),
('17993', 11, 50, 328),
('17994', 6, 100, 329),
('17994', 7, 200, 330),
('17994', 8, 300, 331),
('17994', 9, 250, 332),
('17994', 10, 100, 333),
('17994', 11, 50, 334),
('18015', 6, 100, 335),
('18015', 7, 200, 336),
('18015', 8, 300, 337),
('18015', 9, 250, 338),
('18015', 10, 100, 339),
('18015', 11, 50, 340),
('18016', 6, 100, 341),
('18016', 7, 200, 342),
('18016', 8, 300, 343),
('18016', 9, 250, 344),
('18016', 10, 100, 345),
('18016', 11, 50, 346),
('18043', 5, 100, 347),
('18043', 6, 225, 348),
('18043', 7, 375, 349),
('18043', 8, 325, 350),
('18043', 9, 125, 351),
('18043', 10, 100, 352),
('18044', 5, 100, 353),
('18044', 6, 225, 354),
('18044', 7, 375, 355),
('18044', 8, 325, 356),
('18044', 9, 125, 357),
('18044', 10, 100, 358),
('18094', 5, 135, 359),
('18094', 6, 335, 360),
('18094', 7, 800, 361),
('18094', 8, 530, 362),
('18094', 9, 130, 363),
('18094', 10, 70, 364),
('18095', 5, 65, 365),
('18095', 6, 165, 366),
('18095', 7, 400, 367),
('18095', 8, 270, 368),
('18095', 9, 70, 369),
('18095', 10, 30, 370),
('18197', 5, 150, 371),
('18197', 6, 300, 372),
('18197', 7, 550, 373),
('18197', 8, 425, 374),
('18197', 9, 200, 375),
('18197', 10, 125, 376),
('18198', 5, 150, 377),
('18198', 6, 300, 378),
('18198', 7, 550, 379),
('18198', 8, 425, 380),
('18198', 9, 200, 381),
('18198', 10, 125, 382),
('18299', 5, 200, 383),
('18299', 6, 350, 384),
('18299', 7, 650, 385),
('18299', 8, 450, 386),
('18299', 9, 250, 387),
('18299', 10, 100, 388),
('18464', 5, 100, 389),
('18464', 6, 225, 390),
('18464', 7, 375, 391),
('18464', 8, 325, 392),
('18464', 9, 125, 393),
('18464', 10, 100, 394),
('18465', 5, 100, 395),
('18465', 6, 225, 396),
('18465', 7, 375, 397),
('18465', 8, 325, 398),
('18465', 9, 125, 399),
('18465', 10, 100, 400),
('18577', 5, 120, 401),
('18577', 6, 300, 402),
('18577', 7, 480, 403),
('18577', 8, 360, 404),
('18577', 9, 180, 405),
('18577', 10, 60, 406),
('18578', 5, 120, 407),
('18578', 6, 300, 408),
('18578', 7, 480, 409),
('18578', 8, 360, 410),
('18578', 9, 180, 411),
('18578', 10, 60, 412),
('18581', 5, 100, 413),
('18581', 6, 175, 414),
('18581', 7, 325, 415),
('18581', 8, 225, 416),
('18581', 9, 125, 417),
('18581', 10, 50, 418),
('18583', 5, 100, 419),
('18583', 6, 175, 420),
('18583', 7, 325, 421),
('18583', 8, 225, 422),
('18583', 9, 125, 423),
('18583', 10, 50, 424),
('18671', 6, 20, 425),
('18671', 7, 40, 426),
('18671', 8, 60, 427),
('18671', 9, 60, 428),
('18671', 10, 60, 429),
('18920', 5, 100, 430),
('18920', 6, 225, 431),
('18920', 7, 375, 432),
('18920', 8, 325, 433),
('18920', 9, 125, 434),
('18920', 10, 100, 435),
('18921', 5, 100, 436),
('18921', 6, 225, 437),
('18921', 7, 375, 438),
('18921', 8, 325, 439),
('18921', 9, 125, 440),
('18921', 10, 100, 441),
('18986', 5, 70, 442),
('18986', 6, 365, 443),
('18986', 7, 400, 444),
('18986', 8, 500, 445),
('18986', 9, 465, 446),
('18986', 10, 200, 447),
('18987', 5, 30, 448),
('18987', 6, 185, 449),
('18987', 7, 200, 450),
('18987', 8, 250, 451),
('18987', 9, 235, 452),
('18987', 10, 100, 453),
('18988', 5, 40, 454),
('18988', 6, 100, 455),
('18988', 7, 150, 456),
('18988', 8, 150, 457),
('18988', 9, 60, 458),
('18989', 5, 160, 459),
('18989', 6, 400, 460),
('18989', 7, 640, 461),
('18989', 8, 480, 462),
('18989', 9, 240, 463),
('18989', 10, 80, 464),
('18990', 5, 160, 465),
('18990', 6, 400, 466),
('18990', 7, 640, 467),
('18990', 8, 480, 468),
('18990', 9, 240, 469),
('18990', 10, 80, 470),
('18991', 5, 45, 471),
('18991', 6, 90, 472),
('18991', 7, 150, 473),
('18991', 8, 150, 474),
('18991', 9, 65, 475),
('19633', 5, 200, 476),
('19633', 6, 265, 477),
('19633', 7, 530, 478),
('19633', 8, 800, 479),
('19633', 9, 135, 480),
('19633', 10, 70, 481),
('19627', 3, 25, 482),
('19627', 4, 50, 483),
('19627', 5, 750, 484),
('19627', 6, 500, 485),
('19627', 7, 175, 486),
('19626', 3, 25, 487),
('19626', 4, 50, 488),
('19626', 5, 750, 489),
('19626', 6, 500, 490),
('19626', 7, 175, 491),
('19632', 5, 100, 492),
('19632', 6, 135, 493),
('19632', 7, 270, 494),
('19632', 8, 400, 495),
('19632', 9, 65, 496),
('19632', 10, 30, 497),
('20219', 5, 50, 498),
('20219', 6, 70, 499),
('20219', 7, 80, 500),
('20219', 8, 80, 501),
('20219', 9, 20, 502),
('20220', 5, 50, 503),
('20220', 6, 70, 504),
('20220', 7, 80, 505),
('20220', 8, 80, 506),
('20220', 9, 20, 507),
('20218', 5, 50, 508),
('20218', 6, 70, 509),
('20218', 7, 80, 510),
('20218', 8, 80, 511),
('20218', 9, 20, 512),
('20163', 5, 100, 513),
('20163', 6, 150, 514),
('20163', 7, 300, 515),
('20163', 8, 250, 516),
('20163', 9, 125, 517),
('20163', 10, 75, 518),
('20162', 5, 100, 519),
('20162', 6, 150, 520),
('20162', 7, 300, 521),
('20162', 8, 250, 522),
('20162', 9, 125, 523),
('20162', 10, 75, 524),
('20609', 5, 150, 525),
('20609', 6, 200, 526),
('20609', 7, 450, 527),
('20609', 8, 250, 528),
('20609', 9, 100, 529),
('20609', 10, 100, 530),
('20610', 5, 150, 531),
('20610', 6, 200, 532),
('20610', 7, 450, 533),
('20610', 8, 250, 534),
('20610', 9, 100, 535),
('20610', 10, 100, 536),
('20611', 5, 100, 537),
('20611', 6, 200, 538),
('20611', 7, 250, 539),
('20611', 8, 600, 540),
('20611', 9, 150, 541),
('20611', 10, 200, 542),
('20612', 5, 100, 543),
('20612', 6, 200, 544),
('20612', 7, 250, 545),
('20612', 8, 600, 546),
('20612', 9, 150, 547),
('20612', 10, 200, 548),
('20967', 5, 125, 549),
('20967', 6, 175, 550),
('20967', 7, 375, 551),
('20967', 8, 425, 552),
('20967', 9, 75, 553),
('20967', 10, 75, 554),
('20969', 5, 125, 555),
('20969', 6, 175, 556),
('20969', 7, 375, 557),
('20969', 8, 425, 558),
('20969', 9, 75, 559),
('20969', 10, 75, 560),
('20966', 3, 25, 561),
('20966', 4, 150, 562),
('20966', 5, 825, 563),
('20966', 6, 975, 564),
('20966', 7, 25, 565),
('20965', 3, 25, 566),
('20965', 4, 150, 567),
('20965', 5, 825, 568),
('20965', 6, 975, 569),
('20965', 7, 25, 570),
('20970', 5, 200, 571),
('20970', 6, 250, 572),
('20970', 7, 700, 573),
('20970', 8, 700, 574),
('20970', 9, 50, 575),
('20970', 10, 100, 576),
('20972', 5, 100, 577),
('20972', 6, 300, 578),
('20972', 7, 600, 579),
('20972', 8, 350, 580),
('20972', 9, 150, 581),
('21296', 6, 160, 582),
('21296', 7, 320, 583),
('21296', 8, 240, 584),
('21296', 9, 80, 585),
('21799', 5, 80, 586),
('21799', 6, 180, 587),
('21799', 7, 300, 588),
('21799', 8, 260, 589),
('21799', 9, 100, 590),
('21799', 10, 80, 591),
('21924', 5, 60, 592),
('21924', 6, 200, 593),
('21924', 7, 260, 594),
('21924', 8, 200, 595),
('21924', 9, 80, 596),
('21923', 5, 60, 597),
('21923', 6, 200, 598),
('21923', 7, 260, 599),
('21923', 8, 200, 600),
('21923', 9, 80, 601),
('21798', 5, 80, 602),
('21798', 6, 180, 603),
('21798', 7, 300, 604),
('21798', 8, 260, 605),
('21798', 9, 100, 606),
('21798', 10, 80, 607),
('22119', 4, 250, 608),
('22119', 5, 550, 609),
('22119', 6, 600, 610),
('22119', 7, 100, 611),
('22117', 4, 250, 612),
('22117', 5, 550, 613),
('22117', 6, 600, 614),
('22117', 7, 100, 615),
('22277', 6, 115, 616),
('22277', 7, 185, 617),
('22277', 8, 190, 618),
('22277', 9, 145, 619),
('22277', 10, 75, 620),
('22277', 11, 90, 621),
('22204', 5, 100, 622),
('22204', 6, 225, 623),
('22204', 7, 375, 624),
('22204', 8, 325, 625),
('22204', 9, 125, 626),
('22204', 10, 100, 627),
('22203', 5, 100, 628),
('22203', 6, 225, 629),
('22203', 7, 375, 630),
('22203', 8, 325, 631),
('22203', 9, 125, 632),
('22203', 10, 100, 633),
('22206', 5, 100, 634),
('22206', 6, 225, 635),
('22206', 7, 375, 636),
('22206', 8, 325, 637),
('22206', 9, 125, 638),
('22206', 10, 100, 639),
('22207', 5, 100, 640),
('22207', 6, 225, 641),
('22207', 7, 375, 642),
('22207', 8, 325, 643),
('22207', 9, 125, 644),
('22207', 10, 100, 645),
('22279', 6, 115, 646),
('22279', 7, 185, 647),
('22279', 8, 190, 648),
('22279', 9, 145, 649),
('22279', 10, 75, 650),
('22279', 11, 90, 651),
('22416', 6, 550, 652),
('22416', 7, 600, 653),
('22416', 8, 700, 654),
('22416', 9, 150, 655),
('22407', 6, 21, 656),
('22407', 7, 42, 657),
('22407', 8, 105, 658),
('22407', 9, 84, 659),
('22407', 10, 42, 660),
('22407', 11, 21, 661),
('22406', 6, 21, 662),
('22406', 7, 42, 663),
('22406', 8, 105, 664),
('22406', 9, 84, 665),
('22406', 10, 42, 666),
('22406', 11, 21, 667),
('22841', 5, 80, 668),
('22841', 6, 200, 669),
('22841', 7, 300, 670),
('22841', 8, 240, 671),
('22841', 9, 120, 672),
('22841', 10, 60, 673),
('22842', 5, 160, 674),
('22842', 6, 400, 675),
('22842', 7, 600, 676),
('22842', 8, 480, 677),
('22842', 9, 240, 678),
('22842', 10, 120, 679),
('22843', 5, 160, 680),
('22843', 6, 400, 681),
('22843', 7, 600, 682),
('22843', 8, 480, 683),
('22843', 9, 240, 684),
('22843', 10, 120, 685),
('22625', 6, 119, 686),
('22625', 7, 344, 687),
('22625', 8, 516, 688),
('22625', 9, 516, 689),
('22625', 10, 344, 690),
('22625', 11, 119, 691),
('22624', 6, 109, 692),
('22624', 7, 316, 693),
('22624', 8, 474, 694),
('22624', 9, 474, 695),
('22624', 10, 316, 696),
('22624', 11, 109, 697),
('23231', 5, 115, 698),
('23231', 6, 300, 699),
('23231', 7, 470, 700),
('23231', 8, 365, 701),
('23231', 9, 170, 702),
('23231', 10, 80, 703),
('23230', 5, 115, 704),
('23230', 6, 300, 705),
('23230', 7, 470, 706),
('23230', 8, 365, 707),
('23230', 9, 170, 708),
('23230', 10, 80, 709),
('23233', 5, 120, 710),
('23233', 6, 300, 711),
('23233', 7, 460, 712),
('23233', 8, 370, 713),
('23233', 9, 160, 714),
('23233', 10, 90, 715),
('23275', 5, 150, 716),
('23275', 6, 200, 717),
('23275', 7, 750, 718),
('23275', 8, 400, 719),
('23275', 9, 400, 720),
('23275', 10, 100, 721),
('23315', 5, 120, 722),
('23315', 6, 270, 723),
('23315', 7, 350, 724),
('23315', 8, 200, 725),
('23315', 9, 20, 726),
('23315', 10, 40, 727),
('24567', 5, 85, 728),
('24567', 6, 200, 729),
('24567', 7, 365, 730),
('24567', 8, 220, 731),
('24567', 9, 65, 732),
('24567', 10, 65, 733),
('24569', 5, 80, 734),
('24569', 6, 200, 735),
('24569', 7, 370, 736),
('24569', 8, 210, 737),
('24569', 9, 70, 738),
('24569', 10, 70, 739),
('24568', 5, 85, 740),
('24568', 6, 200, 741),
('24568', 7, 365, 742),
('24568', 8, 220, 743),
('24568', 9, 65, 744),
('24568', 10, 65, 745),
('24259', 5, 150, 746),
('24259', 6, 400, 747),
('24259', 7, 600, 748),
('24259', 8, 350, 749),
('24259', 9, 125, 750),
('24259', 10, 125, 751),
('24260', 5, 150, 752),
('24260', 6, 400, 753),
('24260', 7, 600, 754),
('24260', 8, 350, 755),
('24260', 9, 125, 756),
('24260', 10, 125, 757),
('24261', 5, 150, 758),
('24261', 6, 200, 759),
('24261', 7, 700, 760),
('24261', 8, 250, 761),
('24261', 9, 300, 762),
('24274', 5, 20, 763),
('24274', 6, 45, 764),
('24274', 7, 75, 765),
('24274', 8, 65, 766),
('24274', 9, 25, 767),
('24274', 10, 20, 768),
('24270', 5, 120, 769),
('24270', 6, 270, 770),
('24270', 7, 450, 771),
('24270', 8, 390, 772),
('24270', 9, 150, 773),
('24270', 10, 120, 774),
('24271', 5, 120, 775),
('24271', 6, 270, 776),
('24271', 7, 450, 777),
('24271', 8, 390, 778),
('24271', 9, 150, 779),
('24271', 10, 120, 780),
('24536', 5, 95, 781),
('24536', 6, 240, 782),
('24536', 7, 360, 783),
('24536', 8, 290, 784),
('24536', 9, 140, 785),
('24536', 10, 75, 786),
('24535', 5, 145, 787),
('24535', 6, 360, 788),
('24535', 7, 540, 789),
('24535', 8, 430, 790),
('24535', 9, 220, 791),
('24535', 10, 105, 792),
('24759', 6, 66, 793),
('24759', 7, 134, 794),
('24759', 8, 199, 795),
('24759', 9, 199, 796),
('24759', 10, 133, 797),
('24759', 11, 76, 798),
('24757', 6, 52, 799),
('24757', 7, 122, 800),
('24757', 8, 189, 801),
('24757', 9, 190, 802),
('24757', 10, 103, 803),
('24757', 11, 55, 804),
('24845', 6, 108, 805),
('24845', 7, 234, 806),
('24845', 8, 326, 807),
('24845', 9, 325, 808),
('24845', 10, 193, 809),
('24845', 11, 104, 810),
('23582', 5, 80, 811),
('23582', 6, 140, 812),
('23582', 7, 160, 813),
('23582', 8, 140, 814),
('23582', 9, 80, 815),
('25075', 5, 60, 816),
('25075', 6, 80, 817),
('25075', 7, 120, 818),
('25075', 8, 80, 819),
('25075', 9, 60, 820),
('25248', 4, 40, 821),
('25248', 5, 80, 822),
('25248', 6, 80, 823),
('25248', 7, 40, 824),
('25249', 6, 34, 825),
('25249', 7, 34, 826),
('25249', 8, 34, 827),
('25249', 9, 17, 828),
('25249', 10, 17, 829),
('25249', 11, 17, 830),
('25245', 6, 40, 831),
('25245', 7, 80, 832),
('25245', 8, 80, 833),
('25245', 9, 40, 834),
('25250', 6, 16, 835),
('25250', 7, 22, 836),
('25250', 8, 27, 837),
('25250', 9, 23, 838),
('25250', 10, 10, 839),
('25250', 11, 10, 840),
('25246', 6, 30, 841),
('25246', 7, 30, 842),
('25246', 8, 30, 843),
('25246', 9, 15, 844),
('25246', 10, 15, 845),
('25246', 11, 15, 846),
('25118', 6, 46, 847),
('25118', 7, 122, 848),
('25118', 8, 170, 849),
('25118', 9, 172, 850),
('25118', 10, 103, 851),
('25118', 11, 50, 852),
('25247', 6, 16, 853),
('25247', 7, 22, 854),
('25247', 8, 27, 855),
('25247', 9, 23, 856),
('25247', 10, 10, 857),
('25247', 11, 10, 858),
('25482', 5, 125, 859),
('25482', 6, 100, 860),
('25482', 7, 375, 861),
('25482', 8, 375, 862),
('25482', 9, 200, 863),
('25482', 10, 75, 864),
('25417', 5, 60, 865),
('25417', 6, 80, 866),
('25417', 7, 120, 867),
('25417', 8, 80, 868),
('25417', 9, 60, 869),
('25486', 5, 60, 870),
('25486', 6, 350, 871),
('25486', 7, 200, 872),
('25486', 8, 550, 873),
('25486', 9, 110, 874),
('25486', 10, 80, 875),
('25485', 5, 125, 876),
('25485', 6, 100, 877),
('25485', 7, 375, 878),
('25485', 8, 375, 879),
('25485', 9, 200, 880),
('25485', 10, 75, 881),
('23587', 5, 60, 882),
('23587', 6, 80, 883),
('23587', 7, 120, 884),
('23587', 8, 80, 885),
('23587', 9, 60, 886),
('23902', 5, 150, 887),
('23902', 6, 400, 888),
('23902', 7, 700, 889),
('23902', 8, 500, 890),
('23902', 9, 150, 891),
('23902', 10, 100, 892),
('23586', 5, 60, 893),
('23586', 6, 80, 894),
('23586', 7, 120, 895),
('23586', 8, 80, 896),
('23586', 9, 60, 897),
('23271', 5, 80, 898),
('23271', 6, 235, 899),
('23271', 7, 435, 900),
('23271', 8, 295, 901),
('23271', 9, 175, 902),
('23271', 10, 80, 903),
('23270', 5, 120, 904),
('23270', 6, 365, 905),
('23270', 7, 665, 906),
('23270', 8, 455, 907),
('23270', 9, 275, 908),
('23270', 10, 120, 909),
('23269', 5, 55, 910),
('23269', 6, 180, 911),
('23269', 7, 345, 912),
('23269', 8, 230, 913),
('23269', 9, 130, 914),
('23269', 10, 60, 915),
('23268', 5, 115, 916),
('23268', 6, 370, 917),
('23268', 7, 685, 918),
('23268', 8, 470, 919),
('23268', 9, 250, 920),
('23268', 10, 110, 921),
('23581', 5, 80, 922),
('23581', 6, 140, 923),
('23581', 7, 160, 924),
('23581', 8, 140, 925),
('23581', 9, 80, 926),
('25788', 5, 250, 927),
('25788', 6, 500, 928),
('25788', 7, 835, 929),
('25788', 8, 625, 930),
('25788', 9, 290, 931),
('25619', 5, 150, 932),
('25619', 6, 200, 933),
('25619', 7, 600, 934),
('25619', 8, 650, 935),
('25619', 9, 300, 936),
('25619', 10, 100, 937),
('25618', 5, 150, 938),
('25618', 6, 500, 939),
('25618', 7, 400, 940),
('25618', 8, 450, 941),
('25618', 9, 100, 942),
('25618', 10, 150, 943),
('25787', 5, 50, 944),
('25787', 6, 100, 945),
('25787', 7, 165, 946),
('25787', 8, 125, 947),
('25787', 9, 60, 948),
('26028', 5, 60, 949),
('26028', 6, 80, 950),
('26028', 7, 120, 951),
('26028', 8, 80, 952),
('26028', 9, 60, 953),
('26009', 5, 50, 954),
('26009', 6, 50, 955),
('26009', 7, 225, 956),
('26009', 8, 500, 957),
('26009', 9, 125, 958),
('26009', 10, 150, 959),
('26013', 5, 50, 960),
('26013', 6, 50, 961),
('26013', 7, 225, 962),
('26013', 8, 500, 963),
('26013', 9, 125, 964),
('26013', 10, 150, 965),
('26030', 5, 60, 966),
('26030', 6, 80, 967),
('26030', 7, 120, 968),
('26030', 8, 80, 969),
('26030', 9, 60, 970),
('26632', 5, 125, 971),
('26632', 6, 300, 972),
('26632', 7, 500, 973),
('26632', 8, 225, 974),
('26632', 9, 75, 975),
('26632', 10, 25, 976),
('26631', 5, 125, 977),
('26631', 6, 300, 978),
('26631', 7, 500, 979),
('26631', 8, 225, 980),
('26631', 9, 75, 981),
('26631', 10, 25, 982),
('26548', 6, 67, 983),
('26548', 7, 134, 984),
('26548', 8, 335, 985),
('26548', 9, 268, 986),
('26548', 10, 134, 987),
('26548', 11, 67, 988),
('26547', 6, 40, 989),
('26547', 7, 80, 990),
('26547', 8, 200, 991),
('26547', 9, 160, 992),
('26547', 10, 80, 993),
('26547', 11, 40, 994),
('26636', 5, 125, 995),
('26636', 6, 40, 996),
('26636', 7, 125, 997),
('26636', 8, 160, 998),
('26636', 9, 50, 999),
('26635', 5, 125, 1000),
('26635', 6, 40, 1001),
('26635', 7, 125, 1002),
('26635', 8, 160, 1003),
('26635', 9, 50, 1004),
('26634', 5, 125, 1005),
('26634', 6, 40, 1006),
('26634', 7, 125, 1007),
('26634', 8, 160, 1008),
('26634', 9, 50, 1009),
('26633', 5, 125, 1010),
('26633', 6, 30, 1011),
('26633', 7, 125, 1012),
('26633', 8, 170, 1013),
('26633', 9, 50, 1014),
('26887', 5, 60, 1015),
('26887', 6, 80, 1016),
('26887', 7, 120, 1017),
('26887', 8, 80, 1018),
('26887', 9, 60, 1019),
('26888', 5, 60, 1020),
('26888', 6, 80, 1021),
('26888', 7, 120, 1022),
('26888', 8, 80, 1023),
('26888', 9, 60, 1024),
('26316', 5, 150, 1025),
('26316', 6, 400, 1026),
('26316', 7, 900, 1027),
('26316', 8, 300, 1028),
('26316', 9, 150, 1029),
('26316', 10, 100, 1030),
('27365', 5, 180, 1031),
('27365', 6, 325, 1032),
('27365', 7, 685, 1033),
('27365', 8, 430, 1034),
('27365', 9, 110, 1035),
('27365', 10, 70, 1036),
('27366', 5, 70, 1037),
('27366', 6, 125, 1038),
('27366', 7, 265, 1039),
('27366', 8, 170, 1040),
('27366', 9, 40, 1041),
('27366', 10, 30, 1042),
('27782', 5, 225, 1043),
('27782', 6, 475, 1044),
('27782', 7, 650, 1045),
('27782', 8, 400, 1046),
('27782', 9, 175, 1047),
('27782', 10, 75, 1048),
('27799', 5, 225, 1049),
('27799', 6, 475, 1050),
('27799', 7, 650, 1051),
('27799', 8, 400, 1052),
('27799', 9, 175, 1053),
('27799', 10, 75, 1054),
('27778', 5, 85, 1055),
('27778', 6, 75, 1056),
('27778', 7, 130, 1057),
('27778', 8, 100, 1058),
('27778', 9, 60, 1059),
('27778', 10, 50, 1060),
('27779', 5, 85, 1061),
('27779', 6, 75, 1062),
('27779', 7, 130, 1063),
('27779', 8, 100, 1064),
('27779', 9, 60, 1065),
('27779', 10, 50, 1066),
('27780', 5, 330, 1067),
('27780', 6, 300, 1068),
('27780', 7, 540, 1069),
('27780', 8, 450, 1070),
('27780', 9, 230, 1071),
('27780', 10, 150, 1072),
('27776', 5, 50, 1073),
('27776', 6, 125, 1074),
('27776', 7, 600, 1075),
('27776', 8, 500, 1076),
('27776', 9, 50, 1077),
('27776', 10, 25, 1078),
('27777', 5, 50, 1079),
('27777', 6, 125, 1080),
('27777', 7, 600, 1081),
('27777', 8, 500, 1082),
('27777', 9, 50, 1083),
('27777', 10, 25, 1084),
('28201', 6, 250, 1085),
('28201', 7, 1200, 1086),
('28201', 8, 650, 1087),
('28561', 5, 20, 1088),
('28561', 6, 130, 1089),
('28561', 7, 400, 1090),
('28561', 8, 320, 1091),
('28561', 9, 90, 1092),
('28561', 10, 40, 1093),
('28560', 5, 20, 1094),
('28560', 6, 130, 1095),
('28560', 7, 400, 1096),
('28560', 8, 320, 1097),
('28560', 9, 90, 1098),
('28560', 10, 40, 1099),
('28583', 5, 175, 1100),
('28583', 6, 325, 1101),
('28583', 7, 450, 1102),
('28583', 8, 375, 1103),
('28583', 9, 100, 1104),
('28583', 10, 75, 1105),
('29085', 5, 200, 1106),
('29085', 6, 500, 1107),
('29085', 7, 750, 1108),
('29085', 8, 700, 1109),
('29085', 9, 200, 1110),
('29085', 10, 150, 1111),
('29088', 5, 200, 1112),
('29088', 6, 500, 1113),
('29088', 7, 750, 1114),
('29088', 8, 700, 1115),
('29088', 9, 200, 1116),
('29088', 10, 150, 1117),
('28482', 5, 20, 1118),
('28482', 6, 130, 1119),
('28482', 7, 400, 1120),
('28482', 8, 320, 1121),
('28482', 9, 90, 1122),
('28482', 10, 40, 1123),
('28481', 5, 40, 1124),
('28481', 6, 260, 1125),
('28481', 7, 800, 1126),
('28481', 8, 640, 1127),
('28481', 9, 180, 1128),
('28481', 10, 80, 1129),
('28526', 5, 100, 1130),
('28526', 6, 180, 1131),
('28526', 7, 380, 1132),
('28526', 8, 240, 1133),
('28526', 9, 60, 1134),
('28526', 10, 40, 1135),
('28528', 5, 150, 1136),
('28528', 6, 270, 1137),
('28528', 7, 570, 1138),
('28528', 8, 360, 1139),
('28528', 9, 90, 1140),
('28528', 10, 60, 1141),
('28525', 5, 35, 1142),
('28525', 6, 65, 1143),
('28525', 7, 500, 1144),
('28525', 8, 335, 1145),
('28525', 9, 35, 1146),
('28525', 10, 30, 1147),
('28524', 5, 65, 1148),
('28524', 6, 135, 1149),
('28524', 7, 1000, 1150),
('28524', 8, 665, 1151),
('28524', 9, 65, 1152),
('28524', 10, 70, 1153),
('28486', 5, 115, 1154),
('28486', 6, 225, 1155),
('28486', 7, 300, 1156),
('28486', 8, 250, 1157),
('28486', 9, 60, 1158),
('28486', 10, 50, 1159),
('28485', 5, 60, 1160),
('28485', 6, 100, 1161),
('28485', 7, 150, 1162),
('28485', 8, 125, 1163),
('28485', 9, 40, 1164),
('28485', 10, 25, 1165),
('29089', 5, 200, 1166),
('29089', 6, 500, 1167),
('29089', 7, 750, 1168),
('29089', 8, 700, 1169),
('29089', 9, 200, 1170),
('29089', 10, 150, 1171),
('31132', 5, 30, 1172),
('31132', 6, 170, 1173),
('31132', 7, 270, 1174),
('31132', 8, 600, 1175),
('31132', 9, 450, 1176),
('31132', 10, 280, 1177),
('30521', 5, 30, 1178),
('30521', 6, 150, 1179),
('30521', 7, 150, 1180),
('30521', 8, 195, 1181),
('30521', 9, 450, 1182),
('30521', 10, 280, 1183),
('31704', 5, 90, 1184),
('31704', 6, 130, 1185),
('31704', 7, 150, 1186),
('31704', 8, 140, 1187),
('31704', 9, 90, 1188),
('31642', 5, 80, 1189),
('31642', 6, 130, 1190),
('31642', 7, 160, 1191),
('31642', 8, 150, 1192),
('31642', 9, 80, 1193),
('31857', 5, 200, 1194),
('31857', 6, 480, 1195),
('31857', 7, 720, 1196),
('31857', 8, 550, 1197),
('31857', 9, 275, 1198),
('31857', 10, 175, 1199),
('31856', 5, 100, 1200),
('31856', 6, 220, 1201),
('31856', 7, 330, 1202),
('31856', 8, 250, 1203),
('31856', 9, 125, 1204),
('31856', 10, 75, 1205),
('31134', 5, 20, 1206),
('31134', 6, 80, 1207),
('31134', 7, 130, 1208),
('31134', 8, 300, 1209),
('31134', 9, 200, 1210),
('31134', 10, 120, 1211),
('31268', 5, 300, 1212),
('31268', 6, 600, 1213),
('31268', 7, 800, 1214),
('31268', 8, 500, 1215),
('31245', 5, 20, 1216),
('31245', 6, 120, 1217),
('31245', 7, 300, 1218),
('31245', 8, 400, 1219),
('31245', 9, 220, 1220),
('31245', 10, 140, 1221),
('31244', 5, 30, 1222),
('31244', 6, 180, 1223),
('31244', 7, 450, 1224),
('31244', 8, 600, 1225),
('31244', 9, 330, 1226),
('31244', 10, 210, 1227),
('31137', 5, 167, 1228),
('31137', 6, 281, 1229),
('31137', 7, 499, 1230),
('31137', 8, 676, 1231),
('31137', 9, 519, 1232),
('31137', 10, 258, 1233),
('31137', 11, 68, 1234),
('31138', 5, 41, 1235),
('31138', 6, 63, 1236),
('31138', 7, 108, 1237),
('31138', 8, 149, 1238),
('31138', 9, 108, 1239),
('31138', 10, 52, 1240),
('31138', 11, 11, 1241),
('31139', 6, 75, 1242),
('31139', 7, 115, 1243),
('31139', 8, 125, 1244),
('31139', 9, 95, 1245),
('31139', 10, 50, 1246),
('31139', 11, 40, 1247),
('31261', 5, 90, 1248),
('31261', 6, 180, 1249),
('31261', 7, 540, 1250),
('31261', 8, 360, 1251),
('31261', 9, 450, 1252),
('31261', 10, 180, 1253),
('31260', 5, 10, 1254),
('31260', 6, 20, 1255),
('31260', 7, 60, 1256),
('31260', 8, 40, 1257),
('31260', 9, 50, 1258),
('31260', 10, 20, 1259),
('33120', 5, 80, 1260),
('33120', 6, 130, 1261),
('33120', 7, 160, 1262),
('33120', 8, 150, 1263),
('33120', 9, 80, 1264),
('33122', 5, 90, 1265),
('33122', 6, 130, 1266),
('33122', 7, 150, 1267),
('33122', 8, 140, 1268),
('33122', 9, 90, 1269),
('30493', 5, 135, 1270),
('30493', 6, 600, 1271),
('30493', 7, 500, 1272),
('30493', 8, 600, 1273),
('30493', 9, 135, 1274),
('30493', 10, 30, 1275),
('30552', 5, 150, 1276),
('30552', 6, 412, 1277),
('30552', 7, 615, 1278),
('30552', 8, 600, 1279),
('30552', 9, 237, 1280),
('30552', 10, 162, 1281),
('32806', 5, 190, 1282),
('32806', 6, 300, 1283),
('32806', 7, 80, 1284),
('32806', 8, 300, 1285),
('32806', 9, 130, 1286),
('32807', 7, 80, 1287),
('32807', 8, 290, 1288),
('32807', 9, 130, 1289);

-- --------------------------------------------------------

--
-- Struktur dari tabel `sementara`
--

CREATE TABLE IF NOT EXISTS `sementara` (
  `kode_barang` varchar(10) NOT NULL,
  `qty_sementara` float default NULL,
  `satuan_sementara` varchar(10) default NULL,
  `price_sementara` int(11) default NULL,
  PRIMARY KEY  (`kode_barang`)
) ENGINE=MyISAM DEFAULT CHARSET=latin1;

--
-- Dumping data untuk tabel `sementara`
--


-- --------------------------------------------------------

--
-- Struktur dari tabel `sepatu`
--

CREATE TABLE IF NOT EXISTS `sepatu` (
  `product_no` varchar(10) NOT NULL,
  `article` varchar(10) default NULL,
  `project` varchar(50) default NULL,
  `singkatan` varchar(5) default NULL,
  PRIMARY KEY  (`product_no`)
) ENGINE=MyISAM DEFAULT CHARSET=latin1;

--
-- Dumping data untuk tabel `sepatu`
--

INSERT INTO `sepatu` (`product_no`, `article`, `project`, `singkatan`) VALUES
('PR002', '873-4023', 'MORO', 'MOR23'),
('PR001', '874-4032', 'BOLD', 'BLD32'),
('PR003', '871-4012', 'JODY', 'JOD12'),
('PR004', '871-7172', 'ROMAWI', 'RMW72'),
('PR005', '871-4408', 'KAIRO', 'KRO08'),
('PR006', '871-6408', 'KAIRO', 'KRO08'),
('PR007', '871-4010', 'MORO', 'MOR10'),
('PR008', '874-6010', 'MORO', 'MOR10'),
('PR009', '873-6610', 'MORO', 'MOR10'),
('PR010', '873-4610', 'MORO', 'MOR10'),
('PR011', '871-4085', 'JUPHE', 'JPE85'),
('PR012', '871-6088', 'JUPHE', 'JPE88'),
('PR013', '874-6026', 'JAZZ', 'JAZ26'),
('PR014', '873-2023', 'MORO', 'MOR23'),
('PR015', '571-7069', 'CLAUDIA', 'CLA69'),
('PR016', '873-6098', 'FLEXFEET', 'FLX98'),
('PR017', '874-4529', 'JACKO', 'JKO29'),
('PR018', '874-6529', 'JACKO', 'JKO29'),
('PR019', '874-6028', 'JACKO', 'JKO28'),
('PR020', '874-4029', 'JACKO', 'JKO29'),
('PR021', '871-6809', 'FERDY', 'FDY09'),
('PR022', '874-6029', 'JACKO', 'JKO29'),
('PR023', '873-4813', 'KNIGHT', 'KNI13'),
('PR024', '874-4028', 'JACKO', 'JKO28'),
('PR025', '873-7613', 'KNIGHT', 'KNI13'),
('PR026', '873-6823', 'MORO', 'MOR23'),
('PR027', '874-6324', 'LAZZARO', 'LZR24'),
('PR028', '873-7098', 'FLEXFEET', 'FLX98'),
('PR029', '874-7090', 'KOMPAS', 'KOM90'),
('PR030', '871-9172', 'ROMAWI', 'RMW72'),
('PR031', '874-4062', 'LANDON', 'LAN62'),
('PR032', '874-4057', 'LANDON', 'LAN57'),
('PR033', '873-4530', 'MORO', 'MOR30'),
('PR034', '873-6530', 'MORO', 'MOR30'),
('PR035', '873-4508', 'MORO SPORE', 'MOR08'),
('PR036', '873-6508', 'MORO SPORE', 'MOR08'),
('PR037', '873-6024', 'NEW MORO', 'MOR24'),
('PR038', '874-6735', 'KOMPAS', 'KOM35'),
('PR039', '874-4735', 'KOMPAS', 'KOM35'),
('PR040', '873-4024', 'MORO', 'MOR24'),
('PR041', '874-6857', 'LANDON', 'LAN57'),
('PR042', '874-4857', 'LANDON', 'LAN57'),
('PR043', '871-6882', 'KENNETH', 'KEN82'),
('PR044', '874-6862', 'LANDON', 'LAN62'),
('PR045', '871-6082', 'KENNETH', 'KEN82'),
('PR046', '871-3082', 'KENNETH', 'KEN82'),
('PR047', '871-6560', 'LIZARD', 'LIZ60'),
('PR048', '871-4560', 'LIZARD', 'LIZ60'),
('PR049', '871-8091', 'KNIGHT', 'KNI91'),
('PR050', '871-4491', 'KNIGHT', 'KNI91'),
('PR051', '871-4591', 'KNIGHT', 'KNI91');

-- --------------------------------------------------------

--
-- Struktur dari tabel `sik`
--

CREATE TABLE IF NOT EXISTS `sik` (
  `sik_no` char(5) NOT NULL,
  `sik_tgl` date default NULL,
  `po_no` char(6) default NULL,
  `dn_no` varchar(10) NOT NULL,
  `dn_tgl` date default NULL,
  `bayar_no` char(5) NOT NULL default '0',
  PRIMARY KEY  (`sik_no`)
) ENGINE=MyISAM DEFAULT CHARSET=latin1;

--
-- Dumping data untuk tabel `sik`
--

INSERT INTO `sik` (`sik_no`, `sik_tgl`, `po_no`, `dn_no`, `dn_tgl`, `bayar_no`) VALUES
('5149', '2011-09-12', '12514', '4200', '2011-09-30', 'PD003'),
('5349', '2011-09-12', '11427', '4221', '2011-09-30', 'PD002'),
('5398', '2011-09-12', '11432', '4212', '2011-09-30', 'PD002'),
('5305', '2011-09-12', '12514', '4222', '2011-09-30', 'PD003'),
('5300', '2011-09-12', '12515', '4229', '2011-09-30', 'PD003'),
('5410', '2011-09-12', '14083', '4245', '2011-09-30', 'PD003'),
('5428', '2011-09-12', '12514', '4246', '2011-09-30', 'PD003'),
('5443', '2011-09-12', '11427', '4248', '2011-09-30', 'PD002'),
('5150', '2011-09-12', '12515', '4274', '2011-09-30', 'PD003'),
('5233', '0000-00-00', '11432', '4295', '2011-09-30', 'PD002'),
('5289', '2011-09-15', '13379', '4304', '2011-09-30', 'PD003'),
('5515', '0000-00-00', '11426', '4369', '2011-09-30', 'PD001'),
('5517', '2011-09-28', '13663', '4370', '2011-09-30', 'PD005'),
('5523', '2011-09-28', '12734', '4371', '2011-09-30', 'PD004'),
('5516', '2011-09-28', '13660', '4372', '2011-09-30', 'PD004'),
('5605', '2011-09-28', '12734', '4383', '2011-09-30', 'PD004'),
('5606', '2011-09-28', '12734', '4384', '2011-09-30', 'PD004'),
('5742', '2011-09-28', '12734', '4401', '2011-09-30', 'PD004'),
('5603', '2011-09-28', '12514', '4385', '2011-10-31', 'PD003'),
('5672', '2011-09-30', '14083', '4418', '2011-10-31', 'PD003'),
('5671', '2011-09-30', '14081', '4419', '2011-10-31', 'PD003'),
('5564', '2011-09-30', '14081', '4420', '2011-10-31', 'PD003'),
('5521', '2011-09-30', '11603', '4421', '2011-10-31', 'PD007'),
('5423', '2011-09-30', '11603', '4422', '2011-10-31', 'PD007'),
('5306', '2011-09-30', '11663', '4423', '2011-10-31', 'PD007'),
('5312', '2011-09-30', '11603', '4424', '2011-10-31', 'PD013'),
('5239', '2011-09-30', '11603', '4425', '2011-10-31', 'PD007'),
('5168', '2011-09-30', '11603', '4426', '2011-10-31', 'PD007'),
('4931', '2011-09-30', '11604', '4427', '2011-10-31', 'PD005'),
('4917', '2011-09-30', '11604', '4428', '2011-10-31', 'PD005'),
('5083', '2011-09-30', '11603', '4429', '2011-10-31', 'PD007'),
('5138', '2011-09-30', '11604', '4430', '2011-10-31', 'PD005'),
('5144', '2011-09-30', '11604', '4431', '2011-10-31', 'PD005'),
('4932', '2011-09-30', '11603', '4432', '2011-10-31', 'PD007'),
('5690', '2011-10-12', '12733', '4520', '2011-10-31', 'PD006'),
('5595', '2011-10-12', '12733', '4521', '2011-10-31', 'PD006'),
('5589', '2011-10-12', '12733', '4522', '2011-10-31', 'PD006'),
('5240', '2011-10-12', '12733', '4523', '2011-10-31', 'PD006'),
('5884', '2011-10-12', '12734', '4524', '2011-10-31', 'PD004'),
('5914', '2011-10-12', '12733', '4525', '2011-10-31', 'PD006'),
('5978', '2011-10-12', '12733', '4526', '2011-10-31', 'PD006'),
('5986', '2011-10-12', '14921', '4534', '2011-10-31', 'PD006'),
('5968', '2011-10-12', '14921', '4535', '2011-10-31', 'PD006'),
('6038', '2011-10-12', '14921', '4536', '2011-10-31', 'PD006'),
('6187', '2011-10-17', '14922', '4573', '2011-10-31', 'PD007'),
('6245', '2011-10-17', '12733', '4574', '2011-10-31', 'PD006'),
('6207', '2011-10-17', '14922', '4575', '2011-10-31', 'PD007'),
('6037', '2011-10-18', '14922', '4604', '2011-10-31', 'PD007'),
('6282', '2011-10-24', '13662', '4646', '2011-10-31', 'PD007'),
('6264', '2011-10-24', '11603', '4647', '2011-10-31', 'PD013'),
('6283', '2011-10-24', '15172', '4648', '2011-10-31', 'PD007'),
('5512', '2011-09-28', '12734', '4386', '2011-10-31', 'PD004'),
('5412', '2011-09-12', '14083', '4247', '2011-09-01', 'PD003'),
('5166', '2011-08-16', '11990', '4100', '2011-09-30', 'PD001'),
('5284', '2011-09-05', '11427', '4145', '2011-09-30', 'PD002'),
('5285', '2011-09-05', '11432', '4148', '2011-09-30', 'PD002'),
('5296', '2011-09-05', '11676', '4149', '2011-09-30', 'PD002'),
('5213', '2011-08-18', '12443', '4115', '2011-09-30', 'PD001'),
('5214', '2011-08-18', '12443', '4116', '2011-09-30', 'PD001'),
('5234', '2011-08-18', '11427', '4121', '2011-09-30', 'PD002'),
('5169', '2011-09-05', '11676', '4166', '2011-09-30', 'PD002'),
('5167', '2011-09-05', '11675', '4167', '2011-09-30', 'PD002'),
('5139', '2011-09-05', '11432', '4168', '2011-09-30', 'PD002'),
('5018', '2011-09-05', '11432', '4177', '2011-09-30', 'PD002'),
('5146', '2011-08-15', '11991', '4085', '2011-09-30', 'PD001'),
('4587', '2011-07-26', '11663', '3896', '2011-09-30', 'PD001'),
('4590', '2011-07-25', '11663', '3894', '2011-09-30', 'PD001'),
('4588', '2011-07-25', '11663', '3893', '2011-09-30', 'PD001'),
('4589', '2011-07-25', '11999', '3892', '2011-09-30', 'PD002'),
('4065', '2011-06-23', '11426', '3564', '2011-09-30', 'PD002'),
('4394', '2011-07-05', '11544', '3712', '2011-09-30', 'PD003'),
('4486', '2011-07-13', '11544', '3798', '2011-09-30', 'PD003'),
('4487', '2011-07-13', '11427', '3799', '2011-09-30', 'PD002'),
('4810', '2011-08-08', '11990', '4002', '2011-09-30', 'PD001'),
('4715', '2011-08-01', '11999', '3946', '2011-09-30', 'PD002'),
('5000', '2011-08-10', '11990', '4037', '2011-09-30', 'PD001'),
('5001', '2011-08-10', '12441', '4036', '2011-09-30', 'PD001'),
('4818', '2011-08-08', '11544', '3975', '2011-09-30', 'PD003'),
('5154', '2011-08-10', '11426', '4065', '2011-09-30', 'PD002'),
('4633', '2011-07-25', '11967', '3895', '2011-09-30', 'PD001'),
('5037', '2011-08-10', '11999', '4066', '2011-09-30', 'PD002'),
('5062', '2011-08-10', '12443', '4057', '2011-09-30', 'PD001'),
('4929', '2011-08-10', '11544', '4017', '2011-09-30', 'PD003'),
('5036', '2011-08-10', '12441', '4049', '2011-09-30', 'PD001'),
('5038', '2011-08-10', '12443', '4050', '2011-09-30', 'PD001'),
('4716', '2011-08-01', '0', '3945', '2011-09-30', 'PD004'),
('4580', '2011-07-25', '0', '3874', '2011-09-30', '0'),
('99346', '2011-08-01', '0', '3944', '2011-09-30', 'PD004'),
('4915', '2011-08-10', '0', '4015', '2011-09-30', 'PD002'),
('4729', '2011-08-01', '0', '3943', '2011-09-30', 'PD004'),
('4717', '2011-08-02', '0', '3947', '2011-09-30', 'PD004'),
('4819', '2011-08-08', '0', '3976', '2011-09-30', 'PD004'),
('4820', '2011-08-08', '0', '3977', '2011-09-30', 'PD004'),
('5081', '2011-08-10', '0', '4056', '2011-09-30', 'PD004'),
('8814', '2012-02-17', '18464', '6050', '2012-02-21', '0'),
('8830', '2012-02-29', '18197', '6145', '2012-03-06', '0'),
('8831', '2012-02-29', '18464', '6146', '2012-03-06', '0'),
('8832', '2012-02-29', '18920', '6148', '2012-04-01', '0'),
('8635', '2012-02-29', '18465', '6147', '2012-04-01', '0'),
('8663', '2012-02-29', '18921', '6149', '2012-04-01', '0'),
('8664', '2012-02-29', '18921', '6150', '2012-04-01', '0'),
('6465', '2011-10-24', '11604', '4733', '2011-11-25', 'PD006'),
('7190', '2011-11-23', '15287', '5151', '2011-12-01', 'PD011'),
('7255', '2011-12-05', '17044', '5395', '2012-01-01', '0'),
('9910', '2012-04-30', '22279', '', '0000-00-00', '0'),
('7477', '2011-12-08', '17618', '5401', '2012-01-01', 'PD010'),
('8596', '2012-02-14', '18990', '6053', '2012-02-21', '0'),
('8597', '2012-02-14', '18197', '6049', '2012-02-21', '0'),
('8558', '2012-02-19', '18197', '5984', '2012-02-14', '0'),
('8552', '2012-02-10', '18990', '5986', '2012-02-14', '0'),
('8553', '2012-02-10', '18989', '5985', '2012-02-20', '0'),
('8554', '2012-02-10', '18043', '', '0000-00-00', '0'),
('8235', '2012-02-01', '18577', '5924', '2012-02-20', '0'),
('8236', '2012-02-01', '18197', '5922', '2012-02-07', '0'),
('8237', '2012-02-01', '18198', '5923', '2012-04-01', '0'),
('8238', '2012-02-01', '18197', '5925', '2012-02-07', '0'),
('7841', '2012-01-13', '18299', '5776', '2012-01-24', '0'),
('7809', '2012-01-10', '18671', '5780', '2012-01-01', '0'),
('7810', '2012-01-10', '18671', '5781', '2012-01-01', '0'),
('7811', '2012-01-10', '18671', '5779', '2012-01-01', '0'),
('7807', '2012-01-10', '18671', '5778', '2012-01-01', '0'),
('8102', '2012-01-20', '18465', '5774', '2012-01-24', '0'),
('8103', '2012-01-20', '18044', '5771', '2012-02-20', '0'),
('8069', '2012-01-19', '18464', '5772', '2012-01-24', '0'),
('8070', '2012-01-19', '18043', '5770', '2012-02-20', '0'),
('8165', '2012-01-26', '18577', '5840', '2012-02-20', '0'),
('8105', '2012-01-26', '18464', '5838', '2012-01-31', '0'),
('8144', '2012-01-26', '18043', '5836', '2012-02-20', '0'),
('8166', '2012-01-26', '18094', '5837', '2012-01-01', '0'),
('8167', '2012-01-26', '18581', '5841', '2012-01-31', '0'),
('7778', '2012-01-16', '18094', '5658', '2012-01-01', '0'),
('7788', '2012-01-16', '18095', '5657', '2012-02-20', '0'),
('7779', '2012-01-16', '17935', '5656', '2012-01-01', 'PD010'),
('8598', '2012-02-14', '18198', '6048', '2012-02-21', '0'),
('6640', '2011-11-02', '16122', '4819', '2011-11-25', 'PD013'),
('6661', '2011-11-04', '16122', '4818', '2011-11-25', 'PD013'),
('7041', '2011-11-15', '16116', '5177', '2011-12-01', 'PD011'),
('7192', '2011-11-24', '17044', '', '0000-00-00', '0'),
('7193', '2011-11-24', '17044', '', '0000-00-00', '0'),
('6662', '2011-11-04', '17993', '5392', '2012-01-01', '0'),
('7038', '2011-11-15', '18016', '5172', '2011-12-01', 'PD011'),
('6983', '2011-11-21', '18015', '5168', '2011-12-01', 'PD011'),
('7042', '2011-11-15', '11603', '4988', '2011-11-25', 'PD007'),
('7045', '2011-11-15', '11603', '4987', '2011-11-25', 'PD007'),
('6519', '2011-10-26', '15287', '5154', '2011-12-01', 'PD011'),
('6515', '2011-10-26', '15287', '5153', '2011-12-01', 'PD011'),
('6720', '2011-11-11', '15288', '5160', '2011-12-01', 'PD011'),
('7088', '2011-11-21', '15288', '5155', '2011-12-01', 'PD012'),
('7089', '2011-11-21', '18016', '5173', '2011-12-01', 'PD011'),
('7077', '2011-11-21', '15287', '5150', '2011-12-01', 'PD011'),
('7076', '2011-11-21', '15288', '5159', '2011-12-01', 'PD012'),
('6787', '2011-11-11', '15976', '5162', '2012-01-01', 'PD011'),
('6370', '2011-10-21', '15976', '5163', '2011-12-01', 'PD013'),
('6371', '2011-10-21', '15977', '5167', '2011-12-01', 'PD013'),
('7617', '2011-12-16', '17935', '5603', '2012-01-01', 'PD010'),
('6732', '2011-11-11', '16597', '5393', '2012-01-01', 'PD011'),
('6746', '2011-11-10', '18015', '5169', '2011-12-01', 'PD011'),
('6745', '2011-11-10', '18016', '5174', '2011-12-01', 'PD011'),
('6748', '2011-11-10', '17994', '5176', '2011-12-01', 'PD011'),
('6747', '2011-11-10', '17993', '5391', '2012-01-01', '0'),
('7370', '2011-12-05', '18671', '5777', '2012-01-01', '0'),
('7317', '2011-11-30', '15288', '5157', '2011-12-01', 'PD012'),
('7316', '2011-11-30', '15288', '5156', '2011-12-01', 'PD012'),
('7296', '2011-11-29', '18016', '', '0000-00-00', '0'),
('7654', '2011-12-21', '18016', '5596', '2012-01-01', '0'),
('7585', '2011-12-15', '17935', '5604', '2012-01-01', 'PD010'),
('7579', '2011-12-14', '17618', '5602', '2012-01-01', 'PD010'),
('7330', '2011-12-01', '15976', '5161', '2011-12-01', 'PD013'),
('7548', '2011-12-15', '17044', '5601', '2012-01-01', '0'),
('7578', '2011-12-15', '18015', '5594', '2012-01-01', 'PD011'),
('7257', '2011-12-05', '17618', '5400', '2012-01-01', 'PD010'),
('6394', '2011-10-28', '15977', '5166', '2011-12-01', 'PD013'),
('6415', '2011-10-28', '15796', '5164', '2011-12-01', 'PD013'),
('8688', '2012-02-24', '18464', '6093', '2012-02-29', '0'),
('8734', '2012-02-21', '20220', '6095', '2012-04-01', '0'),
('8709', '2012-02-24', '18920', '6094', '2012-04-01', '0'),
('8712', '2012-02-24', '18464', '6092', '2012-02-29', '0'),
('8984', '2012-03-08', '19626', '6215', '2012-04-01', '0'),
('8884', '2012-03-05', '19627', '6252', '2012-04-01', '0'),
('8886', '2012-03-05', '18986', '6250', '2012-03-13', '0'),
('8887', '2012-03-05', '18198', '6249', '2012-04-01', '0'),
('8841', '2012-03-05', '20611', '6248', '2012-04-01', '0'),
('8842', '2012-03-05', '20609', '6247', '2012-04-01', '0'),
('8755', '2012-02-21', '20218', '6090', '2012-04-01', '0'),
('8754', '2012-02-21', '20220', '6091', '2012-04-01', '0'),
('8753', '2012-02-21', '20219', '6088', '2012-04-01', '0'),
('8685', '2012-02-23', '19626', '6087', '2012-04-01', '0'),
('6113', '2011-10-26', '13766', '4678', '2011-11-25', 'PD007'),
('6112', '2011-10-26', '13766', '4679', '2011-11-25', 'PD007'),
('6111', '2011-10-26', '13766', '4680', '2011-11-24', 'PD007'),
('5881', '2011-10-26', '13766', '4681', '2011-11-25', 'PD007'),
('5984', '2011-10-26', '13766', '4682', '2011-11-25', 'PD007'),
('5985', '2011-10-26', '14478', '4683', '2011-11-25', 'PD013'),
('5969', '2011-10-26', '14477', '4684', '2011-11-25', 'PD013'),
('5676', '2011-10-26', '14477', '4685', '2011-11-25', 'PD013'),
('5681', '2011-10-26', '14478', '4686', '2011-11-25', 'PD013'),
('5669', '2011-10-26', '14477', '4687', '2011-11-25', 'PD013'),
('5670', '2011-10-26', '14478', '4688', '2011-11-25', 'PD013'),
('6204', '2011-10-26', '14923', '4697', '2011-11-25', 'PD007'),
('6036', '2011-10-26', '14923', '4698', '2011-11-25', 'PD007'),
('6189', '2011-10-26', '13662', '4716', '2011-11-25', 'PD007'),
('6373', '2011-10-31', '15173', '4728', '2011-11-25', 'PD008'),
('6372', '2011-10-31', '15796', '4729', '2011-11-25', 'PD007'),
('6518', '2011-10-31', '14478', '4730', '2011-11-25', 'PD013'),
('6457', '2011-10-31', '15796', '4731', '2011-11-25', 'PD008'),
('6455', '2011-10-31', '15798', '4732', '2011-11-25', 'PD013'),
('6539', '2011-11-08', '16122', '4820', '2011-11-25', 'PD013'),
('6480', '2011-11-09', '16124', '4868', '2011-11-25', 'PD013'),
('7311', '2011-11-30', '15288', '5158', '2011-12-01', 'PD012'),
('7044', '2011-12-06', '15977', '5165', '2011-12-01', 'PD013'),
('7285', '2011-12-06', '18016', '5171', '2011-12-01', 'PD011'),
('6719', '2011-12-07', '15287', '5229', '2011-12-01', 'PD011'),
('6479', '2011-12-07', '16118', '5178', '2011-12-01', 'PD011'),
('6517', '2011-12-07', '18016', '5175', '2011-12-01', 'PD011'),
('7039', '2011-12-20', '17993', '5390', '2012-01-01', '0'),
('7043', '2011-12-20', '16598', '5394', '2012-01-01', 'PD011'),
('5743', '2011-03-03', '12733', '4446', '2011-02-20', 'PD006'),
('7682', '2012-01-10', '18095', '5654', '2012-02-20', '0'),
('7680', '2012-01-10', '18043', '5655', '2012-02-20', '0'),
('8317', '2012-02-14', '19632', '5987', '2012-02-20', '0'),
('7681', '2012-01-10', '18094', '5653', '2012-01-01', '0'),
('7677', '2012-01-10', '16597', '5659', '2012-01-01', 'PD011'),
('7679', '2012-01-10', '17152', '5660', '2012-01-01', 'PD010'),
('7678', '2012-01-10', '17618', '5662', '2012-01-01', 'PD010'),
('8818', '2012-02-21', '18197', '6089', '2012-02-29', '0'),
('8885', '2012-03-05', '18198', '6251', '2012-04-01', '0'),
('7624', '2012-12-16', '17994', '', '0000-00-00', '0'),
('7549', '2012-12-15', '17994', '', '0000-00-00', '0'),
('7490', '2012-12-15', '18015', '', '0000-00-00', '0'),
('7489', '2011-12-15', '17994', '', '0000-00-00', '0'),
('8611', '2012-02-14', '18464', '6051', '2012-02-21', '0'),
('8610', '2012-02-14', '18465', '6052', '2012-04-01', '0'),
('9545', '2012-04-10', '18198', '6541', '2012-04-01', '0'),
('9550', '2012-04-10', '20969', '6543', '2012-04-01', '0'),
('9549', '2012-04-10', '20969', '6542', '2012-04-01', '0'),
('9139', '2012-03-20', '20967', '6349', '2012-04-01', '0'),
('9285', '2012-03-20', '18921', '6348', '2012-04-01', '0'),
('9464', '2012-04-03', '20969', '6463', '2012-04-01', '0'),
('9454', '2012-04-03', '20967', '6467', '2012-04-01', '0'),
('9463', '2012-04-03', '20966', '', '0000-00-00', '0'),
('9462', '2012-04-03', '20965', '', '0000-00-00', '0'),
('9339', '2012-04-03', '20965', '', '0000-00-00', '0'),
('9455', '2012-04-03', '20970', '', '0000-00-00', '0'),
('9389', '2012-03-29', '20162', '', '0000-00-00', '0'),
('9388', '2012-03-29', '20162', '', '0000-00-00', '0'),
('9341', '2012-03-26', '18465', '', '0000-00-00', '0'),
('8965', '2012-03-13', '18465', '6306', '2012-04-01', '0'),
('9400', '2012-03-29', '20967', '6408', '2012-04-01', '0'),
('9148', '2012-03-26', '21296', '6412', '2012-04-01', '0'),
('9002', '2012-03-09', '19633', '6307', '2012-04-01', '0'),
('9040', '2012-03-13', '19627', '6440', '2012-04-05', '0'),
('9834', '2012-04-25', '22625', '', '0000-00-00', '0'),
('9835', '2012-04-25', '22203', '', '0000-00-00', '0'),
('9776', '2012-04-20', '22277', '', '0000-00-00', '0'),
('9777', '2012-04-20', '22625', '', '0000-00-00', '0'),
('9772', '2012-04-20', '22406', '', '0000-00-00', '0'),
('9771', '2012-04-20', '22279', '', '0000-00-00', '0'),
('9775', '2012-04-20', '20162', '', '0000-00-00', '0'),
('9656', '2012-04-14', '20972', '', '0000-00-00', '0'),
('8897', '2012-03-02', '20219', '6151', '2012-04-01', '0'),
('9862', '2012-05-02', '22279', '', '0000-00-00', '0'),
('9966', '2012-05-02', '20162', '', '0000-00-00', '0'),
('9918', '2012-05-03', '22416', '6806', '2012-05-09', '0'),
('9988', '2012-05-03', '23315', '', '0000-00-00', '0'),
('10052', '2012-05-08', '22206', '', '0000-00-00', '0'),
('9875', '2012-04-27', '22203', '', '0000-00-00', '0'),
('8687', '2012-02-24', '18920', '6096', '2012-04-01', '0'),
('10507', '2012-05-29', '22624', '7050', '2012-06-05', '0'),
('10486', '2012-05-31', '22625', '', '0000-00-00', '0'),
('10531', '2012-05-31', '22625', '', '0000-00-00', '0'),
('10142', '2012-05-15', '23586', '', '0000-00-00', '0'),
('10218', '2012-05-21', '22625', '', '0000-00-00', '0'),
('10384', '2012-05-22', '23230', '', '0000-00-00', '0'),
('10383', '2012-05-22', '22624', '6971', '2012-05-30', '0'),
('10177', '2012-05-22', '22624', '6969', '2012-05-30', '0'),
('10441', '2012-05-25', '22624', '6973', '2012-05-30', '0'),
('10450', '2012-05-25', '20162', '', '0000-00-00', '0'),
('10409', '2012-05-24', '23233', '', '0000-00-00', '0'),
('10058', '2012-05-15', '23587', '6915', '2012-05-22', '0'),
('10141', '2012-05-15', '23587', '6914', '2012-05-22', '0'),
('10057', '2012-05-15', '23586', '', '0000-00-00', '0'),
('11101', '2012-06-25', '24567', '', '0000-00-00', '0'),
('10973', '2012-06-19', '22625', '', '0000-00-00', '0'),
('10974', '2012-06-19', '22625', '', '0000-00-00', '0'),
('10812', '2012-06-13', '21798', '', '0000-00-00', '0'),
('10864', '2012-06-15', '23271', '', '0000-00-00', '0'),
('10863', '2012-06-15', '22625', '', '0000-00-00', '0'),
('11018', '2012-06-21', '21798', '', '0000-00-00', '0'),
('11019', '2012-06-21', '21799', '', '0000-00-00', '0'),
('11047', '2012-06-22', '24261', '', '0000-00-00', '0'),
('11046', '2012-06-21', '21798', '', '0000-00-00', '0'),
('11330', '2012-07-06', '23271', '', '0000-00-00', '0'),
('10983', '2012-06-19', '23268', '', '0000-00-00', '0'),
('11232', '2012-07-03', '21798', '', '0000-00-00', '0'),
('11231', '2012-07-03', '21799', '', '0000-00-00', '0'),
('11217', '2012-07-08', '23271', '', '0000-00-00', '0'),
('11161', '2012-06-29', '22625', '', '0000-00-00', '0'),
('11193', '2012-06-28', '22625', '', '0000-00-00', '0'),
('11162', '2012-06-29', '22625', '', '0000-00-00', '0'),
('11181', '2012-07-02', '24845', '', '0000-00-00', '0'),
('11197', '2012-07-02', '23269', '', '0000-00-00', '0'),
('11411', '2012-07-11', '24759', '', '0000-00-00', '0'),
('11409', '2012-07-11', '24757', '', '0000-00-00', '0'),
('11417', '2012-07-12', '24757', '', '0000-00-00', '0'),
('11259', '2012-07-13', '23581', '', '0000-00-00', '0'),
('11381', '2012-07-11', '24759', '', '0000-00-00', '0'),
('11410', '2012-07-11', '24759', '', '0000-00-00', '0'),
('11604', '2012-07-18', '25788', '', '0000-00-00', '0'),
('11579', '2012-07-17', '24270', '', '0000-00-00', '0'),
('10408', '2012-05-24', '22624', '6968', '2012-05-30', '0'),
('10460', '2012-05-24', '22624', '6970', '2012-05-30', '0'),
('11577', '0000-00-00', '24845', '', '0000-00-00', '0'),
('11578', '2012-07-17', '24845', '', '0000-00-00', '0'),
('11571', '2012-07-17', '24759', '', '0000-00-00', '0'),
('10566', '2012-06-01', '23902', '7046', '2012-06-04', '0'),
('10532', '2012-05-31', '22624', '7041', '2012-06-04', '0'),
('10721', '2012-06-07', '22625', '', '0000-00-00', '0'),
('10602', '2012-06-04', '22625', '', '0000-00-00', '0'),
('10666', '2012-06-01', '23269', '', '0000-00-00', '0'),
('10643', '2012-06-05', '23268', '', '0000-00-00', '0'),
('10661', '2012-06-05', '23268', '', '0000-00-00', '0'),
('10641', '2012-06-05', '22625', '', '0000-00-00', '0'),
('10667', '2012-06-05', '23902', '7142', '2012-06-12', '0'),
('10638', '2012-06-05', '23270', '', '0000-00-00', '0'),
('10838', '2012-06-13', '22624', '7222', '2012-06-19', '0'),
('10432', '2012-05-25', '22624', '6974', '2012-05-30', '0'),
('10219', '2012-05-21', '22624', '6972', '2012-05-30', '0'),
('11083', '2012-06-25', '21798', '', '0000-00-00', '0'),
('11408', '2012-07-11', '24757', '', '0000-00-00', '0'),
('11580', '2012-07-17', '24270', '', '0000-00-00', '0'),
('11278', '2012-07-17', '24271', '', '0000-00-00', '0'),
('10534', '2012-05-31', '21798', '', '0000-00-00', '0'),
('10702', '2012-06-07', '24271', '', '0000-00-00', '0'),
('10682', '2012-06-05', '20163', '7147', '2012-06-12', '0'),
('10533', '2012-05-31', '22842', '7044', '2012-06-04', '0'),
('10537', '2012-05-31', '22277', '7040', '2012-06-04', '0'),
('10385', '2012-05-22', '22842', '6977', '2012-05-30', '0'),
('10448', '2012-05-25', '22624', '6975', '2012-05-30', '0'),
('10042', '2012-05-09', '22841', '6853', '2012-05-16', '0'),
('11574', '2012-07-17', '20162', '', '0000-00-00', '0'),
('11390', '2012-07-10', '24535', '', '0000-00-00', '0'),
('11165', '2012-06-28', '22624', '', '0000-00-00', '0'),
('8071', '2012-01-24', '18464', '5775', '2012-01-24', '0');

-- --------------------------------------------------------

--
-- Struktur dari tabel `sik_detail`
--

CREATE TABLE IF NOT EXISTS `sik_detail` (
  `sik_no` char(5) NOT NULL,
  `kode_barang` char(5) NOT NULL default '',
  `qty_sik` float default NULL,
  `satuan_sik` varchar(10) default NULL,
  `price_sik` int(11) default NULL,
  PRIMARY KEY  (`sik_no`,`kode_barang`)
) ENGINE=MyISAM DEFAULT CHARSET=latin1;

--
-- Dumping data untuk tabel `sik_detail`
--

INSERT INTO `sik_detail` (`sik_no`, `kode_barang`, `qty_sik`, `satuan_sik`, `price_sik`) VALUES
('5149', '30118', 54, 'm', 53200),
('5149', '34065', 56, 'm', 49496),
('5349', '12094', 101, 'm', 23357),
('5398', '11864', 1040, 'M', 6804),
('5305', '20135', 150, 'ps', 7700),
('5300', '34066', 56, 'm', 49496),
('5410', '77795', 2700, 'm', 375),
('5428', '34065', 4, 'm', 49496),
('5443', '12094', 186, 'm', 23357),
('5150', '30125', 54, 'm', 53200),
('5233', '29019', 35, 'm', 85000),
('5289', '33528', 168, 'm', 49464),
('5515', '20135', 150, 'm', 7700),
('5515', '29019', 3, 'm', 85000),
('5517', '33528', 67, 'm', 49464),
('5523', '12064', 345, 'm', 23357),
('5516', '33528', 135, 'm', 49464),
('5605', '60114', 105, 'm', 3500),
('5606', '31020', 35, 'm', 12800),
('5606', '31164', 35, 'm', 16764),
('5742', '90191', 791, 'm', 10500),
('5603', '30118', 7, '', 53200),
('5603', '30125', 8, '', 53200),
('5672', '20121', 200, '', 24150),
('5671', '20121', 200, '', 24150),
('5564', '77795', 7000, '', 375),
('5521', '11864', 41, '', 6804),
('5423', '90191', 1068, '', 10500),
('5306', '63823', 500, '', 100),
('5312', '90191', 759, '', 10500),
('5239', '63274', 800, '', 347),
('5168', '90191', 573, '', 10500),
('4931', '31020', 52, '', 12800),
('4917', '60114', 160, '', 3500),
('4917', '63271', 800, '', 450),
('5083', '60113', 160, '', 3500),
('5138', '63271', 1000, '', 450),
('5144', '60075', 5, '', 42500),
('5144', '60209', 2, '', 42500),
('4932', '31164', 52, '', 12800),
('5690', '12644', 55, '', 21834),
('5595', '11503', 621, '', 7205),
('5589', '12024', 233, '', 23357),
('5240', '60113', 110, '', 3500),
('5240', '63274', 530, '', 347),
('5884', '11013', 135, '', 7527),
('5914', '90191', 484, '', 10500),
('5978', '11013', 19, '', 7527),
('5978', '11503', 131, '', 7205),
('5978', '12024', 17, '', 23357),
('5986', '77795', 3980, '', 375),
('5968', '63271', 4000, '', 450),
('6038', '20121', 150, '', 24150),
('6187', '60209', 4, '', 31875),
('6245', '90191', 90, '', 10500),
('6207', '60209', 3.5, '', 21250),
('6037', '20121', 150, '', 24150),
('6282', '20135', 100, '', 7700),
('6264', '90191', 884, '', 10500),
('6283', '33528', 168, '', 49464),
('5512', '11013', 868, '', 7527),
('5512', '11854', 58, '', 21834),
('5412', '60237', 3, '', 42500),
('5412', '61232', 4, '', 42500),
('5412', '63271', 3000, '', 450),
('5166', '63271', 400, '', 450),
('5284', '60237', 2, '', 42500),
('5284', '61214', 4, '', 42500),
('5285', '20135', 75, '', 7700),
('5296', '96109', 123, '', 4000),
('5213', '77795', 800, '', 375),
('5214', '60209', 2, '', 42500),
('5214', '63271', 800, '', 450),
('5234', '29019', 35, '', 85000),
('5169', '96109', 277, '', 4000),
('5167', '96109', 400, '', 4000),
('5139', '61214', 7, '', 42500),
('5018', '61214', 5, '', 42500),
('5146', '77795', 5000, '', 375),
('4587', '77795', 3000, '', 375),
('4590', '63271', 1600, '', 450),
('4588', '63271', 1200, '', 450),
('4589', '33528', 169, '', 49464),
('4065', '29019', 50, '', 85000),
('4394', '30049', 156, '', 31111),
('4394', '30075', 80, '', 13704),
('4486', '20135', 75, '', 7700),
('4486', '22661', 49, '', 9873),
('4487', '31064', 135, '', 14074),
('4810', '63271', 4000, '', 450),
('4715', '20135', 150, '', 7700),
('5000', '77795', 3670, '', 375),
('5001', '63271', 3600, '', 450),
('4818', '22661', 50, '', 9873),
('5154', '20135', 75, '', 7700),
('4633', '77795', 4000, '', 375),
('5037', '33528', 34, '', 49464),
('5062', '50770', 1.5, '', 285000),
('4929', '22661', 50, '', 9873),
('5036', '60209', 5, '', 42500),
('5038', '63271', 2000, '', 450),
('4716', '30049', 67, '', 31111),
('4580', '60209', 10, '', 42500),
('99346', '63823', 500, '', 100),
('4915', '71071', 3400, '', 250),
('4729', '17054', 17, '', 25896),
('4717', '60209', 10, '', 42500),
('4819', '31678', 11, '', 13704),
('4820', '63493', 60, '', 4950),
('5081', '63493', 160, '', 4950),
('5081', '63494', 160, '', 4950),
('8814', '63823', 500, 'm', 100),
('8830', '20121', 5, 'm', 24150),
('8830', '29019', 30, 'sqft', 85000),
('8831', '30192', 11, 'm2', 28148),
('8832', '70323', 20000, 'ps', 155),
('8635', '11973', 532, 'KV', 11398),
('8663', '12473', 749, 'KV', 26344),
('8664', '12473', 749, 'KV', 26344),
('6465', '60114', 15, 'm', 3500),
('7190', '60237', 5, 'rol', 42500),
('7255', '20135', 200, 'm', 7700),
('7255', '29982', 4, 'm', 24150),
('9834', '29019', 50, 'SHEET', 84000),
('7477', '60152', 2, 'rol', 42500),
('7477', '60378', 900, 'PRS', 850),
('8596', '20121', 25, 'm2', 24150),
('8597', '29019', 40, 'sheet', 85000),
('8558', '29019', 20, 'sheet', 85000),
('8552', '20121', 125, 'm', 24150),
('8553', '20121', 125, 'm2', 24150),
('8554', '30192', 5, 'M2', 28148),
('8554', '34112', 202, 'M2', 26667),
('8235', '60000', 10, 'ROL', 43800),
('8235', '60100', 10, 'rol', 42500),
('8236', '30125', 115, 'M2', 53200),
('8236', '31678', 54, 'M2', 13704),
('8237', '30125', 115, 'M2', 53200),
('8238', '61079', 175, 'M2', 1800),
('7841', '60100', 10, 'rol', 42500),
('7841', '63271', 1125, 'm', 450),
('7809', '77795', 480, 'pcs', 375),
('7810', '60100', 3, 'rol', 42500),
('7810', '60194', 2, 'rol', 42500),
('7810', '63271', 400, 'm', 450),
('7811', '11054', 149, 'KV', 11170),
('7807', '29982', 32, 'M2', 24150),
('8102', '63823', 500, 'M', 100),
('8103', '30192', 198, 'M2', 28148),
('8069', '29982', 92, 'M2', 24150),
('8070', '29982', 92, 'M2', 24150),
('8165', '20121', 300, 'M2', 24150),
('6113', '70771', 4000, '', 50),
('8105', '22661', 150, 'M2', 9873),
('8144', '22661', 150, 'M2', 9873),
('8166', '29982', 200, 'M2', 24150),
('8167', '29982', 150, 'M', 24150),
('7778', '63271', 2400, 'm', 450),
('7788', '29982', 150, 'm', 24150),
('7779', '31433', 2, 'M', 38691),
('7779', '33528', 2, 'M', 49464),
('8598', '60100', 20, 'rol', 42500),
('6640', '63271', 4000, 'm', 450),
('6661', '20121', 202, 'M2', 24150),
('7041', '29982', 40, 'M2', 24150),
('7192', '31989', 93, 'M2', 13704),
('7192', '39010', 162, 'M2', 52593),
('7193', '12244', 2721, 'KV', 24880),
('6662', '60100', 10, 'rol', 42500),
('6662', '63271', 1000, 'M', 450),
('7038', '18174', 534, 'KV', 21326),
('6983', '18283', 493, 'KV', 22581),
('7042', '60114', 30, 'M', 3500),
('7042', '63274', 200, 'M', 347),
('7045', '31020', 2, 'M2', 12800),
('6519', '20135', 100, 'M2', 7700),
('6515', '37128', 44, 'M2', 38691),
('6515', '31028', 113, 'M2', 14448),
('6515', '33527', 39, 'M2', 12119),
('6720', '37128', 44, 'm2', 38691),
('6720', '31028', 113, 'm2', 14478),
('7088', '37128', 22, 'M2', 38691),
('7089', '60000', 2, 'ROL', 43800),
('7077', '20135', 78, 'M', 7700),
('7077', '20209', 78, 'M', 8751),
('7076', '20135', 78, 'M', 7700),
('7076', '20209', 78, 'M', 8751),
('6787', '60170', 3, 'ROL', 125000),
('6370', '20014', 26, 'SQT', 45000),
('6371', '20014', 30, 'SQT', 45000),
('7617', '33528', 88, 'M2', 49464),
('6732', '33528', 224, 'M2', 49464),
('6746', '12644', 892, 'KV', 21834),
('6746', '12704', 892, 'KV', 13608),
('6745', '13043', 892, 'KV', 21834),
('6745', '15394', 894, 'KV', 13608),
('6748', '13043', 482, 'KV', 21834),
('6748', '15394', 137, 'KV', 13608),
('6747', '12644', 482, 'KV', 21834),
('6747', '12704', 248, 'KV', 13608),
('7370', '63271', 200, 'M', 450),
('7317', '60237', 5, 'rol', 42500),
('7317', '61232', 2, 'rol', 42500),
('7316', '37128', 5, 'M2', 38691),
('7316', '33527', 34, 'M2', 12119),
('7296', '70771', 8000, 'PCS', 50),
('7654', '13043', 23, 'kv', 23118),
('7585', '33528', 101, 'm2', 49464),
('7579', '37128', 11, 'm3', 38691),
('7579', '31028', 78, 'm2', 14448),
('7579', '33527', 30, 'm2', 12119),
('7330', '20014', 1, 'sqt', 45000),
('7548', '20135', 135, 'm2', 7700),
('7578', '20135', 98, 'm2', 7700),
('9910', '60121', 1, 'ROL', 42500),
('7257', '37128', 44, 'M2', 38691),
('7257', '31028', 113, 'M2', 14448),
('7257', '33527', 30, 'M2', 12119),
('6394', '17373', 399, 'kv', 23118),
('6394', '15394', 394, 'kv', 13608),
('6415', '12644', 378, 'kv', 21834),
('6415', '12704', 344, 'KV', 14486),
('8688', '30192', 7, 'M2', 28148),
('8734', '12253', 259, 'KV', 26344),
('8709', '11193', 815, 'KV', 7204),
('8712', '11723', 336, 'KV', 7527),
('8984', '60179', 800, 'M', 800),
('8884', '37128', 16, 'M2', 38691),
('8886', '20121', 20, 'M2', 24150),
('8886', '29982', 50, 'M2', 24150),
('8887', '60000', 5, 'rol', 43800),
('8887', '60100', 5, 'ROL', 42000),
('8841', '29982', 200, 'M2', 24150),
('8842', '29982', 200, 'M2', 24150),
('8755', '20121', 20, 'M2', 24150),
('8754', '31706', 13, 'M2', 10740),
('8754', '39011', 20, 'M2', 52593),
('8753', '31989', 13, 'M2', 14815),
('8753', '39010', 20, 'M2', 52593),
('8685', '30210', 169, 'M2', 14478),
('6112', '60100', 5, 'ROL', 42500),
('6112', '60121', 10, 'ROL', 42500),
('6111', '20200', 3, '', 58000),
('5881', '20135', 36, 'm', 7700),
('5881', '20200', 36, 'M', 5800),
('5984', '20135', 22, 'M', 7700),
('5984', '20200', 9, 'M', 58000),
('5985', '77795', 4000, 'PCS', 375),
('5969', '63271', 4000, 'M', 450),
('5676', '77795', 4230, 'pcs', 375),
('5681', '20121', 70, 'M', 24150),
('5669', '20121', 200, 'M2', 24150),
('5670', '20121', 200, 'M2', 24150),
('6204', '20121', 135, 'M2', 24150),
('6036', '60121', 4, 'ROL', 42500),
('6036', '60209', 7.5, 'ROL', 42500),
('6189', '33528', 145, 'M2', 49464),
('6373', '33528', 169, 'M2', 49464),
('6372', '20121', 250, 'M2', 24150),
('6518', '29982', 150, 'M2', 24150),
('6457', '60121', 10, 'rol', 42500),
('6457', '60209', 10, 'ROL', 31875),
('6455', '20135', 100, 'M2', 7700),
('6539', '63271', 2800, 'M', 450),
('6480', '20121', 270, 'M2', 24150),
('7311', '60171', 800, 'M', 850),
('7044', '20014', 1, 'M', 45000),
('7285', '13043', 76, 'KV', 21834),
('7285', '15394', 214, 'KV', 14409),
('6719', '60171', 800, '', 850),
('6479', '77795', 8520, 'pcs', 375),
('6517', '60000', 10, 'rol', 43800),
('6517', '60075', 10, 'rol', 42500),
('6517', '60100', 10, 'RO', 42500),
('7039', '18173', 713, '', 22581),
('7043', '33528', 112, 'M', 49494),
('5743', '60113', 10, '', 3500),
('7682', '20121', 100, 'M2', 24150),
('7680', '61214', 10, 'rol', 42500),
('8317', '33528', 155, 'M', 48485),
('7681', '20121', 150, 'M2', 24150),
('7677', '20135', 200, 'M', 7700),
('7679', '20200', 13, 'M', 58000),
('7678', '37128', 5, 'M', 38691),
('8818', '30125', 8, 'M', 53200),
('8818', '30773', 193, 'M', 34815),
('8885', '30773', 9, 'M', 34815),
('8885', '30018', 13, 'M', 26667),
('7624', '18173', 155, 'KV', 22326),
('7549', '12704', 85, 'KV', 14454),
('7549', '15394', 32, 'KV', 14409),
('7490', '18283', 244, 'KV', 24194),
('7489', '18173', 648, 'KV', 24194),
('8611', '11973', 190, 'KV', 12031),
('8610', '11973', 728, 'KV', 12031),
('9545', '30773', 55, 'M2', 34815),
('9550', '77795', 9700, 'PCS', 375),
('9549', '20121', 200, 'M2', 24150),
('9139', '33528', 144, 'm2', 48485),
('9139', '30018', 20, 'm2', 26667),
('9285', '11193', 83, 'kv', 7204),
('9464', '29982', 200, 'm2', 24150),
('9454', '11763', 745, 'kv', 10765),
('9463', '30210', 113, 'm2', 14478),
('9463', '33527', 39, 'm2', 17172),
('9463', '37128', 44, 'm2', 20410),
('9462', '30210', 113, 'm2', 14478),
('9462', '30232', 44, 'm2', 20410),
('9462', '33527', 39, 'm2', 17172),
('9339', '60378', 1200, 'm2', 800),
('9455', '11013', 1023, 'kv', 10765),
('9389', '11054', 67, 'kv', 7204),
('9389', '15394', 1404, 'kv', 14409),
('9388', '16753', 504, 'KV', 26344),
('9341', '11973', 91, 'kv', 11398),
('9341', '12244', 16, 'kv', 26344),
('8965', '11723', 585, 'kv', 7527),
('9400', '20121', 150, 'm2', 24150),
('9148', '30641', 90, 'm2', 46464),
('9002', '33528', 182, 'm2', 48485),
('9040', '60171', 400, 'm', 900),
('9835', '30192', 198, 'm', 28148),
('9776', '20121', 200, 'm2', 24150),
('9777', '22661', 50, 'm2', 17600),
('9772', '11054', 220, 'kv', 10765),
('9771', '11054', 295, 'kv', 10765),
('9775', '16753', 213, 'kv', 26344),
('9656', '', 0, '', 0),
('9656', '33528', 34, 'm2', 48485),
('8897', '', 0, '', 0),
('8897', '12244', 147, 'kv', 26344),
('9862', '11054', 317, 'kv', 10765),
('9966', '16753', 519, 'kv', 26344),
('9918', '11013', 1072, 'kv', 10765),
('9988', '33528', 101, 'm2', 48485),
('10052', '30240', 200, 'M2', 22222),
('9875', '22661', 200, 'M', 17600),
('8687', '11723', 2042, 'KV', 7527),
('10507', '60152', 5, 'rol', 43100),
('10507', '61214', 1, 'ROL', 42000),
('10507', '63823', 600, 'M', 100),
('10486', '11013', 738, 'KV', 7204),
('10531', '11013', 1270, 'KV', 7204),
('10142', '12244', 345, 'kv', 26344),
('10218', '17373', 801, 'kv', 23118),
('10384', '12853', 1543, 'KV', 12290),
('10383', '11503', 316, 'KV', 7204),
('10177', '30253', 75, 'M2', 34815),
('10441', '30253', 13, 'M2', 34815),
('10450', '16753', 138, 'KV', 26344),
('10409', '12853', 1481, 'KV', 12290),
('10058', '31706', 13, 'm2', 10740),
('10058', '39011', 23, 'M2', 52593),
('10141', '12253', 388, 'kv', 26344),
('10057', '31989', 13, 'm2', 14815),
('10057', '39010', 23, 'm2', 52593),
('11101', '77795', 14000, 'pcs', 375),
('10973', '11013', 40, 'kv', 7204),
('10974', '17373', 50, 'kv', 23118),
('10812', '30017', 111, 'm2', 28000),
('10864', '30257', 241, 'M2', 34815),
('10863', '30257', 9, 'M2', 34815),
('11018', '18213', 244, 'kc', 7205),
('11019', '18213', 176, 'kv', 7205),
('11047', '20121', 200, 'm2', 24150),
('11046', '20200', 25, 'm2', 58000),
('11046', '22263', 50, 'M2', 45000),
('11330', '93003', 540, 'psg', 5000),
('10983', '93003', 1090, 'psg', 5000),
('11232', '18213', 706, 'kv', 7205),
('11231', '18213', 706, 'kv', 7205),
('11217', '93003', 1000, 'psg', 5000),
('11161', '11013', 103, 'kv', 7204),
('11161', '17373', 56, 'kv', 23118),
('11193', '20200', 21, 'm2', 58000),
('11162', '30257', 6, 'm2', 34815),
('11181', '30257', 98, 'M2', 34815),
('11181', '32191', 79, 'M2', 48148),
('11197', '93003', 1000, 'PSG', 5000),
('11411', '17373', 324, 'kv', 23118),
('11409', '12704', 188, 'kv', 14409),
('11417', '18213', 178, 'kv', 7205),
('11259', '11973', 903, 'kv', 10765),
('11381', '30257', 34, 'm2', 34815),
('11410', '15394', 213, 'kv', 14409),
('11410', '18213', 680, 'm2', 7205),
('11604', '33528', 270, 'm2', 48485),
('11579', '12704', 421, 'kv', 14409),
('11579', '18213', 1103, 'kv', 7205),
('10408', '18213', 1047, 'kv', 7204),
('10460', '18213', 513, 'kv', 7204),
('11577', '11013', 664, 'kv', 7204),
('11578', '15394', 175, 'kv', 14409),
('11578', '17373', 267, 'kv', 23118),
('11571', '11013', 767, 'kv', 7204),
('10566', '33528', 169, 'm2', 48485),
('10532', '18213', 364, 'kv', 7204),
('10721', '30257', 5, 'm2', 34815),
('10602', '30257', 82, 'm2', 34815),
('10666', '30233', 219, 'M2', 34815),
('10643', '32190', 183, 'M2', 48148),
('10661', '93003', 1000, 'PSG', 5000),
('10641', '11503', 61, 'kv', 7204),
('10641', '17373', 83, 'kv', 23118),
('10667', '33528', 47, 'm2', 48485),
('10638', '32191', 202, 'm2', 48148),
('10838', '12663', 25, 'kv', 23118),
('10838', '17373', 27, 'kv', 23118),
('10432', '12663', 286, 'kv', 23118),
('10219', '12663', 733, 'kv', 23118),
('11083', '12663', 361, 'kv', 23118),
('11408', '12663', 413, 'kv', 23118),
('11580', '12663', 872, 'kv', 23118),
('11580', '18213', 367, 'kv', 7205),
('11278', '12663', 603, 'kv', 23118),
('11278', '18213', 263, 'kv', 7205),
('10534', '12663', 578, 'kv', 23118),
('10702', '11013', 61, 'kv', 7204),
('10702', '12663', 21, 'kv', 23118),
('10702', '17373', 33, 'kv', 23118),
('10682', '13333', 75, 'KV', 14409),
('10533', '11383', 1443, 'KV', 12290),
('10537', '11503', 225, 'KV', 7204),
('10385', '11383', 440, 'kv', 12290),
('10448', '60093', 3, 'ROL', 43000),
('10448', '61494', 5, 'rol', 43000),
('10042', '11383', 739, 'm2', 12290),
('11574', '13333', 100, 'kv', 14409),
('11574', '16753', 100, 'kv', 26344),
('11390', '11383', 2017, 'kv', 12290),
('11165', '60093', 1, 'rol', 48400),
('8071', '63271', 3500, 'M2', 450);

-- --------------------------------------------------------

--
-- Struktur dari tabel `size_detail`
--

CREATE TABLE IF NOT EXISTS `size_detail` (
  `id` bigint(20) unsigned NOT NULL auto_increment,
  `data_type` tinyint(4) NOT NULL default '1',
  `data_id` tinyint(4) NOT NULL default '0',
  `size_1` int(11) default '0',
  `size_2` int(11) default '0',
  `size_3` int(11) default '0',
  `size_4` int(11) default '0',
  `size_5` int(11) default '0',
  `size_6` int(11) default '0',
  `size_7` int(11) default '0',
  `size_8` int(11) default '0',
  `size_9` int(11) default '0',
  `size_10` int(11) default '0',
  `size_11` int(11) default '0',
  `size_12` int(11) default '0',
  `size_13` int(11) default '0',
  `size_14` int(11) default '0',
  `size_15` int(11) default '0',
  `create_date` datetime default NULL,
  `update_date` datetime default NULL,
  PRIMARY KEY  (`id`)
) ENGINE=MyISAM DEFAULT CHARSET=latin1 AUTO_INCREMENT=1 ;

--
-- Dumping data untuk tabel `size_detail`
--


-- --------------------------------------------------------

--
-- Struktur dari tabel `sj`
--

CREATE TABLE IF NOT EXISTS `sj` (
  `sj_no` varchar(20) NOT NULL,
  `po_no` char(6) default NULL,
  `qty_sj` varchar(10) default NULL,
  `date` date default NULL,
  `keterangan_sj` text,
  PRIMARY KEY  (`sj_no`)
) ENGINE=MyISAM DEFAULT CHARSET=latin1;

--
-- Dumping data untuk tabel `sj`
--

INSERT INTO `sj` (`sj_no`, `po_no`, `qty_sj`, `date`, `keterangan_sj`) VALUES
('SJ001/CJM/11-597', '11426', '420', '2011-07-14', '7=150; 8=100; 9=100; 10=70'),
('SJ002/CJM/11-605', '11967', '610', '2011-07-23', '7=30; 8=145; 9=335; 10=200'),
('SJ003/CJM/11-604', '11967', '800', '2011-07-22', '5=20; 6=265; 7=115; 8=330; 10=70'),
('SJ004/CJM/11-603', '11426', '420', '2011-07-22', '5=100; 6=150; 7=70; 8=100'),
('SJ005/CJM/11-601', '11967', '590', '2011-07-20', '5=30; 6=25; 7=160; 8=180; 9=95; 10=100'),
('SJ006/CJM/11-0102', '12443', '485', '2011-07-26', '5=100; 6=95; 7=165; 8=125'),
('SJ007/CJM/11-0103', '11999', '650', '2011-07-26', '7=200; 8=350; 9=100'),
('SJ008/CJM/11-0107', '11999', '350', '2011-07-28', '5=150; 6=100; 7=100'),
('SJ009/CJM/11-0104', '12443', '515', '2011-07-28', '7=130; 8=125; 9=160; 10=100'),
('SJ010/CJM/11-0106', '11663', '415', '2011-07-28', '6=200; 7=70; 8=50; 9=45; 10=50'),
('SJ011/CJM/11-0109', '11663', '1085', '2011-07-30', '5=150; 6=100; 7=400; 8=250; 9=105; 10=80'),
('SJ012/CJM/11-0110', '11999', '750', '2011-07-30', '5=100; 7=300; 8=350'),
('SJ026/CJM/11', '11427', '515', '2011-08-18', '5=20; 6=60; 7=245; 8=190'),
('SJ013/CJM/11-0112', '11990', '160', '2011-08-02', '5=50; 6=100; 9=10'),
('SJ014/CJM/11-0111', '12441', '1000', '2011-08-02', '5=100; 6=125; 7=275; 8=250; 9=150; 10=100'),
('SJ015/CJM/11', '11990', '1070', '2011-08-05', '5=25; 6=75; 7=265; 8=375; 9=180; 10=150'),
('SJ016/CJM/11-0113', '11991', '1250', '2011-08-09', '5=75; 6=175; 7=165; 8=375; 9=260; 10=200'),
('SJ017/CJM/11-0114', '11426', '460', '2011-08-09', '5=5; 6=60 7=205; 8=185; 9=5'),
('SJ018/CJM/11-0115', '11990', '20', '2011-08-09', ''),
('SJ019/CJM/11-0116', '11426', '200', '2011-08-13', '6=90; 7=100; 8=5; 10=5'),
('SJ020/CJM/11-0117', '11427', '530', '2011-08-13', '5=25; 7=125; 8=200; 9=105; 10=75'),
('SJ021/CJM/11-0116', '11427', '420', '2011-08-16', '5=60; 6=240; 7=120'),
('SJ022/CJM/11-0115', '11999', '250', '2011-08-16', '6=200; 7=50'),
('SJ023/CJM/11-0117', '11675', '310', '2011-08-16', '5=60; 6=70; 7=50; 8=75; 9=55'),
('SJ024/CJM/11-0119', '11676', '350', '2011-08-18', '5=56; 6=75; 7=113; 8=75; 9=31'),
('SJ025/CJM/11-0118', '11675', '90', '2011-08-18', '6=10; 7=70; 8=5; 9=5'),
('SJ027/CJM/11', '11427', '35', '2011-08-22', '7=35'),
('SJ028/CJM/11', '11432', '900', '2011-08-22', '5=140; 6=400; 7=185; 9=100; 10=75'),
('SJ029/CJM/11', '11676', '50', '2011-08-22', '5=4; 6=5; 7=7; 8=5;9=29'),
('SJ030/CJM/11-22', '11432', '1000', '2011-09-08', '7=515; 8=420; 9=40; 10=25'),
('SJ031/CJM/11-23', '12514', '660', '2011-09-08', '6=220; 7=320; 9=120'),
('SJ032/CJM/11-24', '12515', '360', '2011-09-08', '6=210; 7=150'),
('SJ033/CJM/11-25', '14081', '1000', '2011-09-08', '5=140; 6=150; 7=220; 8=300; 9=140; 10=50'),
('SJ034/CJM/11-27', '13379', '1500', '2011-09-12', '5=50; 6=450; 7=600; 8=100; 9=250; 10=50'),
('SJ035/CJM/11-27', '14083', '1085', '2011-09-12', '5=200; 6=310; 7=575'),
('SJ036/CJM/11-28', '12514', '245', '2011-09-15', '5=25; 8=220'),
('SJ037/CJM/11-28', '12515', '510', '2011-09-15', '5=120; 7=170; 8=220'),
('SJ038/CJM/11-29', '13660', '850', '2011-09-15', '5=100; 6=100; 7=200; 8=275; 9=150; 10=25'),
('SJ039/CJM/11-30', '11432', '100', '2011-09-19', '8=100'),
('SJ040/CJM/11-31', '12514', '95', '2011-09-19', '5=95'),
('SJ041/CJM/11-32', '12515', '130', '2011-09-19', '5=10; 9=120'),
('SJ042/CJM/11-34', '14084', '360', '2011-09-19', '5=40; 6=90; 7=140; 8=90'),
('SJ043/CJM/11-35', '13660', '400', '2011-09-19', '6=175; 7=225'),
('SJ044/CJM/11', '14083', '340', '2011-09-19', '5=260; 6=80'),
('SJ045/CJM/11', '14081', '425', '2011-09-19', '6=210; 7=205; 8=10'),
('SJ047/CJM/11-34', '13663', '585', '2011-09-26', '5=50; 6=45; 7=70; 8=245; 9=150; 10=25'),
('SJ046/CJM/11-36', '12734', '340', '2011-09-19', '6=50; 7=132; 8=75; 9=25; 10=45; 11=13'),
('SJ048/CJM/11-35', '12734', '181', '2011-09-26', '8=25; 9=35; 10=71; 11=50'),
('SJ049/CJM/11-37', '11604', '340', '2011-09-29', '6=50; 7=132; 8=75; 9=25; 10=45; 11=13'),
('SJ050/CJM/11-36', '12734', '192', '2011-09-29', '6=32; 8=80; 9=80'),
('SJ051/CJM/11-38', '12734', '78', '2011-10-04', '7=15; 8=24; 9=39'),
('SJ052/CJM/11-39', '12733', '350', '2011-10-04', '7=37; 8=80; 9=103; 10=48; 11=42\r\nINI BEDA TOTALNYA!'),
('SJ053/CJM/11-40', '11604', '360', '2011-10-04', '5=60; 6=36; 7=95; 8=117; 9=15; 11=37'),
('SJ054/CJM/11-41', '12733', '140', '2011-10-06', '6=35; 7=55; 8=29; 9=10; 10=11'),
('SJ055/CJM/11-42', '12733', '20', '2011-10-07', '7=10; 10=10'),
('SJ056/CJM/11-44', '14084', '40', '2011-10-12', '7=40'),
('SJ057/CJM/11-45', '12733', '55', '2011-10-12', '6=11; 8=20; 9=20; 10=3; 11=1'),
('SJ058/CJM/11-46', '14921', '1500', '2011-10-12', '5=160; 6=340; 7=400; 8=300; 9=200; 10=100'),
('SJ059/CJM/11-49', '14921', '500', '2011-10-14', '7=240; 8=260'),
('SJ060/CJM/11-50', '14922', '430', '2011-10-14', '5=50; 6=210; 9=70; 10=100'),
('SJ061/CJM/11-49', '11603', '255', '2011-10-18', '8=100; 9=40; 10=74; 11=40'),
('SJ062/CJM/11-50', '14922', '1410', '2011-10-18', '5=110; 6=130; 7=640; 8=400; 9=130'),
('SJ063/CJM/11-52', '13662', '665', '2011-10-21', '5=50; 6=230; 7=335; 8=30\r\nQTY TIDAK SESUAI!!'),
('SJ064/CJM/11-54', '13766', '800', '2011-10-21', '7=200; 8=280; 9=100; 10=120; 11=100'),
('SJ065/CJM/11-55', '14479', '1000', '2011-10-21', '5=100; 6=190; 7=290; 8=230; 9=110; 10=80'),
('SJ066/CJM/11-56', '14923', '630', '2011-10-21', '5=50; 6=30; 7=240; 8=160; 9=100; 10=50'),
('SJ067/CJM/11-57', '11604', '35', '2011-10-21', '5=20; 8=15'),
('SJ068/CJM/11-58', '11603', '165', '2011-10-21', '6=60; 7=30; 8=75'),
('SJ069/CJM/11-59', '13662', '585', '2011-10-24', '5=50; 6=50; 7=220; 8=220; 9=45'),
('SJ070/CJM/11-60', '13663', '15', '2011-10-24', '9=15'),
('SJ071/CJM/11-61', '14923', '370', '2011-10-24', '5=30; 6=140; 7=80; 8=120'),
('SJ072/CJM/11-63', '11603', '250', '2011-10-24', '5=30; 6=70; 7=117; 9=7; 10=16; 11=10'),
('SJ073/CJM/11-64', '15172', '990', '2011-10-26', '5=100; 7=440; 8=400; 9=25; 10=25'),
('SJ074/CJM/11-67', '11604', '23', '2011-10-26', '6=8; 7=9; 8=6'),
('SJ075/CJM/11-68', '11603', '140', '2011-10-26', '6=30; 7=103; 8=7'),
('SJ076/CJM/11-70', '15796', '1135', '2011-10-28', '5=60; 6=260; 7=250; 8=200; 9=220; 10=145'),
('SJ077/CJM/11-71', '11604', '22', '2011-10-28', '6=7; 8=15'),
('SJ078/CJM/11-72', '15173', '1500', '2011-10-31', '5=150; 6=50; 7=650; 8=600; 9=25; 10=25'),
('SJ079/CJM/11-73', '15796', '865', '2011-10-31', '6=140; 7=320; 8=340; 9=65'),
('SJ080/CJM/11-74', '15798', '1500', '2011-10-31', '5=40; 6=300; 7=430; 8=410; 9=215; 10=105'),
('SJ081/CJM/11-65', '14477', '570', '2011-11-01', '7=350; 8=180; 10=40'),
('SJ082/CJM/11-75', '14922', '160', '2011-11-10', '5=5; 6=10; 7=45; 8=100'),
('SJ083/CJM/11-76', '16122', '2000', '2011-11-10', '5=60; 6=400; 7=570; 8=545; 9=285; 10=140'),
('SJ084/CJM/11-77', '16124', '1376', '2011-11-10', '5=40; 6=300; 7=430; 8=291; 9=205; 10=110'),
('SJ085/CJM/11-72', '11603', '77', '2011-11-11', '7=38; 8=30; 10=9'),
('SJ086/CJM/11-78', '11604', '46', '2011-11-11', '6=16; 9=20; 10=10'),
('SJ087/CJM/11-79', '11603', '89', '2011-11-11', '6=5; 7=48; 8=12; 9=19; 10=5'),
('SJ088/CJM/11-80', '14478', '920', '2011-11-11', '6=34; 7=455; 8=415; 9=16'),
('SJ089/CJM/11-81', '16124', '124', '2011-11-11', '8=114; 9=10'),
('SJ090/CJM/11-82', '16403', '540', '2011-11-11', '5=25; 6=25; 7=200; 8=250; 9=20; 10=20'),
('SJ091/CJM/11-62', '14477', '1430', '2011-11-14', '5=200; 6=380; 7=230; 8=280; 9=220; 10=120'),
('SJ092/CJM/11-66', '14478', '705', '2011-11-14', '5=200; 6=246; 7=25; 8=20; 9=54; 10=160'),
('SJ093/CJM/11-69', '14478', '375', '2011-11-14', '6=100; 7=100; 8=25; 9=150'),
('SJ094/CJM/11-83', '15811', '1500', '2011-11-15', '5=150; 6=275; 7=450; 8=350; 9=175; 10=100'),
('SJ095/CJM/11-53', '15172', '510', '2011-10-21', '5=50; 6=130; 7=210; 8=100; 9=20'),
('SJ096/CJM/11-85', '16403', '1460', '2011-11-21', '5=135; 6=375; 7=440; 8=230; 9=220; 10=60'),
('SJ097/CJM/11-86', '16404', '860', '2011-11-21', '5=80; 6=100; 7=320; 8=200; 9=120; 10=40 '),
('SJ098/CJM/11-88', '16404', '140', '2011-11-24', '6=100; 8=40'),
('SJ099/CJM/11-89', '15976', '398', '2011-11-24', '6=22; 7=63; 8=103; 9=94; 10=73; 11=43'),
('SJ100/CJM/11-90', '15977', '466', '2011-11-24', '6=43; 7=84; 8=124; 9=106; 10=64; 11=45'),
('SJ101/CJM/11-92', '11603', '190', '2011-11-30', '5=50; 6=87; 7=20; 8=20; 9=5; 10=8'),
('SJ102/CJM/11-93', '15288', '715', '2011-11-30', '4=130; 5=265; 6=300; 7=20'),
('SJ103/CJM/11-95', '15288', '1285', '2011-12-05', '4=70; 5=585; 6=600; 7=30'),
('SJ104/CJM/11-96', '15287', '280', '2011-12-05', '6=280'),
('SJ105/CJM/11-97', '18016', '605', '2011-12-05', '6=90; 8=150; 9=250; 10=100; 11=15'),
('SJ106/CJM/11-99', '16116', '1000', '2011-12-05', '5=100; 6=185; 7=300; 8=230; 9=115; 10=70'),
('SJ107/CJM/11-100', '16118', '130', '2011-12-05', '7=60; 9=40; 10=30'),
('SJ108/CJM/11-101', '15287', '1010', '2011-12-08', '4=110; 5=350; 6=510; 7=40'),
('SJ109/CJM/11-102', '17994', '740', '2011-12-08', '6=50; 7=90; 8=300; 9=150; 10=100; 11=50'),
('SJ110/CJM/11-103', '16118', '230', '2011-12-08', '5=50; 6=90=; 7=90'),
('SJ111/CJM/11-103', '16118', '140', '2011-12-15', '8=120; 9=20'),
('SJ112/CJM/11-104', '18016', '375', '2011-12-15', '6=10; 7=185; 8=150; 11=30'),
('SJ113/CJM/11-105', '15287', '460', '2011-12-15', '4=90; 5=340; 6=20; 7=10'),
('SJ114/CJM/11-106', '17993', '685', '2011-12-15', '6=35; 7=100; 8=300; 9=100; 10=100; 11=50'),
('SJ115/CJM/11-107', '11604', '74', '2011-12-16', '9=54; 10=20'),
('SJ116/CJM/11-108', '11603', '34', '2011-12-16', '5=11; 6=15; 7=8'),
('SJ117/CJM/11-109', '18016', '20', '2011-12-16', '7=15; 11=5'),
('SJ118/CJM/11-110', '17993', '80', '2011-12-16', '7=80'),
('SJ119/CJM/11-111', '17994', '260', '2011-12-16', '5=50; 7=110; 9=100'),
('SJ120/CJM/11-102', '18015', '1000', '2011-12-19', '6=100; 7=200; 8=300; 9=250; 10=100; 11=50'),
('SJ121/CJM/11-112', '15287', '250', '2011-12-21', '5=100; 6=150'),
('SJ122/CJM/11-116', '16597', '2000', '2012-01-02', '5=125; 6=375; 7=940; 8=250; 9=250; 10=;60'),
('SJ123/CJM/11-117', '16598', '1200', '2012-01-02', '5=75; 6=225; 7=560; 8=150; 9=150; 10=40'),
('SJ124/CJM/11-91', '11604', '300', '2012-01-05', '5=17; 6=130; 7=42; 8=26; 9=40; 10=45'),
('SJ125/CJM/11-118', '17152', '1000', '2012-01-10', '5=100; 6=300; 7=150; 8=200; 9=200; 10=50'),
('SJ126/CJM/11-119', '17045', '1500', '2012-01-10', '5=150; 6=250; 7=375; 8=400; 9=150; 10=175'),
('SJ127/CJM/11-120', '17618', '2000', '2012-01-10', '3=50; 4=370; 5=700; 6=680; 7=200'),
('SJ128/CJM/11-121', '17935', '2000', '2012-01-10', '5=100; 6=450; 7=700; 8=500; 9=200; 10=50'),
('SJ129/CJM/11-123', '18671', '240', '2012-01-20', '6=20; 7=40; 8=60; 9=60; 10=60'),
('SJ130/CJM/11-124', '18094', '2000', '2012-01-20', '5=135; 6=335; 7=800; 8=530; 9=130; 10=70'),
('SJ131/CJM/11-116', '17044', '1500', '2012-01-26', '5=150; 6=250; 7=375; 8=400; 9=150; 10=175'),
('SJ132/CJM/11-114', '17993', '235', '2012-01-26', '6=65; 7=20; 9=120'),
('SJ134/CJM/12-128', '18991', NULL, '2012-02-14', ''),
('SJ133/CJM/12-125', '18577', NULL, '2012-02-01', ''),
('SJ135/CJM/12-127', '18095', NULL, '2012-02-24', ''),
('SJ136/CJM/12-132', '18043', NULL, '2012-02-24', ''),
('SJ137/CJM/12-126', '18578', NULL, '2012-02-29', ''),
('SJ138/CJM/12-133', '18299', NULL, '2012-02-29', ''),
('SJ139/CJM/12-129', '19632', NULL, '2012-03-07', '14 feb 2012'),
('SJ140/CJM/12-131', '18989', NULL, '2012-03-07', '17-02-2012'),
('SJ141/CJM/12-134', '18581', NULL, '2012-03-21', '2012-03-05'),
('SJ142/CJM/12-135', '18044', NULL, '2012-03-21', '2012-03-05'),
('SJ143/CJM/12-136', '18990', NULL, '2012-03-21', '2012-03-05'),
('SJ144/CJM/12-137', '18583', NULL, '2012-03-21', '2012-03-05'),
('SJ145/CJM/12-142', '18986', NULL, '2012-03-15', '2012-03-09'),
('SJ146/CJM/12-140', '18197', NULL, '2012-03-13', ''),
('SJ147/CJM/12-141', '18464', NULL, '2012-03-15', ''),
('SJ148/CJM/12-143', '18987', NULL, '2012-03-15', ''),
('SJ149/CJM/12-144', '18988', NULL, '2012-03-15', ''),
('SJ150/CJM/12-145', '18465', NULL, '2012-03-21', ''),
('SJ151/CJM/12-146', '19633', NULL, '2012-03-21', ''),
('SJ152/CJM/12-147', '20218', NULL, '2012-03-21', ''),
('SJ153/CJM/12-148', '19626', NULL, '2012-03-26', ''),
('SJ154/CJM/12-149', '20219', NULL, '2012-03-26', ''),
('SJ155/CJM/12-150', '20220', NULL, '2012-03-26', ''),
('SJ156/CJM/12-151', '20972', NULL, '2012-03-26', ''),
('SJ157/CJM/12-152', '20611', NULL, '2012-03-29', ''),
('SJ158/CJM/12-153', '21296', NULL, '2012-03-29', ''),
('SJ159/CJM/12-154', '18198', NULL, '2012-04-03', ''),
('SJ160/CJM/12-155', '18920', NULL, '2012-04-03', ''),
('SJ161/CJM/12-156', '19627', NULL, '2012-04-03', ''),
('SJ162/CJM/12-158', '20612', NULL, '2012-04-05', ''),
('SJ163/CJM/12-159', '20609', NULL, '2012-04-05', ''),
('SJ164/CJM/12-160', '20610', NULL, '2012-04-10', ''),
('SJ165/CJM/12-161', '20967', NULL, '2012-04-10', ''),
('SJ166/CJM/12-162', '18921', NULL, '2012-04-10', ''),
('SJ167/CJM/12-163', '18198', NULL, '2012-04-13', ''),
('SJ168/CJM/12-164', '20969', NULL, '2012-04-13', ''),
('SJ169/CJM/12-165', '21923', NULL, '2012-04-13', ''),
('SJ170/CJM/12-166', '21924', NULL, '2012-04-13', ''),
('SJ171/CJM/12-167', '20972', NULL, '2012-04-20', ''),
('SJ172/CJM/12-169', '22407', NULL, '2012-04-25', ''),
('SJ173/CJM/12-170', '22406', NULL, '2012-04-25', ''),
('SJ174/CJM/12-172', '20162', NULL, '2012-05-03', ''),
('SJ175/CJM/12-171', '22406', NULL, '2012-05-03', ''),
('SJ176/CJM/12-173', '20970', NULL, '2012-05-03', ''),
('SJ177/CJM/12-174', '22279', NULL, '2012-05-08', ''),
('SJ178/CJM/12-175', '20970', NULL, '2012-05-08', ''),
('SJ179/CJM/12-176', '22279', NULL, '2012-05-10', ''),
('SJ180/CJM/12-177', '23315', NULL, '2012-05-10', ''),
('SJ181/CJM/12-178', '20965', NULL, '2012-05-10', ''),
('SJ182/CJM/12-179', '22277', NULL, '2012-05-15', ''),
('SJ183/CJM/12-180', '23275', NULL, '2012-05-15', ''),
('SJ184/CJM/12-181', '20163', NULL, '2012-05-15', ''),
('SJ185/CJM/12-182', '23582', NULL, '2012-05-15', ''),
('SJ186/CJM/12-183', '20163', NULL, '2012-05-25', ''),
('SJ187/CJM/12-184', '20965', NULL, '2012-05-25', ''),
('SJ188/CJM/12-185', '20966', NULL, '2012-05-25', ''),
('SJ189/CJM/12-190', '22842', NULL, '2012-06-05', ''),
('SJ190/CJM/12-194', '22624', NULL, '2012-06-19', ''),
('SJ191/CJM/12-196', '22625', NULL, '2012-06-19', ''),
('SJ192/CJM/12-197', '22277', NULL, '2012-06-19', ''),
('SJ193/CJM/12-198', '22842', NULL, '2012-06-22', ''),
('SJ194/CJM/12-199', '22416', NULL, '2012-06-22', ''),
('SJ195/CJM/12-200', '22624', NULL, '2012-06-22', ''),
('SJ196/CJM/12-201', '22625', NULL, '2012-06-22', ''),
('SJ197/CJM/12-202', '22277', NULL, '2012-06-22', ''),
('SJ198/CJM/12-204', '20163', NULL, '2012-06-25', '310 psg'),
('SJ199/CJM/12-205', '22624', NULL, '2012-06-25', ''),
('SJ200/CJM/12-206', '22625', NULL, '2012-06-25', ''),
('SJ201/CJM/12-207', '22843', NULL, '2012-06-25', ''),
('SJ202/CJM/12-208', '22416', NULL, '2012-06-25', ''),
('SJ203/CJM/12-213', '22624', NULL, '2012-06-26', ''),
('SJ204/CJM/12-186', '22841', NULL, '2012-06-01', ''),
('SJ205/CJM/12-188', '20966', NULL, '2012-06-01', ''),
('SJ206/CJM/12-189', '23587', NULL, '2012-06-01', ''),
('SJ207/CJM/12-195', '23902', NULL, '2012-06-19', ''),
('SJ208/CJM/12-209', '23586', NULL, '2012-06-25', ''),
('SJ209/CJM/12-210', '23902', NULL, '2012-06-25', ''),
('SJ210/CJM/12-213', '22416', NULL, '2012-06-29', ''),
('SJ211/CJM/12-212', '22625', NULL, '2012-06-26', ''),
('SJ212/CJM/12-214', '23230', NULL, '2012-07-03', ''),
('SJ213/CJM/12-215', '22843', NULL, '2012-07-03', ''),
('SJ214/CJM/12-216', '23581', NULL, '2012-07-03', ''),
('SJ215/CJM/12-218', '20163', NULL, '2012-07-06', ''),
('SJ216/CJM/12-219', '23586', NULL, '2012-07-06', ''),
('SJ217/CJM/12-220', '22843', NULL, '2012-07-06', ''),
('SJ218/CJM/12-221', '23231', NULL, '2012-07-06', ''),
('SJ219/CJM/12-222', '22203', NULL, '2012-07-06', ''),
('SJ220/CJM/12-223', '23231', NULL, '2012-07-11', ''),
('SJ221/CJM/12-224', '22204', NULL, '2012-07-11', ''),
('SJ222/CJM/12-226', '23233', NULL, '2012-07-13', ''),
('SJ223/CJM/12-227', '22204', NULL, '2012-07-13', ''),
('SJ224/CJM/12-228', '23233', NULL, '2012-07-17', ''),
('SJ225/CJM/12-229', '24261', NULL, '2012-07-17', ''),
('SJ226/CJM/12-230', '22204', NULL, '2012-07-17', ''),
('SJ227/CJM/12-231', '22204', NULL, '2012-07-23', ''),
('SJ228/CJM/12-232', '24259', NULL, '2012-07-23', ''),
('SJ229/CJM/12-233', '22206', NULL, '2012-07-23', ''),
('SJ230/CJM/12-234', '24845', NULL, '2012-07-23', ''),
('SJ231/CJM/12-236', '24259', NULL, '2012-07-26', ''),
('SJ232/CJM/12-237', '24845', NULL, '2012-07-26', ''),
('SJ233/CJM/12-238', '22203', NULL, '2012-07-26', ''),
('SJ234/CJM/12-239', '22207', NULL, '2012-07-30', ''),
('SJ235/CJM/12-240', '24260', NULL, '2012-07-30', ''),
('SJ236/CJM/12-241', '23268', NULL, '2012-07-30', ''),
('SJ237/CJM/12-243', '24845', NULL, '2012-07-30', ''),
('SJ238/CJM/12-244', '24757', NULL, '2012-08-01', ''),
('SJ239/CJM/12-245', '24535', NULL, '2012-08-01', ''),
('SJ240/CJM/12-246', '24567', NULL, '2012-08-01', ''),
('SJ241/CJM/12-247', '23268', NULL, '2012-08-01', ''),
('SJ242/CJM/12-248', '24845', NULL, '2012-08-02', ''),
('SJ243/CJM/12-250', '22203', NULL, '2012-08-06', ''),
('SJ244/CJM/12-251', '20163', NULL, '2012-08-06', ''),
('SJ245/CJM/12-252', '24567', NULL, '2012-08-06', ''),
('SJ246/CJM/12-253', '24535', NULL, '2012-08-06', ''),
('SJ247/CJM/12-254', '23268', NULL, '2012-08-06', ''),
('SJ248/CJM/12-255', '24759', NULL, '2012-08-06', ''),
('SJ249/CJM/12-256', '24568', NULL, '2012-08-06', '5=130; 7=230; 8=100; 9=33; 10=65'),
('SJ250/CJM/12-250', '24759', NULL, '2012-08-07', ''),
('SJ251/CJM/12-251', '24757', NULL, '2012-08-07', ''),
('SJ252/CJM/12-252', '23268', NULL, '2012-08-07', ''),
('SJ253/CJM/12-253', '24759', NULL, '2012-08-08', ''),
('SJ254/CJM/12-254', '24757', NULL, '2012-08-08', ''),
('SJ255/CJM/12-257', '24535', NULL, '2012-08-10', '7=167; 8=255'),
('SJ256/CJM/12-258', '24568', NULL, '2012-08-10', '5=45; 6=130; 4=140; 8=100'),
('SJ257/CJM/12-259', '24261', NULL, '2012-08-10', '5=150; 6=90; 9=250'),
('SJ258/CJM/12-261', '23268', NULL, '2012-08-11', '5=40; 6=20; 7=15; 8=30; 9=10; 10=8'),
('SJ259/CJM/12-262', '24569', NULL, '2012-08-11', ''),
('SJ260/CJM/12-263', '24261', NULL, '2012-08-11', '6=50; 7=440; 8=190; 9=40'),
('SJ261/CJM/12-264', '23270', NULL, '2012-08-11', ''),
('SJ262/CJM/12-266', '25788', NULL, '2012-08-11', '6=300; 7=500; 8=500; 9=350'),
('SJ263/CJM/12-267', '23270', NULL, '2012-09-11', 'tanggal asli : 2012-09-08'),
('SJ264/CJM/12-268', '25486', NULL, '2012-09-11', '6=60; 7=260; 8=60; 9=10'),
('SJ265/CJM/12-269', '24569', NULL, '2012-09-11', 'tanggal asli : 8 sept 2012\r\n6=170; 7=65; 8=80; 9=25; 10=70'),
('SJ266/CJM/12-270', '25788', NULL, '2012-09-11', 'total = 910\r\n5=250; 6=200; 7=335; 8=125'),
('SJ267/CJM/12-273', '25787', NULL, '2012-09-11', ''),
('SJ268/CJM/12-274', '23268', NULL, '2012-09-11', '5=25; 6=20; 10=41'),
('SJ269/CJM/12-275', '24568', NULL, '2012-09-11', '9=27'),
('SJ270/CJM/12-276', '24536', NULL, '2012-09-11', 'Hantex = 1250 pcs'),
('SJ271/CJM/12-277', '24535', NULL, '2012-09-11', '6=225; 7=11'),
('SJ272/CJM/12-278', '25075', NULL, '2012-09-11', 'Hantex : 400 pcs'),
('SJ273/CJM/12-279', '25417', NULL, '2012-09-11', 'Hantex : 400 pcs'),
('SJ274/CJM/12-280', '25482', NULL, '2012-09-11', 'Hantex : 1250 pcs'),
('SJ275/CJM/12-282', '21799', NULL, '2012-09-11', ''),
('SJ276/CJM/12-283', '24536', NULL, '2012-09-14', '6=10; 8=10; 9=40; 10=20'),
('SJ277/CJM/12-284', '25482', NULL, '2012-09-14', ''),
('SJ278/CJM/12-285', '25485', NULL, '2012-09-14', ''),
('SJ279/CJM/12-285', '26316', NULL, '2012-09-14', ''),
('SJ280/CJM/12-286', '21799', NULL, '2012-09-14', ''),
('SJ281/CJM/12-287', '23269', NULL, '2012-09-14', ''),
('SJ282/CJM/12-288', '23270', NULL, '2012-09-14', ''),
('SJ283/CJM/12-289', '26316', NULL, '2012-09-19', ''),
('SJ284/CJM/12-292', '25619', NULL, '2012-09-25', ''),
('SJ285/CJM/12-293', '21799', NULL, '2012-09-25', ''),
('SJ286/CJM/12-294', '21798', NULL, '2012-09-25', ''),
('SJ287/CJM/12-271', '25118', NULL, '2012-09-10', 'HANTEX = 662psg'),
('SJ288/CJM/12-272', '25118', NULL, '2012-09-10', 'CELEX / PENGERAS TOE POST = 662psg'),
('SJ289/CJM/12-288', '25485', NULL, '2012-09-19', ''),
('SJ290/CJM/12-295', '23268', NULL, '2012-10-04', ''),
('SJ291/CJM/12-297', '25619', NULL, '2012-10-04', 'HANTEX = 1700 pcs'),
('SJ292/CJM/12-299', '28201', NULL, '2012-10-04', ''),
('SJ293/CJM/12-298', '25787', NULL, '2012-10-04', ''),
('SJ294/CJM/12-300', '26028', NULL, '2012-10-04', 'HANTEX = 400pcs'),
('SJ295/CJM/12-314', '26631', NULL, '2012-11-01', ''),
('SJ296/CJM/12-315', '26632', NULL, '2012-11-01', 'HANTEX=1250pcs'),
('SJ297/CJM/12-313', '24271', NULL, '2012-11-02', 'KEKURANGAN : 6=30'),
('SJ298/CJM/12-316', '26887', NULL, '2012-11-07', ''),
('SJ299/CJM/12-317', '25618', NULL, '2012-11-07', ''),
('SJ300/CJM/12-301', '26030', NULL, '2012-11-12', ''),
('SJ301/CJM/12-318', '26009', NULL, '2012-11-12', 'KEKURANGAN :\r\n7=10; 8=60'),
('SJ302/CJM/12-313', '25486', NULL, '2012-11-05', 'SJ Asli tgl : 2012-11-01'),
('SJ319/CJM/13-329', '25075', NULL, '2012-11-29', ''),
('SJ303/CJM/12-313', '27777', NULL, '2012-11-05', '5=40; 6=350\r\nhandtag = 390'),
('SJ304/CJM/12-321', '26633', NULL, '2012-11-14', ''),
('SJ305/CJM/12-322', '26634', NULL, '2012-11-14', ''),
('SJ306/CJM/12-323', '26635', NULL, '2012-11-14', 'handtag = 500pcs'),
('SJ307/CJM/12-324', '26636', NULL, '2012-11-14', 'Handtag = 500pcs'),
('SJ308/CJM/12-325', '26888', NULL, '2012-11-14', ''),
('SJ309/CJM/12-326', '27776', NULL, '2012-11-20', 'Handtag = 400pcs + 1350pcs'),
('SJ310/CJM/12-308', '28201', NULL, '2012-11-22', ''),
('SJ311/CJM/12-310', '23270', NULL, '2012-11-22', '6=60; 9=90; 10=35'),
('SJ312/CJM/12-312', '21798', NULL, '2012-11-22', '7=34; 8=76; 9=10'),
('SJ313/CJM/12-327', '26013', NULL, '2012-11-22', ''),
('SJ314/CJM/12-328', '27366', NULL, '2012-11-22', ''),
('SJ315/CJM/12-329', '27782', NULL, '2012-11-22', 'Handtag = 1510pcs'),
('SJ316/CJM/12-330', '27799', NULL, '2012-11-28', 'Handtag = 2000pcs'),
('SJ317/CJM/12-331', '27782', NULL, '2012-11-29', 'Handtag = 700pcs'),
('SJ318/CJM/12-332', '27365', NULL, '2012-11-29', ''),
('SJ320/CJM/13-330', '27777', NULL, '2012-11-29', '5=50; 6=65; 7=340; 8=440; 9=50; 10=20'),
('SJ321/CJM/13-333', '24270', NULL, '2012-12-06', ''),
('SJ322/CJM/13-334', '23271', NULL, '2012-12-06', '5=80; 6=275; 7=422; 8=263; 9=125; 10=35'),
('SJ323/CJM/13-335', '26013', NULL, '2012-12-06', ''),
('SJ324/CJM/13-336', '26547', NULL, '2012-12-06', ''),
('SJ325/CJM/13-337', '27778', NULL, '2012-12-06', ''),
('SJ326/CJM/13-338', '28486', NULL, '2012-12-06', ''),
('SJ327/CJM/13-339', '26547', NULL, '2012-12-10', ''),
('SJ328/CJM/13-340', '26548', NULL, '2012-12-10', ''),
('SJ329/CJM/13-341', '28524', NULL, '2012-12-10', ''),
('SJ330/CJM/13-339', '23271', NULL, '2012-12-14', '5=3; 6=6; 7=11; 8=20; 9=50; 10=10'),
('SJ331/CJM/13-340', '23269', NULL, '2012-12-14', '7=103; 8=17; 10=10'),
('SJ332/CJM/13-341', '24270', NULL, '2012-12-14', ''),
('SJ333/CJM/13-343', '26548', NULL, '2012-12-14', ''),
('SJ334/CJM/13-344', '26547', NULL, '2012-12-14', ''),
('SJ335/CJM/13-345', '27365', NULL, '2012-12-14', '5=10; 6=20; 7=20'),
('SJ336/CJM/13-346', '28525', NULL, '2012-12-14', ''),
('SJ337/CJM/13-347', '28524', NULL, '2012-12-14', ''),
('SJ338/CJM/13-348', '28486', NULL, '2012-12-14', ''),
('SJ339/CJM/13-352', '27779', NULL, '2012-12-21', ''),
('SJ340/CJM/13-353', '27780', NULL, '2012-12-21', ''),
('SJ341/CJM/13-354', '28525', NULL, '2012-12-21', ''),
('SJ342/CJM/13-355', '28485', NULL, '2012-12-21', ''),
('SJ343/CJM/13-349', '24270', NULL, '2012-12-21', ''),
('SJ344/CJM/13-351', '26013', NULL, '2012-12-21', 'handtag = 270'),
('SJ345/CJM/13-357', '28526', NULL, '2013-01-03', ''),
('SJ346/CJM/13-356', '28481', NULL, '2013-01-03', ''),
('SJ347/CJM/13-358', '28528', NULL, '2013-01-03', ''),
('SJ348/CJM/13-360', '28528', NULL, '2013-01-15', ''),
('SJ349/CJM/13-362', '27780', NULL, '2013-01-15', '7=190'),
('SJ350/CJM/13-363', '28583', NULL, '2013-01-15', ''),
('SJ351/CJM/133-364', '23269', NULL, '2013-01-21', ''),
('SJ352/CJM/13-365', '24270', NULL, '2013-01-21', ''),
('SJ353/CJM/13-365', '27780', NULL, '2013-01-21', ''),
('SJ354/CJM/13-367', '28583', NULL, '2013-01-21', ''),
('SJ355/CJM/13-350', '26548', NULL, '2013-01-22', ''),
('SJ356/CJM/13-370', '23269', NULL, '2013-01-29', ''),
('SJ357/CJM/13-372', '29089', NULL, '2013-01-29', ''),
('SJ358/CJM/13-371', '30521', NULL, '2013-01-29', ''),
('SJ359/CJM/13-373', '23269', NULL, '2013-02-01', ''),
('SJ360/CJM/13-374', '28560', NULL, '2013-02-01', 'handtag 1000pcs'),
('SJ361/CJM/13-375', '28561', NULL, '2013-02-01', 'handtag 250pcs'),
('SJ362/CJM/13-376', '29089', NULL, '2013-02-01', ''),
('SJ363/CJM/13-375', '28561', NULL, '2013-02-11', 'handtag 645pcs'),
('SJ364/CJM/13-376', '31132', NULL, '2013-02-11', 'handtag 1230'),
('SJ365/CJM/13-377', '29089', NULL, '2013-02-11', ''),
('SJ366/CJM/13-378', '29085', NULL, '2013-02-11', ''),
('SJ367/CJM/13-368', '30493', NULL, '2013-02-15', ''),
('SJ368/CJM/13-369', '30521', NULL, '2013-02-15', '5=65; 6=135; 7=115; 8=105; 9=65; 10=20'),
('SJ369/CJM/13-369', '28481', NULL, '2013-02-15', ''),
('SJ370/CJM/13-380', '31139', NULL, '2013-02-22', ''),
('SJ371/CJM/13-381', '29089', NULL, '2013-02-22', ''),
('SJ372/CJM/13-382', '31132', NULL, '2013-02-22', ''),
('SJ373/CJM/13-384', '31134', NULL, '2013-02-27', ''),
('SJ374/CJM/13-385', '31260', NULL, '2013-02-27', ''),
('SJ375/CJM/13-386', '31138', NULL, '2013-02-27', ''),
('SJ376/CJM/13-387', '31137', NULL, '2013-02-27', ''),
('SJ377/CJM/13-361', '28482', NULL, '2013-03-04', ''),
('SJ378/CJM/13-366', '28482', NULL, '2013-03-04', 'handtag 1000pcs'),
('SJ379/CJM/13-388', '31137', NULL, '2013-03-05', ''),
('SJ380/CJM/13-389', '31137', NULL, '2013-03-07', '5=31; 6=45; 7=19; 8=63; 9=29; 11=58'),
('SJ381/CJM/13-390', '28561', NULL, '2013-03-13', ''),
('SJ382/CJM/13-391', '31134', NULL, '2013-03-13', '7=20; 9=210; 10=120'),
('SJ383/CJM/13-392', '31261', NULL, '2013-03-13', 'handtag 1200pcs'),
('SJ384/CJM/13-393', '30552', NULL, '2013-03-13', ''),
('SJ385/CJM/13-394', '31261', NULL, '2013-03-14', '6=160; 7=210; 8=100; 9=95'),
('SJ386/CJM/13-395', '29085', NULL, '2013-03-14', ''),
('SJ387/CJM/13-396', '30552', NULL, '2013-03-14', 'TOTAL DI SJ = 1105'),
('SJ388/CJM/13-398', '31245', NULL, '2013-03-18', '5=50; 6=285; 7=270; 8=370; 9=100; 10=70;\r\nhandtag 1145pcs'),
('SJ389/CJM/13-397', '31268', NULL, '2013-03-18', ''),
('SJ390/CJM/13-400', '31244', NULL, '2013-03-22', ''),
('SJ391/CJM/13-399', '31244', NULL, '2013-03-22', ''),
('SJ392/CJM/13-401', '30552', NULL, '2013-03-22', ''),
('SJ393/CJM/13-402', '31261', NULL, '2013-03-22', ''),
('SJ394/CJM/13-403', '31268', NULL, '2013-03-28', ''),
('SJ395/CJM/13-404', '31261', NULL, '2013-03-28', ''),
('SJ396/CJM/13-406', '30552', NULL, '2013-03-28', ''),
('SJ397/CJM/13-408', '31244', NULL, '2013-03-28', '6=15; 7=200; 8=285; 9=230; 10=210\r\nOB TIDAK SAMA DENGAN DI SJ'),
('SJ398/CJM/13-405', '32806', NULL, '2013-03-28', ''),
('SJ399/CJM/13-409', '32807', NULL, '2013-03-28', '');

-- --------------------------------------------------------

--
-- Struktur dari tabel `sj_detail`
--

CREATE TABLE IF NOT EXISTS `sj_detail` (
  `ukur_id` int(11) NOT NULL auto_increment,
  `sj_no` varchar(20) NOT NULL,
  `size_sj` int(11) default NULL,
  `qty_sj` int(11) default NULL,
  PRIMARY KEY  (`ukur_id`)
) ENGINE=MyISAM  DEFAULT CHARSET=latin1 AUTO_INCREMENT=1559 ;

--
-- Dumping data untuk tabel `sj_detail`
--

INSERT INTO `sj_detail` (`ukur_id`, `sj_no`, `size_sj`, `qty_sj`) VALUES
(15, 'SJ134/CJM/12-128', 7, 150),
(16, 'SJ134/CJM/12-128', 8, 150),
(14, 'SJ134/CJM/12-128', 6, 90),
(13, 'SJ134/CJM/12-128', 5, 45),
(7, 'SJ133/CJM/12-125', 5, 120),
(8, 'SJ133/CJM/12-125', 6, 300),
(9, 'SJ133/CJM/12-125', 7, 480),
(10, 'SJ133/CJM/12-125', 8, 360),
(11, 'SJ133/CJM/12-125', 9, 180),
(12, 'SJ133/CJM/12-125', 10, 60),
(17, 'SJ134/CJM/12-128', 9, 65),
(18, 'SJ135/CJM/12-127', 5, 65),
(19, 'SJ135/CJM/12-127', 6, 165),
(20, 'SJ135/CJM/12-127', 7, 400),
(21, 'SJ135/CJM/12-127', 8, 270),
(22, 'SJ135/CJM/12-127', 9, 70),
(23, 'SJ135/CJM/12-127', 10, 30),
(24, 'SJ136/CJM/12-132', 5, 100),
(25, 'SJ136/CJM/12-132', 6, 225),
(26, 'SJ136/CJM/12-132', 7, 375),
(27, 'SJ136/CJM/12-132', 8, 325),
(28, 'SJ136/CJM/12-132', 9, 125),
(29, 'SJ136/CJM/12-132', 10, 100),
(30, 'SJ137/CJM/12-126', 5, 120),
(31, 'SJ137/CJM/12-126', 6, 300),
(32, 'SJ137/CJM/12-126', 7, 480),
(33, 'SJ137/CJM/12-126', 8, 360),
(34, 'SJ137/CJM/12-126', 9, 180),
(35, 'SJ137/CJM/12-126', 10, 60),
(36, 'SJ138/CJM/12-133', 5, 200),
(37, 'SJ138/CJM/12-133', 6, 350),
(38, 'SJ138/CJM/12-133', 7, 650),
(39, 'SJ138/CJM/12-133', 8, 450),
(40, 'SJ138/CJM/12-133', 9, 250),
(41, 'SJ138/CJM/12-133', 10, 100),
(42, 'SJ139/CJM/12-129', 5, 100),
(43, 'SJ139/CJM/12-129', 6, 135),
(44, 'SJ139/CJM/12-129', 7, 270),
(45, 'SJ139/CJM/12-129', 8, 400),
(46, 'SJ139/CJM/12-129', 9, 65),
(47, 'SJ139/CJM/12-129', 10, 30),
(48, 'SJ140/CJM/12-131', 5, 160),
(49, 'SJ140/CJM/12-131', 6, 400),
(50, 'SJ140/CJM/12-131', 7, 640),
(51, 'SJ140/CJM/12-131', 8, 480),
(52, 'SJ140/CJM/12-131', 9, 240),
(53, 'SJ140/CJM/12-131', 10, 80),
(54, 'SJ141/CJM/12-134', 5, 100),
(55, 'SJ141/CJM/12-134', 6, 175),
(56, 'SJ141/CJM/12-134', 7, 325),
(57, 'SJ141/CJM/12-134', 8, 225),
(58, 'SJ141/CJM/12-134', 9, 125),
(59, 'SJ141/CJM/12-134', 10, 50),
(60, 'SJ142/CJM/12-135', 5, 100),
(61, 'SJ142/CJM/12-135', 6, 225),
(62, 'SJ142/CJM/12-135', 7, 375),
(63, 'SJ142/CJM/12-135', 8, 325),
(64, 'SJ142/CJM/12-135', 9, 125),
(65, 'SJ142/CJM/12-135', 10, 100),
(66, 'SJ143/CJM/12-136', 5, 160),
(67, 'SJ143/CJM/12-136', 6, 400),
(68, 'SJ143/CJM/12-136', 7, 640),
(69, 'SJ143/CJM/12-136', 8, 480),
(70, 'SJ143/CJM/12-136', 9, 240),
(71, 'SJ143/CJM/12-136', 10, 80),
(72, 'SJ144/CJM/12-137', 5, 100),
(73, 'SJ144/CJM/12-137', 6, 175),
(74, 'SJ144/CJM/12-137', 7, 325),
(75, 'SJ144/CJM/12-137', 8, 225),
(76, 'SJ144/CJM/12-137', 9, 125),
(77, 'SJ144/CJM/12-137', 10, 50),
(78, 'SJ145/CJM/12-142', 5, 70),
(79, 'SJ145/CJM/12-142', 6, 365),
(80, 'SJ145/CJM/12-142', 7, 400),
(81, 'SJ145/CJM/12-142', 8, 500),
(82, 'SJ145/CJM/12-142', 9, 465),
(83, 'SJ145/CJM/12-142', 10, 200),
(84, 'SJ146/CJM/12-140', 5, 150),
(85, 'SJ146/CJM/12-140', 6, 300),
(86, 'SJ146/CJM/12-140', 7, 550),
(87, 'SJ146/CJM/12-140', 8, 425),
(88, 'SJ146/CJM/12-140', 9, 200),
(89, 'SJ146/CJM/12-140', 10, 125),
(90, 'SJ147/CJM/12-141', 5, 100),
(91, 'SJ147/CJM/12-141', 6, 225),
(92, 'SJ147/CJM/12-141', 7, 375),
(93, 'SJ147/CJM/12-141', 8, 325),
(94, 'SJ147/CJM/12-141', 9, 125),
(95, 'SJ147/CJM/12-141', 10, 100),
(96, 'SJ148/CJM/12-143', 5, 30),
(97, 'SJ148/CJM/12-143', 6, 185),
(98, 'SJ148/CJM/12-143', 7, 200),
(99, 'SJ148/CJM/12-143', 8, 250),
(100, 'SJ148/CJM/12-143', 9, 235),
(101, 'SJ148/CJM/12-143', 10, 100),
(102, 'SJ149/CJM/12-144', 5, 40),
(103, 'SJ149/CJM/12-144', 6, 100),
(104, 'SJ149/CJM/12-144', 7, 150),
(105, 'SJ149/CJM/12-144', 8, 150),
(106, 'SJ149/CJM/12-144', 9, 60),
(107, 'SJ150/CJM/12-145', 5, 100),
(108, 'SJ150/CJM/12-145', 6, 225),
(109, 'SJ150/CJM/12-145', 7, 375),
(110, 'SJ150/CJM/12-145', 8, 325),
(111, 'SJ150/CJM/12-145', 9, 125),
(112, 'SJ150/CJM/12-145', 10, 100),
(113, 'SJ151/CJM/12-146', 5, 200),
(114, 'SJ151/CJM/12-146', 6, 265),
(115, 'SJ151/CJM/12-146', 7, 530),
(116, 'SJ151/CJM/12-146', 8, 800),
(117, 'SJ151/CJM/12-146', 9, 135),
(118, 'SJ151/CJM/12-146', 10, 70),
(119, 'SJ152/CJM/12-147', 5, 50),
(120, 'SJ152/CJM/12-147', 6, 70),
(121, 'SJ152/CJM/12-147', 7, 80),
(122, 'SJ152/CJM/12-147', 8, 80),
(123, 'SJ152/CJM/12-147', 9, 20),
(124, 'SJ153/CJM/12-148', 3, 25),
(125, 'SJ153/CJM/12-148', 4, 50),
(126, 'SJ153/CJM/12-148', 5, 750),
(127, 'SJ153/CJM/12-148', 6, 500),
(128, 'SJ153/CJM/12-148', 7, 175),
(129, 'SJ154/CJM/12-149', 5, 50),
(130, 'SJ154/CJM/12-149', 6, 70),
(131, 'SJ154/CJM/12-149', 7, 80),
(132, 'SJ154/CJM/12-149', 8, 80),
(133, 'SJ154/CJM/12-149', 9, 20),
(134, 'SJ155/CJM/12-150', 5, 50),
(135, 'SJ155/CJM/12-150', 6, 70),
(136, 'SJ155/CJM/12-150', 7, 80),
(137, 'SJ155/CJM/12-150', 8, 80),
(138, 'SJ155/CJM/12-150', 9, 20),
(139, 'SJ156/CJM/12-151', 5, 0),
(140, 'SJ156/CJM/12-151', 6, 300),
(141, 'SJ156/CJM/12-151', 7, 600),
(142, 'SJ156/CJM/12-151', 8, 350),
(143, 'SJ156/CJM/12-151', 9, 0),
(144, 'SJ157/CJM/12-152', 5, 100),
(145, 'SJ157/CJM/12-152', 6, 200),
(146, 'SJ157/CJM/12-152', 7, 250),
(147, 'SJ157/CJM/12-152', 8, 600),
(148, 'SJ157/CJM/12-152', 9, 150),
(149, 'SJ157/CJM/12-152', 10, 200),
(150, 'SJ158/CJM/12-153', 6, 160),
(151, 'SJ158/CJM/12-153', 7, 320),
(152, 'SJ158/CJM/12-153', 8, 240),
(153, 'SJ158/CJM/12-153', 9, 80),
(154, 'SJ159/CJM/12-154', 5, 150),
(155, 'SJ159/CJM/12-154', 6, 270),
(156, 'SJ159/CJM/12-154', 7, 180),
(157, 'SJ159/CJM/12-154', 8, 110),
(158, 'SJ159/CJM/12-154', 9, 165),
(159, 'SJ159/CJM/12-154', 10, 125),
(160, 'SJ160/CJM/12-155', 5, 100),
(161, 'SJ160/CJM/12-155', 6, 225),
(162, 'SJ160/CJM/12-155', 7, 375),
(163, 'SJ160/CJM/12-155', 8, 325),
(164, 'SJ160/CJM/12-155', 9, 125),
(165, 'SJ160/CJM/12-155', 10, 100),
(166, 'SJ161/CJM/12-156', 3, 25),
(167, 'SJ161/CJM/12-156', 4, 50),
(168, 'SJ161/CJM/12-156', 5, 750),
(169, 'SJ161/CJM/12-156', 6, 500),
(170, 'SJ161/CJM/12-156', 7, 175),
(171, 'SJ162/CJM/12-158', 5, 100),
(172, 'SJ162/CJM/12-158', 6, 200),
(173, 'SJ162/CJM/12-158', 7, 250),
(174, 'SJ162/CJM/12-158', 8, 600),
(175, 'SJ162/CJM/12-158', 9, 150),
(176, 'SJ162/CJM/12-158', 10, 200),
(177, 'SJ163/CJM/12-159', 5, 150),
(178, 'SJ163/CJM/12-159', 6, 200),
(179, 'SJ163/CJM/12-159', 7, 450),
(180, 'SJ163/CJM/12-159', 8, 250),
(181, 'SJ163/CJM/12-159', 9, 100),
(182, 'SJ163/CJM/12-159', 10, 100),
(183, 'SJ164/CJM/12-160', 5, 150),
(184, 'SJ164/CJM/12-160', 6, 200),
(185, 'SJ164/CJM/12-160', 7, 450),
(186, 'SJ164/CJM/12-160', 8, 250),
(187, 'SJ164/CJM/12-160', 9, 100),
(188, 'SJ164/CJM/12-160', 10, 100),
(189, 'SJ165/CJM/12-161', 5, 125),
(190, 'SJ165/CJM/12-161', 6, 175),
(191, 'SJ165/CJM/12-161', 7, 375),
(192, 'SJ165/CJM/12-161', 8, 425),
(193, 'SJ165/CJM/12-161', 9, 75),
(194, 'SJ165/CJM/12-161', 10, 75),
(195, 'SJ166/CJM/12-162', 5, 100),
(196, 'SJ166/CJM/12-162', 6, 225),
(197, 'SJ166/CJM/12-162', 7, 375),
(198, 'SJ166/CJM/12-162', 8, 325),
(199, 'SJ166/CJM/12-162', 9, 125),
(200, 'SJ166/CJM/12-162', 10, 100),
(201, 'SJ167/CJM/12-163', 5, 0),
(202, 'SJ167/CJM/12-163', 6, 30),
(203, 'SJ167/CJM/12-163', 7, 370),
(204, 'SJ167/CJM/12-163', 8, 315),
(205, 'SJ167/CJM/12-163', 9, 35),
(206, 'SJ167/CJM/12-163', 10, 0),
(207, 'SJ168/CJM/12-164', 5, 125),
(208, 'SJ168/CJM/12-164', 6, 175),
(209, 'SJ168/CJM/12-164', 7, 375),
(210, 'SJ168/CJM/12-164', 8, 425),
(211, 'SJ168/CJM/12-164', 9, 75),
(212, 'SJ168/CJM/12-164', 10, 75),
(213, 'SJ169/CJM/12-165', 5, 60),
(214, 'SJ169/CJM/12-165', 6, 200),
(215, 'SJ169/CJM/12-165', 7, 260),
(216, 'SJ169/CJM/12-165', 8, 200),
(217, 'SJ169/CJM/12-165', 9, 80),
(218, 'SJ170/CJM/12-166', 5, 60),
(219, 'SJ170/CJM/12-166', 6, 200),
(220, 'SJ170/CJM/12-166', 7, 260),
(221, 'SJ170/CJM/12-166', 8, 200),
(222, 'SJ170/CJM/12-166', 9, 80),
(223, 'SJ171/CJM/12-167', 5, 100),
(224, 'SJ171/CJM/12-167', 6, 0),
(225, 'SJ171/CJM/12-167', 7, 0),
(226, 'SJ171/CJM/12-167', 8, 0),
(227, 'SJ171/CJM/12-167', 9, 150),
(228, 'SJ172/CJM/12-169', 6, 21),
(229, 'SJ172/CJM/12-169', 7, 42),
(230, 'SJ172/CJM/12-169', 8, 105),
(231, 'SJ172/CJM/12-169', 9, 84),
(232, 'SJ172/CJM/12-169', 10, 42),
(233, 'SJ172/CJM/12-169', 11, 21),
(234, 'SJ173/CJM/12-170', 6, 21),
(235, 'SJ173/CJM/12-170', 7, 42),
(236, 'SJ173/CJM/12-170', 8, 67),
(237, 'SJ173/CJM/12-170', 9, 84),
(238, 'SJ173/CJM/12-170', 10, 42),
(239, 'SJ173/CJM/12-170', 11, 0),
(240, 'SJ174/CJM/12-172', 5, 100),
(241, 'SJ174/CJM/12-172', 6, 150),
(242, 'SJ174/CJM/12-172', 7, 300),
(243, 'SJ174/CJM/12-172', 8, 250),
(244, 'SJ174/CJM/12-172', 9, 125),
(245, 'SJ174/CJM/12-172', 10, 75),
(246, 'SJ175/CJM/12-171', 6, 0),
(247, 'SJ175/CJM/12-171', 7, 0),
(248, 'SJ175/CJM/12-171', 8, 38),
(249, 'SJ175/CJM/12-171', 9, 0),
(250, 'SJ175/CJM/12-171', 10, 0),
(251, 'SJ175/CJM/12-171', 11, 21),
(252, 'SJ176/CJM/12-173', 5, 200),
(253, 'SJ176/CJM/12-173', 6, 200),
(254, 'SJ176/CJM/12-173', 7, 250),
(255, 'SJ176/CJM/12-173', 8, 200),
(256, 'SJ176/CJM/12-173', 9, 50),
(257, 'SJ176/CJM/12-173', 10, 100),
(258, 'SJ177/CJM/12-174', 6, 115),
(259, 'SJ177/CJM/12-174', 7, 185),
(260, 'SJ177/CJM/12-174', 8, 110),
(261, 'SJ177/CJM/12-174', 9, 145),
(262, 'SJ177/CJM/12-174', 10, 75),
(263, 'SJ177/CJM/12-174', 11, 90),
(264, 'SJ178/CJM/12-175', 5, 0),
(265, 'SJ178/CJM/12-175', 6, 50),
(266, 'SJ178/CJM/12-175', 7, 450),
(267, 'SJ178/CJM/12-175', 8, 500),
(268, 'SJ178/CJM/12-175', 9, 0),
(269, 'SJ178/CJM/12-175', 10, 0),
(270, 'SJ179/CJM/12-176', 6, 0),
(271, 'SJ179/CJM/12-176', 7, 0),
(272, 'SJ179/CJM/12-176', 8, 80),
(273, 'SJ179/CJM/12-176', 9, 0),
(274, 'SJ179/CJM/12-176', 10, 0),
(275, 'SJ179/CJM/12-176', 11, 0),
(276, 'SJ180/CJM/12-177', 5, 120),
(277, 'SJ180/CJM/12-177', 6, 270),
(278, 'SJ180/CJM/12-177', 7, 350),
(279, 'SJ180/CJM/12-177', 8, 200),
(280, 'SJ180/CJM/12-177', 9, 20),
(281, 'SJ180/CJM/12-177', 10, 40),
(282, 'SJ181/CJM/12-178', 3, 25),
(283, 'SJ181/CJM/12-178', 4, 150),
(284, 'SJ181/CJM/12-178', 5, 725),
(285, 'SJ181/CJM/12-178', 6, 900),
(286, 'SJ181/CJM/12-178', 7, 25),
(287, 'SJ182/CJM/12-179', 6, 0),
(288, 'SJ182/CJM/12-179', 7, 90),
(289, 'SJ182/CJM/12-179', 8, 100),
(290, 'SJ182/CJM/12-179', 9, 145),
(291, 'SJ182/CJM/12-179', 10, 75),
(292, 'SJ182/CJM/12-179', 11, 90),
(293, 'SJ183/CJM/12-180', 5, 150),
(294, 'SJ183/CJM/12-180', 6, 200),
(295, 'SJ183/CJM/12-180', 7, 750),
(296, 'SJ183/CJM/12-180', 8, 400),
(297, 'SJ183/CJM/12-180', 9, 400),
(298, 'SJ183/CJM/12-180', 10, 100),
(299, 'SJ184/CJM/12-181', 5, 50),
(300, 'SJ184/CJM/12-181', 6, 75),
(301, 'SJ184/CJM/12-181', 7, 100),
(302, 'SJ184/CJM/12-181', 8, 50),
(303, 'SJ184/CJM/12-181', 9, 50),
(304, 'SJ184/CJM/12-181', 10, 0),
(305, 'SJ185/CJM/12-182', 5, 80),
(306, 'SJ185/CJM/12-182', 6, 140),
(307, 'SJ185/CJM/12-182', 7, 160),
(308, 'SJ185/CJM/12-182', 8, 140),
(309, 'SJ185/CJM/12-182', 9, 80),
(310, 'SJ186/CJM/12-183', 5, 0),
(311, 'SJ186/CJM/12-183', 6, 50),
(312, 'SJ186/CJM/12-183', 7, 100),
(313, 'SJ186/CJM/12-183', 8, 65),
(314, 'SJ186/CJM/12-183', 9, 75),
(315, 'SJ186/CJM/12-183', 10, 75),
(316, 'SJ187/CJM/12-184', 3, 0),
(317, 'SJ187/CJM/12-184', 4, 0),
(318, 'SJ187/CJM/12-184', 5, 100),
(319, 'SJ187/CJM/12-184', 6, 75),
(320, 'SJ187/CJM/12-184', 7, 0),
(321, 'SJ188/CJM/12-185', 3, 25),
(322, 'SJ188/CJM/12-185', 4, 110),
(323, 'SJ188/CJM/12-185', 5, 340),
(324, 'SJ188/CJM/12-185', 6, 425),
(325, 'SJ188/CJM/12-185', 7, 25),
(326, 'SJ189/CJM/12-190', 5, 100),
(327, 'SJ189/CJM/12-190', 6, 290),
(328, 'SJ189/CJM/12-190', 7, 330),
(329, 'SJ189/CJM/12-190', 8, 280),
(330, 'SJ189/CJM/12-190', 9, 40),
(331, 'SJ189/CJM/12-190', 10, 40),
(332, 'SJ190/CJM/12-194', 6, 100),
(333, 'SJ190/CJM/12-194', 7, 190),
(334, 'SJ190/CJM/12-194', 8, 376),
(335, 'SJ190/CJM/12-194', 9, 360),
(336, 'SJ190/CJM/12-194', 10, 300),
(337, 'SJ190/CJM/12-194', 11, 109),
(338, 'SJ191/CJM/12-196', 6, 0),
(339, 'SJ191/CJM/12-196', 7, 140),
(340, 'SJ191/CJM/12-196', 8, 140),
(341, 'SJ191/CJM/12-196', 9, 340),
(342, 'SJ191/CJM/12-196', 10, 180),
(343, 'SJ191/CJM/12-196', 11, 50),
(344, 'SJ192/CJM/12-197', 6, 97),
(345, 'SJ192/CJM/12-197', 7, 80),
(346, 'SJ192/CJM/12-197', 8, 84),
(347, 'SJ192/CJM/12-197', 9, 0),
(348, 'SJ192/CJM/12-197', 10, 0),
(349, 'SJ192/CJM/12-197', 11, 0),
(350, 'SJ193/CJM/12-198', 5, 60),
(351, 'SJ193/CJM/12-198', 6, 110),
(352, 'SJ193/CJM/12-198', 7, 270),
(353, 'SJ193/CJM/12-198', 8, 200),
(354, 'SJ193/CJM/12-198', 9, 200),
(355, 'SJ193/CJM/12-198', 10, 80),
(356, 'SJ194/CJM/12-199', 6, 400),
(357, 'SJ194/CJM/12-199', 7, 200),
(358, 'SJ194/CJM/12-199', 8, 430),
(359, 'SJ194/CJM/12-199', 9, 150),
(360, 'SJ195/CJM/12-200', 6, 8),
(361, 'SJ195/CJM/12-200', 7, 50),
(362, 'SJ195/CJM/12-200', 8, 75),
(363, 'SJ195/CJM/12-200', 9, 42),
(364, 'SJ195/CJM/12-200', 10, 11),
(365, 'SJ195/CJM/12-200', 11, 0),
(366, 'SJ196/CJM/12-201', 6, 100),
(367, 'SJ196/CJM/12-201', 7, 196),
(368, 'SJ196/CJM/12-201', 8, 357),
(369, 'SJ196/CJM/12-201', 9, 176),
(370, 'SJ196/CJM/12-201', 10, 143),
(371, 'SJ196/CJM/12-201', 11, 57),
(372, 'SJ197/CJM/12-202', 6, 18),
(373, 'SJ197/CJM/12-202', 7, 15),
(374, 'SJ197/CJM/12-202', 8, 6),
(375, 'SJ197/CJM/12-202', 9, 0),
(376, 'SJ197/CJM/12-202', 10, 0),
(377, 'SJ197/CJM/12-202', 11, 0),
(378, '0', 5, 50),
(379, '0', 6, 25),
(380, '0', 7, 100),
(381, '0', 8, 135),
(382, '0', 9, 0),
(383, '0', 10, 0),
(384, 'SJ199/CJM/12-205', 6, 1),
(385, 'SJ199/CJM/12-205', 7, 76),
(386, 'SJ199/CJM/12-205', 8, 21),
(387, 'SJ199/CJM/12-205', 9, 72),
(388, 'SJ199/CJM/12-205', 10, 5),
(389, 'SJ199/CJM/12-205', 11, 0),
(390, 'SJ200/CJM/12-206', 6, 13),
(391, 'SJ200/CJM/12-206', 7, 4),
(392, 'SJ200/CJM/12-206', 8, 20),
(393, 'SJ200/CJM/12-206', 9, 0),
(394, 'SJ200/CJM/12-206', 10, 13),
(395, 'SJ200/CJM/12-206', 11, 12),
(396, 'SJ201/CJM/12-207', 5, 160),
(397, 'SJ201/CJM/12-207', 6, 130),
(398, 'SJ201/CJM/12-207', 7, 400),
(399, 'SJ201/CJM/12-207', 8, 200),
(400, 'SJ201/CJM/12-207', 9, 235),
(401, 'SJ201/CJM/12-207', 10, 0),
(402, 'SJ202/CJM/12-208', 6, 135),
(403, 'SJ202/CJM/12-208', 7, 380),
(404, 'SJ202/CJM/12-208', 8, 150),
(405, 'SJ202/CJM/12-208', 9, 0),
(406, 'SJ203/CJM/12-213', 6, 0),
(407, 'SJ203/CJM/12-213', 7, 0),
(408, 'SJ203/CJM/12-213', 8, 2),
(409, 'SJ203/CJM/12-213', 9, 0),
(410, 'SJ203/CJM/12-213', 10, 0),
(411, 'SJ203/CJM/12-213', 11, 0),
(412, 'SJ204/CJM/12-186', 5, 80),
(413, 'SJ204/CJM/12-186', 6, 200),
(414, 'SJ204/CJM/12-186', 7, 300),
(415, 'SJ204/CJM/12-186', 8, 240),
(416, 'SJ204/CJM/12-186', 9, 120),
(417, 'SJ204/CJM/12-186', 10, 60),
(418, 'SJ205/CJM/12-188', 3, 0),
(419, 'SJ205/CJM/12-188', 4, 40),
(420, 'SJ205/CJM/12-188', 5, 485),
(421, 'SJ205/CJM/12-188', 6, 550),
(422, 'SJ205/CJM/12-188', 7, 0),
(423, 'SJ206/CJM/12-189', 5, 60),
(424, 'SJ206/CJM/12-189', 6, 80),
(425, 'SJ206/CJM/12-189', 7, 120),
(426, 'SJ206/CJM/12-189', 8, 80),
(427, 'SJ206/CJM/12-189', 9, 60),
(428, 'SJ207/CJM/12-195', 5, 150),
(429, 'SJ207/CJM/12-195', 6, 300),
(430, 'SJ207/CJM/12-195', 7, 700),
(431, 'SJ207/CJM/12-195', 8, 500),
(432, 'SJ207/CJM/12-195', 9, 150),
(433, 'SJ207/CJM/12-195', 10, 100),
(434, 'SJ208/CJM/12-209', 5, 50),
(435, 'SJ208/CJM/12-209', 6, 80),
(436, 'SJ208/CJM/12-209', 7, 120),
(437, 'SJ208/CJM/12-209', 8, 40),
(438, 'SJ208/CJM/12-209', 9, 60),
(439, 'SJ209/CJM/12-210', 5, 0),
(440, 'SJ209/CJM/12-210', 6, 100),
(441, 'SJ209/CJM/12-210', 7, 0),
(442, 'SJ209/CJM/12-210', 8, 0),
(443, 'SJ209/CJM/12-210', 9, 0),
(444, 'SJ209/CJM/12-210', 10, 0),
(445, 'SJ210/CJM/12-213', 6, 15),
(446, 'SJ210/CJM/12-213', 7, 20),
(447, 'SJ210/CJM/12-213', 8, 120),
(448, 'SJ210/CJM/12-213', 9, 0),
(458, 'SJ211/CJM/12-212', 9, 0),
(457, 'SJ211/CJM/12-212', 8, 0),
(456, 'SJ211/CJM/12-212', 7, 2),
(455, 'SJ211/CJM/12-212', 6, 6),
(459, 'SJ211/CJM/12-212', 10, 8),
(460, 'SJ211/CJM/12-212', 11, 0),
(461, 'SJ212/CJM/12-214', 5, 115),
(462, 'SJ212/CJM/12-214', 6, 300),
(463, 'SJ212/CJM/12-214', 7, 470),
(464, 'SJ212/CJM/12-214', 8, 365),
(465, 'SJ212/CJM/12-214', 9, 170),
(466, 'SJ212/CJM/12-214', 10, 80),
(467, 'SJ213/CJM/12-215', 5, 0),
(468, 'SJ213/CJM/12-215', 6, 180),
(469, 'SJ213/CJM/12-215', 7, 150),
(470, 'SJ213/CJM/12-215', 8, 100),
(471, 'SJ213/CJM/12-215', 9, 0),
(472, 'SJ213/CJM/12-215', 10, 20),
(473, 'SJ214/CJM/12-216', 5, 80),
(474, 'SJ214/CJM/12-216', 6, 140),
(475, 'SJ214/CJM/12-216', 7, 160),
(476, 'SJ214/CJM/12-216', 8, 140),
(477, 'SJ214/CJM/12-216', 9, 80),
(478, 'SJ215/CJM/12-218', 5, 10),
(479, 'SJ215/CJM/12-218', 6, 25),
(480, 'SJ215/CJM/12-218', 7, 100),
(481, 'SJ215/CJM/12-218', 8, 105),
(482, 'SJ215/CJM/12-218', 9, 0),
(483, 'SJ215/CJM/12-218', 10, 0),
(484, 'SJ216/CJM/12-219', 5, 10),
(485, 'SJ216/CJM/12-219', 6, 0),
(486, 'SJ216/CJM/12-219', 7, 0),
(487, 'SJ216/CJM/12-219', 8, 40),
(488, 'SJ216/CJM/12-219', 9, 0),
(489, 'SJ217/CJM/12-220', 5, 0),
(490, 'SJ217/CJM/12-220', 6, 90),
(491, 'SJ217/CJM/12-220', 7, 50),
(492, 'SJ217/CJM/12-220', 8, 180),
(493, 'SJ217/CJM/12-220', 9, 5),
(494, 'SJ217/CJM/12-220', 10, 100),
(495, 'SJ218/CJM/12-221', 5, 115),
(496, 'SJ218/CJM/12-221', 6, 180),
(497, 'SJ218/CJM/12-221', 7, 360),
(498, 'SJ218/CJM/12-221', 8, 225),
(499, 'SJ218/CJM/12-221', 9, 80),
(500, 'SJ218/CJM/12-221', 10, 80),
(501, 'SJ219/CJM/12-222', 5, 100),
(502, 'SJ219/CJM/12-222', 6, 125),
(503, 'SJ219/CJM/12-222', 7, 175),
(504, 'SJ219/CJM/12-222', 8, 225),
(505, 'SJ219/CJM/12-222', 9, 125),
(506, 'SJ219/CJM/12-222', 10, 100),
(507, 'SJ220/CJM/12-223', 5, 0),
(508, 'SJ220/CJM/12-223', 6, 120),
(509, 'SJ220/CJM/12-223', 7, 110),
(510, 'SJ220/CJM/12-223', 8, 140),
(511, 'SJ220/CJM/12-223', 9, 90),
(512, 'SJ220/CJM/12-223', 10, 0),
(513, 'SJ221/CJM/12-224', 5, 0),
(514, 'SJ221/CJM/12-224', 6, 100),
(515, 'SJ221/CJM/12-224', 7, 200),
(516, 'SJ221/CJM/12-224', 8, 100),
(517, 'SJ221/CJM/12-224', 9, 0),
(518, 'SJ221/CJM/12-224', 10, 0),
(519, 'SJ222/CJM/12-226', 5, 120),
(520, 'SJ222/CJM/12-226', 6, 180),
(521, 'SJ222/CJM/12-226', 7, 200),
(522, 'SJ222/CJM/12-226', 8, 180),
(523, 'SJ222/CJM/12-226', 9, 100),
(524, 'SJ222/CJM/12-226', 10, 80),
(525, 'SJ223/CJM/12-227', 5, 0),
(526, 'SJ223/CJM/12-227', 6, 15),
(527, 'SJ223/CJM/12-227', 7, 175),
(528, 'SJ223/CJM/12-227', 8, 225),
(529, 'SJ223/CJM/12-227', 9, 125),
(530, 'SJ223/CJM/12-227', 10, 0),
(531, 'SJ224/CJM/12-228', 5, 0),
(532, 'SJ224/CJM/12-228', 6, 120),
(533, 'SJ224/CJM/12-228', 7, 260),
(534, 'SJ224/CJM/12-228', 8, 190),
(535, 'SJ224/CJM/12-228', 9, 60),
(536, 'SJ224/CJM/12-228', 10, 10),
(537, 'SJ225/CJM/12-229', 5, 80),
(538, 'SJ225/CJM/12-229', 6, 140),
(539, 'SJ225/CJM/12-229', 7, 160),
(540, 'SJ225/CJM/12-229', 8, 140),
(541, 'SJ225/CJM/12-229', 9, 80),
(542, 'SJ226/CJM/12-230', 5, 81),
(543, 'SJ226/CJM/12-230', 6, 110),
(544, 'SJ226/CJM/12-230', 7, 0),
(545, 'SJ226/CJM/12-230', 8, 0),
(546, 'SJ226/CJM/12-230', 9, 0),
(547, 'SJ226/CJM/12-230', 10, 100),
(548, 'SJ227/CJM/12-231', 5, 19),
(549, 'SJ227/CJM/12-231', 6, 0),
(550, 'SJ227/CJM/12-231', 7, 0),
(551, 'SJ227/CJM/12-231', 8, 0),
(552, 'SJ227/CJM/12-231', 9, 0),
(553, 'SJ227/CJM/12-231', 10, 0),
(554, 'SJ228/CJM/12-232', 5, 150),
(555, 'SJ228/CJM/12-232', 6, 335),
(556, 'SJ228/CJM/12-232', 7, 190),
(557, 'SJ228/CJM/12-232', 8, 145),
(558, 'SJ228/CJM/12-232', 9, 125),
(559, 'SJ228/CJM/12-232', 10, 60),
(560, 'SJ229/CJM/12-233', 5, 100),
(561, 'SJ229/CJM/12-233', 6, 225),
(562, 'SJ229/CJM/12-233', 7, 375),
(563, 'SJ229/CJM/12-233', 8, 325),
(564, 'SJ229/CJM/12-233', 9, 125),
(565, 'SJ229/CJM/12-233', 10, 100),
(566, 'SJ230/CJM/12-234', 6, 0),
(567, 'SJ230/CJM/12-234', 7, 50),
(568, 'SJ230/CJM/12-234', 8, 100),
(569, 'SJ230/CJM/12-234', 9, 310),
(570, 'SJ230/CJM/12-234', 10, 188),
(571, 'SJ230/CJM/12-234', 11, 0),
(572, 'SJ231/CJM/12-236', 5, 0),
(573, 'SJ231/CJM/12-236', 6, 65),
(574, 'SJ231/CJM/12-236', 7, 410),
(575, 'SJ231/CJM/12-236', 8, 205),
(576, 'SJ231/CJM/12-236', 9, 0),
(577, 'SJ231/CJM/12-236', 10, 65),
(578, 'SJ232/CJM/12-237', 6, 108),
(579, 'SJ232/CJM/12-237', 7, 127),
(580, 'SJ232/CJM/12-237', 8, 165),
(581, 'SJ232/CJM/12-237', 9, 0),
(582, 'SJ232/CJM/12-237', 10, 0),
(583, 'SJ232/CJM/12-237', 11, 0),
(584, 'SJ233/CJM/12-238', 5, 0),
(585, 'SJ233/CJM/12-238', 6, 100),
(586, 'SJ233/CJM/12-238', 7, 118),
(587, 'SJ233/CJM/12-238', 8, 0),
(588, 'SJ233/CJM/12-238', 9, 0),
(589, 'SJ233/CJM/12-238', 10, 0),
(590, 'SJ234/CJM/12-239', 5, 20),
(591, 'SJ234/CJM/12-239', 6, 45),
(592, 'SJ234/CJM/12-239', 7, 75),
(593, 'SJ234/CJM/12-239', 8, 65),
(594, 'SJ234/CJM/12-239', 9, 25),
(595, 'SJ234/CJM/12-239', 10, 20),
(596, 'SJ235/CJM/12-240', 5, 150),
(597, 'SJ235/CJM/12-240', 6, 400),
(598, 'SJ235/CJM/12-240', 7, 600),
(599, 'SJ235/CJM/12-240', 8, 350),
(600, 'SJ235/CJM/12-240', 9, 125),
(601, 'SJ235/CJM/12-240', 10, 125),
(602, 'SJ236/CJM/12-241', 5, 0),
(603, 'SJ236/CJM/12-241', 6, 0),
(604, 'SJ236/CJM/12-241', 7, 282),
(605, 'SJ236/CJM/12-241', 8, 250),
(606, 'SJ236/CJM/12-241', 9, 0),
(607, 'SJ236/CJM/12-241', 10, 0),
(608, 'SJ237/CJM/12-243', 6, 0),
(609, 'SJ237/CJM/12-243', 7, 30),
(610, 'SJ237/CJM/12-243', 8, 17),
(611, 'SJ237/CJM/12-243', 9, 0),
(612, 'SJ237/CJM/12-243', 10, 0),
(613, 'SJ237/CJM/12-243', 11, 0),
(614, 'SJ238/CJM/12-244', 6, 30),
(615, 'SJ238/CJM/12-244', 7, 45),
(616, 'SJ238/CJM/12-244', 8, 25),
(617, 'SJ238/CJM/12-244', 9, 153),
(618, 'SJ238/CJM/12-244', 10, 103),
(619, 'SJ238/CJM/12-244', 11, 55),
(620, 'SJ239/CJM/12-245', 5, 145),
(621, 'SJ239/CJM/12-245', 6, 135),
(622, 'SJ239/CJM/12-245', 7, 75),
(623, 'SJ239/CJM/12-245', 8, 75),
(624, 'SJ239/CJM/12-245', 9, 75),
(625, 'SJ239/CJM/12-245', 10, 105),
(626, 'SJ240/CJM/12-246', 5, 0),
(627, 'SJ240/CJM/12-246', 6, 110),
(628, 'SJ240/CJM/12-246', 7, 70),
(629, 'SJ240/CJM/12-246', 8, 0),
(630, 'SJ240/CJM/12-246', 9, 53),
(631, 'SJ240/CJM/12-246', 10, 0),
(632, 'SJ241/CJM/12-247', 5, 0),
(633, 'SJ241/CJM/12-247', 6, 90),
(634, 'SJ241/CJM/12-247', 7, 240),
(635, 'SJ241/CJM/12-247', 8, 50),
(636, 'SJ241/CJM/12-247', 9, 0),
(637, 'SJ241/CJM/12-247', 10, 0),
(638, 'SJ242/CJM/12-248', 6, 0),
(639, 'SJ242/CJM/12-248', 7, 27),
(640, 'SJ242/CJM/12-248', 8, 44),
(641, 'SJ242/CJM/12-248', 9, 15),
(642, 'SJ242/CJM/12-248', 10, 5),
(643, 'SJ242/CJM/12-248', 11, 104),
(644, 'SJ243/CJM/12-250', 5, 0),
(645, 'SJ243/CJM/12-250', 6, 0),
(646, 'SJ243/CJM/12-250', 7, 18),
(647, 'SJ243/CJM/12-250', 8, 100),
(648, 'SJ243/CJM/12-250', 9, 0),
(649, 'SJ243/CJM/12-250', 10, 0),
(650, 'SJ244/CJM/12-251', 5, 40),
(651, 'SJ244/CJM/12-251', 6, 0),
(652, 'SJ244/CJM/12-251', 7, 0),
(653, 'SJ244/CJM/12-251', 8, 30),
(654, 'SJ244/CJM/12-251', 9, 0),
(655, 'SJ244/CJM/12-251', 10, 0),
(656, 'SJ245/CJM/12-252', 5, 85),
(657, 'SJ245/CJM/12-252', 6, 90),
(658, 'SJ245/CJM/12-252', 7, 295),
(659, 'SJ245/CJM/12-252', 8, 220),
(660, 'SJ245/CJM/12-252', 9, 12),
(661, 'SJ245/CJM/12-252', 10, 65),
(662, 'SJ246/CJM/12-253', 5, 0),
(663, 'SJ246/CJM/12-253', 6, 0),
(664, 'SJ246/CJM/12-253', 7, 287),
(665, 'SJ246/CJM/12-253', 8, 135),
(666, 'SJ246/CJM/12-253', 9, 145),
(667, 'SJ246/CJM/12-253', 10, 0),
(668, 'SJ247/CJM/12-254', 5, 50),
(669, 'SJ247/CJM/12-254', 6, 170),
(670, 'SJ247/CJM/12-254', 7, 160),
(671, 'SJ247/CJM/12-254', 8, 170),
(672, 'SJ247/CJM/12-254', 9, 20),
(673, 'SJ247/CJM/12-254', 10, 60),
(674, 'SJ248/CJM/12-255', 6, 0),
(675, 'SJ248/CJM/12-255', 7, 0),
(676, 'SJ248/CJM/12-255', 8, 70),
(677, 'SJ248/CJM/12-255', 9, 130),
(678, 'SJ248/CJM/12-255', 10, 127),
(679, 'SJ248/CJM/12-255', 11, 73),
(680, 'SJ249/CJM/12-256', 5, 0),
(681, 'SJ249/CJM/12-256', 6, 130),
(682, 'SJ249/CJM/12-256', 7, 230),
(683, 'SJ249/CJM/12-256', 8, 100),
(684, 'SJ249/CJM/12-256', 9, 33),
(685, 'SJ249/CJM/12-256', 10, 65),
(686, 'SJ250/CJM/12-250', 6, 19),
(687, 'SJ250/CJM/12-250', 7, 20),
(688, 'SJ250/CJM/12-250', 8, 100),
(689, 'SJ250/CJM/12-250', 9, 0),
(690, 'SJ250/CJM/12-250', 10, 0),
(691, 'SJ250/CJM/12-250', 11, 0),
(692, 'SJ251/CJM/12-251', 6, 0),
(693, 'SJ251/CJM/12-251', 7, 0),
(694, 'SJ251/CJM/12-251', 8, 50),
(695, 'SJ251/CJM/12-251', 9, 0),
(696, 'SJ251/CJM/12-251', 10, 0),
(697, 'SJ251/CJM/12-251', 11, 0),
(698, 'SJ252/CJM/12-252', 5, 0),
(699, 'SJ252/CJM/12-252', 6, 0),
(700, 'SJ252/CJM/12-252', 7, 0),
(701, 'SJ252/CJM/12-252', 8, 0),
(702, 'SJ252/CJM/12-252', 9, 190),
(703, 'SJ252/CJM/12-252', 10, 0),
(704, 'SJ253/CJM/12-253', 6, 47),
(705, 'SJ253/CJM/12-253', 7, 114),
(706, 'SJ253/CJM/12-253', 8, 29),
(707, 'SJ253/CJM/12-253', 9, 69),
(708, 'SJ253/CJM/12-253', 10, 6),
(709, 'SJ253/CJM/12-253', 11, 3),
(710, 'SJ254/CJM/12-254', 6, 22),
(711, 'SJ254/CJM/12-254', 7, 77),
(712, 'SJ254/CJM/12-254', 8, 114),
(713, 'SJ254/CJM/12-254', 9, 37),
(714, 'SJ254/CJM/12-254', 10, 0),
(715, 'SJ254/CJM/12-254', 11, 0),
(716, 'SJ255/CJM/12-257', 5, 0),
(717, 'SJ255/CJM/12-257', 6, 24),
(718, 'SJ255/CJM/12-257', 7, 178),
(719, 'SJ255/CJM/12-257', 8, 220),
(720, 'SJ255/CJM/12-257', 9, 0),
(721, 'SJ255/CJM/12-257', 10, 0),
(722, 'SJ256/CJM/12-258', 5, 58),
(723, 'SJ256/CJM/12-258', 6, 70),
(724, 'SJ256/CJM/12-258', 7, 135),
(725, 'SJ256/CJM/12-258', 8, 120),
(726, 'SJ256/CJM/12-258', 9, 32),
(727, 'SJ256/CJM/12-258', 10, 0),
(728, 'SJ257/CJM/12-259', 5, 70),
(729, 'SJ257/CJM/12-259', 6, 60),
(730, 'SJ257/CJM/12-259', 7, 30),
(731, 'SJ257/CJM/12-259', 8, 110),
(732, 'SJ257/CJM/12-259', 9, 220),
(733, 'SJ258/CJM/12-261', 5, 65),
(734, 'SJ258/CJM/12-261', 6, 21),
(735, 'SJ258/CJM/12-261', 7, 3),
(736, 'SJ258/CJM/12-261', 8, 0),
(737, 'SJ258/CJM/12-261', 9, 40),
(738, 'SJ258/CJM/12-261', 10, 50),
(739, 'SJ259/CJM/12-262', 5, 0),
(740, 'SJ259/CJM/12-262', 6, 90),
(741, 'SJ259/CJM/12-262', 7, 300),
(742, 'SJ259/CJM/12-262', 8, 150),
(743, 'SJ259/CJM/12-262', 9, 50),
(744, 'SJ259/CJM/12-262', 10, 0),
(745, 'SJ260/CJM/12-263', 5, 0),
(746, 'SJ260/CJM/12-263', 6, 0),
(747, 'SJ260/CJM/12-263', 7, 510),
(748, 'SJ260/CJM/12-263', 8, 0),
(749, 'SJ260/CJM/12-263', 9, 0),
(750, 'SJ261/CJM/12-264', 5, 120),
(751, 'SJ261/CJM/12-264', 6, 200),
(752, 'SJ261/CJM/12-264', 7, 510),
(753, 'SJ261/CJM/12-264', 8, 150),
(754, 'SJ261/CJM/12-264', 9, 0),
(755, 'SJ261/CJM/12-264', 10, 0),
(756, 'SJ262/CJM/12-266', 5, 0),
(757, 'SJ262/CJM/12-266', 6, 300),
(758, 'SJ262/CJM/12-266', 7, 500),
(759, 'SJ262/CJM/12-266', 8, 500),
(760, 'SJ262/CJM/12-266', 9, 350),
(761, 'SJ263/CJM/12-267', 5, 0),
(762, 'SJ263/CJM/12-267', 6, 60),
(763, 'SJ263/CJM/12-267', 7, 100),
(764, 'SJ263/CJM/12-267', 8, 305),
(765, 'SJ263/CJM/12-267', 9, 195),
(766, 'SJ263/CJM/12-267', 10, 40),
(767, 'SJ264/CJM/12-268', 5, 60),
(768, 'SJ264/CJM/12-268', 6, 260),
(769, 'SJ264/CJM/12-268', 7, 60),
(770, 'SJ264/CJM/12-268', 8, 10),
(771, 'SJ264/CJM/12-268', 9, 0),
(772, 'SJ264/CJM/12-268', 10, 0),
(773, 'SJ265/CJM/12-269', 5, 80),
(774, 'SJ265/CJM/12-269', 6, 110),
(775, 'SJ265/CJM/12-269', 7, 70),
(776, 'SJ265/CJM/12-269', 8, 60),
(777, 'SJ265/CJM/12-269', 9, 20),
(778, 'SJ265/CJM/12-269', 10, 70),
(779, 'SJ266/CJM/12-270', 5, 250),
(780, 'SJ266/CJM/12-270', 6, 200),
(781, 'SJ266/CJM/12-270', 7, 335),
(782, 'SJ266/CJM/12-270', 8, 125),
(783, 'SJ266/CJM/12-270', 9, -60),
(784, 'SJ267/CJM/12-273', 5, 50),
(785, 'SJ267/CJM/12-273', 6, 100),
(786, 'SJ267/CJM/12-273', 7, 165),
(787, 'SJ267/CJM/12-273', 8, 125),
(788, 'SJ267/CJM/12-273', 9, 0),
(789, 'SJ268/CJM/12-274', 5, 0),
(790, 'SJ268/CJM/12-274', 6, 86),
(791, 'SJ268/CJM/12-274', 7, 0),
(792, 'SJ268/CJM/12-274', 8, 0),
(793, 'SJ268/CJM/12-274', 9, 0),
(794, 'SJ268/CJM/12-274', 10, 0),
(795, 'SJ269/CJM/12-275', 5, 27),
(796, 'SJ269/CJM/12-275', 6, 0),
(797, 'SJ269/CJM/12-275', 7, 0),
(798, 'SJ269/CJM/12-275', 8, 0),
(799, 'SJ269/CJM/12-275', 9, 0),
(800, 'SJ269/CJM/12-275', 10, 0),
(801, 'SJ270/CJM/12-276', 5, 95),
(802, 'SJ270/CJM/12-276', 6, 230),
(803, 'SJ270/CJM/12-276', 7, 360),
(804, 'SJ270/CJM/12-276', 8, 280),
(805, 'SJ270/CJM/12-276', 9, 105),
(806, 'SJ270/CJM/12-276', 10, 50),
(807, 'SJ271/CJM/12-277', 5, 0),
(808, 'SJ271/CJM/12-277', 6, 201),
(809, 'SJ271/CJM/12-277', 7, 0),
(810, 'SJ271/CJM/12-277', 8, 0),
(811, 'SJ271/CJM/12-277', 9, 0),
(812, 'SJ271/CJM/12-277', 10, 0),
(813, 'SJ272/CJM/12-278', 5, 50),
(814, 'SJ272/CJM/12-278', 6, 50),
(815, 'SJ272/CJM/12-278', 7, 120),
(816, 'SJ272/CJM/12-278', 8, 60),
(817, 'SJ272/CJM/12-278', 9, 55),
(818, 'SJ273/CJM/12-279', 5, 60),
(819, 'SJ273/CJM/12-279', 6, 80),
(820, 'SJ273/CJM/12-279', 7, 120),
(821, 'SJ273/CJM/12-279', 8, 80),
(822, 'SJ273/CJM/12-279', 9, 60),
(823, 'SJ274/CJM/12-280', 5, 125),
(824, 'SJ274/CJM/12-280', 6, 60),
(825, 'SJ274/CJM/12-280', 7, 375),
(826, 'SJ274/CJM/12-280', 8, 375),
(827, 'SJ274/CJM/12-280', 9, 135),
(828, 'SJ274/CJM/12-280', 10, 75),
(829, 'SJ275/CJM/12-282', 5, 0),
(830, 'SJ275/CJM/12-282', 6, 0),
(831, 'SJ275/CJM/12-282', 7, 90),
(832, 'SJ275/CJM/12-282', 8, 230),
(833, 'SJ275/CJM/12-282', 9, 80),
(834, 'SJ275/CJM/12-282', 10, 80),
(835, 'SJ276/CJM/12-283', 5, 0),
(836, 'SJ276/CJM/12-283', 6, 10),
(837, 'SJ276/CJM/12-283', 7, 0),
(838, 'SJ276/CJM/12-283', 8, 10),
(839, 'SJ276/CJM/12-283', 9, 35),
(840, 'SJ276/CJM/12-283', 10, 25),
(841, 'SJ277/CJM/12-284', 5, 0),
(842, 'SJ277/CJM/12-284', 6, 40),
(843, 'SJ277/CJM/12-284', 7, 0),
(844, 'SJ277/CJM/12-284', 8, 0),
(845, 'SJ277/CJM/12-284', 9, 65),
(846, 'SJ277/CJM/12-284', 10, 0),
(847, 'SJ278/CJM/12-285', 5, 0),
(848, 'SJ278/CJM/12-285', 6, 0),
(849, 'SJ278/CJM/12-285', 7, 200),
(850, 'SJ278/CJM/12-285', 8, 250),
(851, 'SJ278/CJM/12-285', 9, 185),
(852, 'SJ278/CJM/12-285', 10, 40),
(853, 'SJ279/CJM/12-285', 5, 150),
(854, 'SJ279/CJM/12-285', 6, 360),
(855, 'SJ279/CJM/12-285', 7, 450),
(856, 'SJ279/CJM/12-285', 8, 300),
(857, 'SJ279/CJM/12-285', 9, 150),
(858, 'SJ279/CJM/12-285', 10, 100),
(859, 'SJ280/CJM/12-286', 5, 80),
(860, 'SJ280/CJM/12-286', 6, 170),
(861, 'SJ280/CJM/12-286', 7, 130),
(862, 'SJ280/CJM/12-286', 8, 0),
(863, 'SJ280/CJM/12-286', 9, 5),
(864, 'SJ280/CJM/12-286', 10, 0),
(865, 'SJ281/CJM/12-287', 5, 55),
(866, 'SJ281/CJM/12-287', 6, 80),
(867, 'SJ281/CJM/12-287', 7, 0),
(868, 'SJ281/CJM/12-287', 8, 230),
(869, 'SJ281/CJM/12-287', 9, 130),
(870, 'SJ281/CJM/12-287', 10, 50),
(871, 'SJ282/CJM/12-288', 5, 0),
(872, 'SJ282/CJM/12-288', 6, 0),
(873, 'SJ282/CJM/12-288', 7, 55),
(874, 'SJ282/CJM/12-288', 8, 0),
(875, 'SJ282/CJM/12-288', 9, 0),
(876, 'SJ282/CJM/12-288', 10, 80),
(877, 'SJ283/CJM/12-289', 5, 0),
(878, 'SJ283/CJM/12-289', 6, 40),
(879, 'SJ283/CJM/12-289', 7, 450),
(880, 'SJ283/CJM/12-289', 8, 0),
(881, 'SJ283/CJM/12-289', 9, 0),
(882, 'SJ283/CJM/12-289', 10, 0),
(883, 'SJ284/CJM/12-292', 5, 85),
(884, 'SJ284/CJM/12-292', 6, 30),
(885, 'SJ284/CJM/12-292', 7, 370),
(886, 'SJ284/CJM/12-292', 8, 460),
(887, 'SJ284/CJM/12-292', 9, 75),
(888, 'SJ284/CJM/12-292', 10, 100),
(889, 'SJ285/CJM/12-293', 5, 0),
(890, 'SJ285/CJM/12-293', 6, 10),
(891, 'SJ285/CJM/12-293', 7, 80),
(892, 'SJ285/CJM/12-293', 8, 30),
(893, 'SJ285/CJM/12-293', 9, 15),
(894, 'SJ285/CJM/12-293', 10, 0),
(895, 'SJ286/CJM/12-294', 5, 80),
(896, 'SJ286/CJM/12-294', 6, 180),
(897, 'SJ286/CJM/12-294', 7, 265),
(898, 'SJ286/CJM/12-294', 8, 185),
(899, 'SJ286/CJM/12-294', 9, 90),
(900, 'SJ286/CJM/12-294', 10, 80),
(901, 'SJ287/CJM/12-271', 6, 0),
(902, 'SJ287/CJM/12-271', 7, 25),
(903, 'SJ287/CJM/12-271', 8, 100),
(904, 'SJ287/CJM/12-271', 9, 140),
(905, 'SJ287/CJM/12-271', 10, 103),
(906, 'SJ287/CJM/12-271', 11, 50),
(907, 'SJ288/CJM/12-272', 6, 45),
(908, 'SJ288/CJM/12-272', 7, 97),
(909, 'SJ288/CJM/12-272', 8, 70),
(910, 'SJ288/CJM/12-272', 9, 32),
(911, 'SJ288/CJM/12-272', 10, 0),
(912, 'SJ288/CJM/12-272', 11, 0),
(913, 'SJ289/CJM/12-288', 5, 125),
(914, 'SJ289/CJM/12-288', 6, 100),
(915, 'SJ289/CJM/12-288', 7, 175),
(916, 'SJ289/CJM/12-288', 8, 125),
(917, 'SJ289/CJM/12-288', 9, 15),
(918, 'SJ289/CJM/12-288', 10, 35),
(919, 'SJ290/CJM/12-295', 5, 0),
(920, 'SJ290/CJM/12-295', 6, 3),
(921, 'SJ290/CJM/12-295', 7, 0),
(922, 'SJ290/CJM/12-295', 8, 0),
(923, 'SJ290/CJM/12-295', 9, 0),
(924, 'SJ290/CJM/12-295', 10, 0),
(925, 'SJ291/CJM/12-297', 5, 65),
(926, 'SJ291/CJM/12-297', 6, 170),
(927, 'SJ291/CJM/12-297', 7, 230),
(928, 'SJ291/CJM/12-297', 8, 190),
(929, 'SJ291/CJM/12-297', 9, 225),
(930, 'SJ291/CJM/12-297', 10, 0),
(931, 'SJ292/CJM/12-299', 6, 250),
(932, 'SJ292/CJM/12-299', 7, 860),
(933, 'SJ292/CJM/12-299', 8, 650),
(934, 'SJ293/CJM/12-298', 5, 0),
(935, 'SJ293/CJM/12-298', 6, 0),
(936, 'SJ293/CJM/12-298', 7, 0),
(937, 'SJ293/CJM/12-298', 8, 0),
(938, 'SJ293/CJM/12-298', 9, 60),
(939, 'SJ294/CJM/12-300', 5, 60),
(940, 'SJ294/CJM/12-300', 6, 80),
(941, 'SJ294/CJM/12-300', 7, 120),
(942, 'SJ294/CJM/12-300', 8, 80),
(943, 'SJ294/CJM/12-300', 9, 60),
(944, 'SJ295/CJM/12-314', 5, 125),
(945, 'SJ295/CJM/12-314', 6, 300),
(946, 'SJ295/CJM/12-314', 7, 500),
(947, 'SJ295/CJM/12-314', 8, 225),
(948, 'SJ295/CJM/12-314', 9, 75),
(949, 'SJ295/CJM/12-314', 10, 25),
(950, 'SJ296/CJM/12-315', 5, 125),
(951, 'SJ296/CJM/12-315', 6, 300),
(952, 'SJ296/CJM/12-315', 7, 500),
(953, 'SJ296/CJM/12-315', 8, 225),
(954, 'SJ296/CJM/12-315', 9, 75),
(955, 'SJ296/CJM/12-315', 10, 25),
(956, 'SJ297/CJM/12-313', 5, 120),
(957, 'SJ297/CJM/12-313', 6, 270),
(958, 'SJ297/CJM/12-313', 7, 450),
(959, 'SJ297/CJM/12-313', 8, 390),
(960, 'SJ297/CJM/12-313', 9, 150),
(961, 'SJ297/CJM/12-313', 10, 120),
(962, 'SJ298/CJM/12-316', 5, 60),
(963, 'SJ298/CJM/12-316', 6, 80),
(964, 'SJ298/CJM/12-316', 7, 120),
(965, 'SJ298/CJM/12-316', 8, 80),
(966, 'SJ298/CJM/12-316', 9, 60),
(967, 'SJ299/CJM/12-317', 5, 150),
(968, 'SJ299/CJM/12-317', 6, 500),
(969, 'SJ299/CJM/12-317', 7, 400),
(970, 'SJ299/CJM/12-317', 8, 450),
(971, 'SJ299/CJM/12-317', 9, 100),
(972, 'SJ299/CJM/12-317', 10, 150),
(973, 'SJ300/CJM/12-301', 5, 60),
(974, 'SJ300/CJM/12-301', 6, 80),
(975, 'SJ300/CJM/12-301', 7, 120),
(976, 'SJ300/CJM/12-301', 8, 80),
(977, 'SJ300/CJM/12-301', 9, 60),
(978, 'SJ301/CJM/12-318', 5, 50),
(979, 'SJ301/CJM/12-318', 6, 50),
(980, 'SJ301/CJM/12-318', 7, 225),
(981, 'SJ301/CJM/12-318', 8, 500),
(982, 'SJ301/CJM/12-318', 9, 125),
(983, 'SJ301/CJM/12-318', 10, 150),
(984, 'SJ302/CJM/12-313', 5, 0),
(985, 'SJ302/CJM/12-313', 6, 90),
(986, 'SJ302/CJM/12-313', 7, 140),
(987, 'SJ302/CJM/12-313', 8, 540),
(988, 'SJ302/CJM/12-313', 9, 110),
(989, 'SJ302/CJM/12-313', 10, 80),
(1078, 'SJ319/CJM/13-329', 5, 10),
(990, 'SJ303/CJM/12-313', 5, 40),
(991, 'SJ303/CJM/12-313', 6, 125),
(992, 'SJ303/CJM/12-313', 7, 100),
(993, 'SJ303/CJM/12-313', 8, 50),
(994, 'SJ303/CJM/12-313', 9, 50),
(995, 'SJ303/CJM/12-313', 10, 25),
(996, 'SJ304/CJM/12-321', 5, 125),
(997, 'SJ304/CJM/12-321', 6, 30),
(998, 'SJ304/CJM/12-321', 7, 125),
(999, 'SJ304/CJM/12-321', 8, 170),
(1000, 'SJ304/CJM/12-321', 9, 50),
(1001, 'SJ305/CJM/12-322', 5, 125),
(1002, 'SJ305/CJM/12-322', 6, 40),
(1003, 'SJ305/CJM/12-322', 7, 125),
(1004, 'SJ305/CJM/12-322', 8, 160),
(1005, 'SJ305/CJM/12-322', 9, 50),
(1006, 'SJ306/CJM/12-323', 5, 125),
(1007, 'SJ306/CJM/12-323', 6, 40),
(1008, 'SJ306/CJM/12-323', 7, 125),
(1009, 'SJ306/CJM/12-323', 8, 160),
(1010, 'SJ306/CJM/12-323', 9, 50),
(1011, 'SJ307/CJM/12-324', 5, 125),
(1012, 'SJ307/CJM/12-324', 6, 40),
(1013, 'SJ307/CJM/12-324', 7, 125),
(1014, 'SJ307/CJM/12-324', 8, 160),
(1015, 'SJ307/CJM/12-324', 9, 50),
(1016, 'SJ308/CJM/12-325', 5, 60),
(1017, 'SJ308/CJM/12-325', 6, 80),
(1018, 'SJ308/CJM/12-325', 7, 120),
(1019, 'SJ308/CJM/12-325', 8, 80),
(1020, 'SJ308/CJM/12-325', 9, 60),
(1021, 'SJ309/CJM/12-326', 5, 50),
(1022, 'SJ309/CJM/12-326', 6, 125),
(1023, 'SJ309/CJM/12-326', 7, 600),
(1024, 'SJ309/CJM/12-326', 8, 500),
(1025, 'SJ309/CJM/12-326', 9, 50),
(1026, 'SJ309/CJM/12-326', 10, 25),
(1027, 'SJ310/CJM/12-308', 6, 0),
(1028, 'SJ310/CJM/12-308', 7, 340),
(1029, 'SJ310/CJM/12-308', 8, 0),
(1030, 'SJ311/CJM/12-310', 5, 0),
(1031, 'SJ311/CJM/12-310', 6, 105),
(1032, 'SJ311/CJM/12-310', 7, 0),
(1033, 'SJ311/CJM/12-310', 8, 0),
(1034, 'SJ311/CJM/12-310', 9, 80),
(1035, 'SJ311/CJM/12-310', 10, 0),
(1036, 'SJ312/CJM/12-312', 5, 0),
(1037, 'SJ312/CJM/12-312', 6, 0),
(1038, 'SJ312/CJM/12-312', 7, 35),
(1039, 'SJ312/CJM/12-312', 8, 75),
(1040, 'SJ312/CJM/12-312', 9, 10),
(1041, 'SJ312/CJM/12-312', 10, 0),
(1042, 'SJ313/CJM/12-327', 5, 50),
(1043, 'SJ313/CJM/12-327', 6, 20),
(1044, 'SJ313/CJM/12-327', 7, 200),
(1045, 'SJ313/CJM/12-327', 8, 235),
(1046, 'SJ313/CJM/12-327', 9, 80),
(1047, 'SJ313/CJM/12-327', 10, 75),
(1048, 'SJ314/CJM/12-328', 5, 70),
(1049, 'SJ314/CJM/12-328', 6, 125),
(1050, 'SJ314/CJM/12-328', 7, 265),
(1051, 'SJ314/CJM/12-328', 8, 170),
(1052, 'SJ314/CJM/12-328', 9, 40),
(1053, 'SJ314/CJM/12-328', 10, 30),
(1054, 'SJ315/CJM/12-329', 5, 225),
(1055, 'SJ315/CJM/12-329', 6, 350),
(1056, 'SJ315/CJM/12-329', 7, 490),
(1057, 'SJ315/CJM/12-329', 8, 200),
(1058, 'SJ315/CJM/12-329', 9, 170),
(1059, 'SJ315/CJM/12-329', 10, 75),
(1060, 'SJ316/CJM/12-330', 5, 225),
(1061, 'SJ316/CJM/12-330', 6, 475),
(1062, 'SJ316/CJM/12-330', 7, 650),
(1063, 'SJ316/CJM/12-330', 8, 400),
(1064, 'SJ316/CJM/12-330', 9, 175),
(1065, 'SJ316/CJM/12-330', 10, 75),
(1066, 'SJ317/CJM/12-331', 5, 0),
(1067, 'SJ317/CJM/12-331', 6, 125),
(1068, 'SJ317/CJM/12-331', 7, 160),
(1069, 'SJ317/CJM/12-331', 8, 200),
(1070, 'SJ317/CJM/12-331', 9, 5),
(1071, 'SJ317/CJM/12-331', 10, 0),
(1072, 'SJ318/CJM/12-332', 5, 180),
(1073, 'SJ318/CJM/12-332', 6, 325),
(1074, 'SJ318/CJM/12-332', 7, 650),
(1075, 'SJ318/CJM/12-332', 8, 430),
(1076, 'SJ318/CJM/12-332', 9, 95),
(1077, 'SJ318/CJM/12-332', 10, 70),
(1079, 'SJ319/CJM/13-329', 6, 30),
(1080, 'SJ319/CJM/13-329', 7, 0),
(1081, 'SJ319/CJM/13-329', 8, 20),
(1082, 'SJ319/CJM/13-329', 9, 5),
(1083, 'SJ320/CJM/13-330', 5, 10),
(1084, 'SJ320/CJM/13-330', 6, 0),
(1085, 'SJ320/CJM/13-330', 7, 500),
(1086, 'SJ320/CJM/13-330', 8, 450),
(1087, 'SJ320/CJM/13-330', 9, 0),
(1088, 'SJ320/CJM/13-330', 10, 0),
(1089, 'SJ321/CJM/13-333', 5, 120),
(1090, 'SJ321/CJM/13-333', 6, 0),
(1091, 'SJ321/CJM/13-333', 7, 0),
(1092, 'SJ321/CJM/13-333', 8, 310),
(1093, 'SJ321/CJM/13-333', 9, 0),
(1094, 'SJ321/CJM/13-333', 10, 110),
(1095, 'SJ322/CJM/13-334', 5, 80),
(1096, 'SJ322/CJM/13-334', 6, 235),
(1097, 'SJ322/CJM/13-334', 7, 422),
(1098, 'SJ322/CJM/13-334', 8, 263),
(1099, 'SJ322/CJM/13-334', 9, 165),
(1100, 'SJ322/CJM/13-334', 10, 35),
(1101, 'SJ323/CJM/13-335', 5, 0),
(1102, 'SJ323/CJM/13-335', 6, 20),
(1103, 'SJ323/CJM/13-335', 7, 25),
(1104, 'SJ323/CJM/13-335', 8, 25),
(1105, 'SJ323/CJM/13-335', 9, 25),
(1106, 'SJ323/CJM/13-335', 10, 75),
(1107, 'SJ324/CJM/13-336', 6, 40),
(1108, 'SJ324/CJM/13-336', 7, 80),
(1109, 'SJ324/CJM/13-336', 8, 180),
(1110, 'SJ324/CJM/13-336', 9, 75),
(1111, 'SJ324/CJM/13-336', 10, 80),
(1112, 'SJ324/CJM/13-336', 11, 40),
(1113, 'SJ325/CJM/13-337', 5, 85),
(1114, 'SJ325/CJM/13-337', 6, 75),
(1115, 'SJ325/CJM/13-337', 7, 130),
(1116, 'SJ325/CJM/13-337', 8, 100),
(1117, 'SJ325/CJM/13-337', 9, 60),
(1118, 'SJ325/CJM/13-337', 10, 50),
(1119, 'SJ326/CJM/13-338', 5, 115),
(1120, 'SJ326/CJM/13-338', 6, 75),
(1121, 'SJ326/CJM/13-338', 7, 200),
(1122, 'SJ326/CJM/13-338', 8, 250),
(1123, 'SJ326/CJM/13-338', 9, 60),
(1124, 'SJ326/CJM/13-338', 10, 50),
(1125, 'SJ327/CJM/13-339', 6, 0),
(1126, 'SJ327/CJM/13-339', 7, 0),
(1127, 'SJ327/CJM/13-339', 8, 20),
(1128, 'SJ327/CJM/13-339', 9, 60),
(1129, 'SJ327/CJM/13-339', 10, 0),
(1130, 'SJ327/CJM/13-339', 11, 0),
(1131, 'SJ328/CJM/13-340', 6, 0),
(1132, 'SJ328/CJM/13-340', 7, 134),
(1133, 'SJ328/CJM/13-340', 8, 80),
(1134, 'SJ328/CJM/13-340', 9, 260),
(1135, 'SJ328/CJM/13-340', 10, 134),
(1136, 'SJ328/CJM/13-340', 11, 67),
(1137, 'SJ329/CJM/13-341', 5, 65),
(1138, 'SJ329/CJM/13-341', 6, 135),
(1139, 'SJ329/CJM/13-341', 7, 900),
(1140, 'SJ329/CJM/13-341', 8, 325),
(1141, 'SJ329/CJM/13-341', 9, 40),
(1142, 'SJ329/CJM/13-341', 10, 70),
(1143, 'SJ330/CJM/13-339', 5, 0),
(1144, 'SJ330/CJM/13-339', 6, 0),
(1145, 'SJ330/CJM/13-339', 7, 13),
(1146, 'SJ330/CJM/13-339', 8, 32),
(1147, 'SJ330/CJM/13-339', 9, 10),
(1148, 'SJ330/CJM/13-339', 10, 45),
(1149, 'SJ331/CJM/13-340', 5, 0),
(1150, 'SJ331/CJM/13-340', 6, 0),
(1151, 'SJ331/CJM/13-340', 7, 120),
(1152, 'SJ331/CJM/13-340', 8, 0),
(1153, 'SJ331/CJM/13-340', 9, 0),
(1154, 'SJ331/CJM/13-340', 10, 10),
(1155, 'SJ332/CJM/13-341', 5, 0),
(1156, 'SJ332/CJM/13-341', 6, 145),
(1157, 'SJ332/CJM/13-341', 7, 155),
(1158, 'SJ332/CJM/13-341', 8, 0),
(1159, 'SJ332/CJM/13-341', 9, 0),
(1160, 'SJ332/CJM/13-341', 10, 0),
(1161, 'SJ333/CJM/13-343', 6, 67),
(1162, 'SJ333/CJM/13-343', 7, 0),
(1163, 'SJ333/CJM/13-343', 8, 175),
(1164, 'SJ333/CJM/13-343', 9, 8),
(1165, 'SJ333/CJM/13-343', 10, 0),
(1166, 'SJ333/CJM/13-343', 11, 0),
(1167, 'SJ334/CJM/13-344', 6, 0),
(1168, 'SJ334/CJM/13-344', 7, 0),
(1169, 'SJ334/CJM/13-344', 8, 0),
(1170, 'SJ334/CJM/13-344', 9, 25),
(1171, 'SJ334/CJM/13-344', 10, 0),
(1172, 'SJ334/CJM/13-344', 11, 0),
(1173, 'SJ335/CJM/13-345', 5, 0),
(1174, 'SJ335/CJM/13-345', 6, 0),
(1175, 'SJ335/CJM/13-345', 7, 35),
(1176, 'SJ335/CJM/13-345', 8, 0),
(1177, 'SJ335/CJM/13-345', 9, 15),
(1178, 'SJ335/CJM/13-345', 10, 0),
(1179, 'SJ336/CJM/13-346', 5, 35),
(1180, 'SJ336/CJM/13-346', 6, 65),
(1181, 'SJ336/CJM/13-346', 7, 440),
(1182, 'SJ336/CJM/13-346', 8, 335),
(1183, 'SJ336/CJM/13-346', 9, 35),
(1184, 'SJ336/CJM/13-346', 10, 30),
(1185, 'SJ337/CJM/13-347', 5, 0),
(1186, 'SJ337/CJM/13-347', 6, 0),
(1187, 'SJ337/CJM/13-347', 7, 100),
(1188, 'SJ337/CJM/13-347', 8, 340),
(1189, 'SJ337/CJM/13-347', 9, 25),
(1190, 'SJ337/CJM/13-347', 10, 0),
(1191, 'SJ338/CJM/13-348', 5, 0),
(1192, 'SJ338/CJM/13-348', 6, 150),
(1193, 'SJ338/CJM/13-348', 7, 100),
(1194, 'SJ338/CJM/13-348', 8, 0),
(1195, 'SJ338/CJM/13-348', 9, 0),
(1196, 'SJ338/CJM/13-348', 10, 0),
(1197, 'SJ339/CJM/13-352', 5, 85),
(1198, 'SJ339/CJM/13-352', 6, 75),
(1199, 'SJ339/CJM/13-352', 7, 130),
(1200, 'SJ339/CJM/13-352', 8, 100),
(1201, 'SJ339/CJM/13-352', 9, 60),
(1202, 'SJ339/CJM/13-352', 10, 50),
(1203, 'SJ340/CJM/13-353', 5, 150),
(1204, 'SJ340/CJM/13-353', 6, 180),
(1205, 'SJ340/CJM/13-353', 7, 345),
(1206, 'SJ340/CJM/13-353', 8, 450),
(1207, 'SJ340/CJM/13-353', 9, 40),
(1208, 'SJ340/CJM/13-353', 10, 45),
(1209, 'SJ341/CJM/13-354', 5, 0),
(1210, 'SJ341/CJM/13-354', 6, 0),
(1211, 'SJ341/CJM/13-354', 7, 60),
(1212, 'SJ341/CJM/13-354', 8, 0),
(1213, 'SJ341/CJM/13-354', 9, 0),
(1214, 'SJ341/CJM/13-354', 10, 0),
(1215, 'SJ342/CJM/13-355', 5, 60),
(1216, 'SJ342/CJM/13-355', 6, 100),
(1217, 'SJ342/CJM/13-355', 7, 150),
(1218, 'SJ342/CJM/13-355', 8, 125),
(1219, 'SJ342/CJM/13-355', 9, 40),
(1220, 'SJ342/CJM/13-355', 10, 25),
(1221, 'SJ343/CJM/13-349', 5, 0),
(1222, 'SJ343/CJM/13-349', 6, 45),
(1223, 'SJ343/CJM/13-349', 7, 200),
(1224, 'SJ343/CJM/13-349', 8, 80),
(1225, 'SJ343/CJM/13-349', 9, 145),
(1226, 'SJ343/CJM/13-349', 10, 10),
(1227, 'SJ344/CJM/13-351', 5, 0),
(1228, 'SJ344/CJM/13-351', 6, 10),
(1229, 'SJ344/CJM/13-351', 7, 0),
(1230, 'SJ344/CJM/13-351', 8, 240),
(1231, 'SJ344/CJM/13-351', 9, 20),
(1232, 'SJ344/CJM/13-351', 10, 0),
(1233, 'SJ345/CJM/13-357', 5, 100),
(1234, 'SJ345/CJM/13-357', 6, 180),
(1235, 'SJ345/CJM/13-357', 7, 380),
(1236, 'SJ345/CJM/13-357', 8, 240),
(1237, 'SJ345/CJM/13-357', 9, 60),
(1238, 'SJ345/CJM/13-357', 10, 40),
(1239, 'SJ346/CJM/13-356', 5, 40),
(1240, 'SJ346/CJM/13-356', 6, 210),
(1241, 'SJ346/CJM/13-356', 7, 610),
(1242, 'SJ346/CJM/13-356', 8, 340),
(1243, 'SJ346/CJM/13-356', 9, 180),
(1244, 'SJ346/CJM/13-356', 10, 80),
(1245, 'SJ347/CJM/13-358', 5, 150),
(1246, 'SJ347/CJM/13-358', 6, 200),
(1247, 'SJ347/CJM/13-358', 7, 300),
(1248, 'SJ347/CJM/13-358', 8, 200),
(1249, 'SJ347/CJM/13-358', 9, 90),
(1250, 'SJ347/CJM/13-358', 10, 60),
(1251, 'SJ348/CJM/13-360', 5, 0),
(1252, 'SJ348/CJM/13-360', 6, 70),
(1253, 'SJ348/CJM/13-360', 7, 270),
(1254, 'SJ348/CJM/13-360', 8, 160),
(1255, 'SJ348/CJM/13-360', 9, 0),
(1256, 'SJ348/CJM/13-360', 10, 0),
(1257, 'SJ349/CJM/13-362', 5, 70),
(1258, 'SJ349/CJM/13-362', 6, 120),
(1259, 'SJ349/CJM/13-362', 7, 195),
(1260, 'SJ349/CJM/13-362', 8, 0),
(1261, 'SJ349/CJM/13-362', 9, 190),
(1262, 'SJ349/CJM/13-362', 10, 105),
(1263, 'SJ350/CJM/13-363', 5, 145),
(1264, 'SJ350/CJM/13-363', 6, 325),
(1265, 'SJ350/CJM/13-363', 7, 230),
(1266, 'SJ350/CJM/13-363', 8, 375),
(1267, 'SJ350/CJM/13-363', 9, 75),
(1268, 'SJ350/CJM/13-363', 10, 75),
(1269, 'SJ351/CJM/133-364', 5, 0),
(1270, 'SJ351/CJM/133-364', 6, 100),
(1271, 'SJ351/CJM/133-364', 7, 25),
(1272, 'SJ351/CJM/133-364', 8, 0),
(1273, 'SJ351/CJM/133-364', 9, 0),
(1274, 'SJ351/CJM/133-364', 10, 0),
(1275, 'SJ352/CJM/13-365', 5, 0),
(1276, 'SJ352/CJM/13-365', 6, 80),
(1277, 'SJ352/CJM/13-365', 7, 95),
(1278, 'SJ352/CJM/13-365', 8, 0),
(1279, 'SJ352/CJM/13-365', 9, 5),
(1280, 'SJ352/CJM/13-365', 10, 0),
(1281, 'SJ353/CJM/13-365', 5, 110),
(1282, 'SJ353/CJM/13-365', 6, 0),
(1283, 'SJ353/CJM/13-365', 7, 0),
(1284, 'SJ353/CJM/13-365', 8, 0),
(1285, 'SJ353/CJM/13-365', 9, 0),
(1286, 'SJ353/CJM/13-365', 10, 0),
(1287, 'SJ354/CJM/13-367', 5, 30),
(1288, 'SJ354/CJM/13-367', 6, 0),
(1289, 'SJ354/CJM/13-367', 7, 220),
(1290, 'SJ354/CJM/13-367', 8, 0),
(1291, 'SJ354/CJM/13-367', 9, 25),
(1292, 'SJ354/CJM/13-367', 10, 0),
(1293, 'SJ355/CJM/13-350', 6, 0),
(1294, 'SJ355/CJM/13-350', 7, 0),
(1295, 'SJ355/CJM/13-350', 8, 80),
(1296, 'SJ355/CJM/13-350', 9, 0),
(1297, 'SJ355/CJM/13-350', 10, 0),
(1298, 'SJ355/CJM/13-350', 11, 0),
(1299, 'SJ356/CJM/13-370', 5, 0),
(1300, 'SJ356/CJM/13-370', 6, 0),
(1301, 'SJ356/CJM/13-370', 7, 190),
(1302, 'SJ356/CJM/13-370', 8, 0),
(1303, 'SJ356/CJM/13-370', 9, 0),
(1304, 'SJ356/CJM/13-370', 10, 0),
(1305, 'SJ357/CJM/13-372', 5, 165),
(1306, 'SJ357/CJM/13-372', 6, 400),
(1307, 'SJ357/CJM/13-372', 7, 565),
(1308, 'SJ357/CJM/13-372', 8, 60),
(1309, 'SJ357/CJM/13-372', 9, 50),
(1310, 'SJ357/CJM/13-372', 10, 40),
(1311, 'SJ358/CJM/13-371', 5, 0),
(1312, 'SJ358/CJM/13-371', 6, 150),
(1313, 'SJ358/CJM/13-371', 7, 150),
(1314, 'SJ358/CJM/13-371', 8, 195),
(1315, 'SJ358/CJM/13-371', 9, 0),
(1316, 'SJ358/CJM/13-371', 10, 0),
(1317, 'SJ359/CJM/13-373', 5, 0),
(1318, 'SJ359/CJM/13-373', 6, 0),
(1319, 'SJ359/CJM/13-373', 7, 10),
(1320, 'SJ359/CJM/13-373', 8, 0),
(1321, 'SJ359/CJM/13-373', 9, 0),
(1322, 'SJ359/CJM/13-373', 10, 0),
(1323, 'SJ360/CJM/13-374', 5, 20),
(1324, 'SJ360/CJM/13-374', 6, 130),
(1325, 'SJ360/CJM/13-374', 7, 400),
(1326, 'SJ360/CJM/13-374', 8, 320),
(1327, 'SJ360/CJM/13-374', 9, 90),
(1328, 'SJ360/CJM/13-374', 10, 40),
(1329, 'SJ361/CJM/13-375', 5, 20),
(1330, 'SJ361/CJM/13-375', 6, 130),
(1331, 'SJ361/CJM/13-375', 7, 60),
(1332, 'SJ361/CJM/13-375', 8, 0),
(1333, 'SJ361/CJM/13-375', 9, 0),
(1334, 'SJ361/CJM/13-375', 10, 40),
(1335, 'SJ362/CJM/13-376', 5, 0),
(1336, 'SJ362/CJM/13-376', 6, 0),
(1337, 'SJ362/CJM/13-376', 7, 75),
(1338, 'SJ362/CJM/13-376', 8, 180),
(1339, 'SJ362/CJM/13-376', 9, 0),
(1340, 'SJ362/CJM/13-376', 10, 0),
(1341, 'SJ363/CJM/13-375', 5, 0),
(1342, 'SJ363/CJM/13-375', 6, 0),
(1343, 'SJ363/CJM/13-375', 7, 335),
(1344, 'SJ363/CJM/13-375', 8, 220),
(1345, 'SJ363/CJM/13-375', 9, 90),
(1346, 'SJ363/CJM/13-375', 10, 0),
(1347, 'SJ364/CJM/13-376', 5, 30),
(1348, 'SJ364/CJM/13-376', 6, 170),
(1349, 'SJ364/CJM/13-376', 7, 270),
(1350, 'SJ364/CJM/13-376', 8, 500),
(1351, 'SJ364/CJM/13-376', 9, 140),
(1352, 'SJ364/CJM/13-376', 10, 120),
(1353, 'SJ365/CJM/13-377', 5, 5),
(1354, 'SJ365/CJM/13-377', 6, 78),
(1355, 'SJ365/CJM/13-377', 7, 28),
(1356, 'SJ365/CJM/13-377', 8, 210),
(1357, 'SJ365/CJM/13-377', 9, 130),
(1358, 'SJ365/CJM/13-377', 10, 54),
(1359, 'SJ366/CJM/13-378', 5, 190),
(1360, 'SJ366/CJM/13-378', 6, 0),
(1361, 'SJ366/CJM/13-378', 7, 0),
(1362, 'SJ366/CJM/13-378', 8, 0),
(1363, 'SJ366/CJM/13-378', 9, 0),
(1364, 'SJ366/CJM/13-378', 10, 0),
(1365, 'SJ367/CJM/13-368', 5, 135),
(1366, 'SJ367/CJM/13-368', 6, 600),
(1367, 'SJ367/CJM/13-368', 7, 500),
(1368, 'SJ367/CJM/13-368', 8, 600),
(1369, 'SJ367/CJM/13-368', 9, 135),
(1370, 'SJ367/CJM/13-368', 10, 30),
(1371, 'SJ368/CJM/13-369', 5, 0),
(1372, 'SJ368/CJM/13-369', 6, 0),
(1373, 'SJ368/CJM/13-369', 7, 0),
(1374, 'SJ368/CJM/13-369', 8, 0),
(1375, 'SJ368/CJM/13-369', 9, 225),
(1376, 'SJ368/CJM/13-369', 10, 280),
(1377, 'SJ369/CJM/13-369', 5, 0),
(1378, 'SJ369/CJM/13-369', 6, 50),
(1379, 'SJ369/CJM/13-369', 7, 190),
(1380, 'SJ369/CJM/13-369', 8, 300),
(1381, 'SJ369/CJM/13-369', 9, 0),
(1382, 'SJ369/CJM/13-369', 10, 0),
(1383, 'SJ370/CJM/13-380', 6, 75),
(1384, 'SJ370/CJM/13-380', 7, 115),
(1385, 'SJ370/CJM/13-380', 8, 125),
(1386, 'SJ370/CJM/13-380', 9, 95),
(1387, 'SJ370/CJM/13-380', 10, 50),
(1388, 'SJ370/CJM/13-380', 11, 40),
(1389, 'SJ371/CJM/13-381', 5, 30),
(1390, 'SJ371/CJM/13-381', 6, 22),
(1391, 'SJ371/CJM/13-381', 7, 82),
(1392, 'SJ371/CJM/13-381', 8, 250),
(1393, 'SJ371/CJM/13-381', 9, 20),
(1394, 'SJ371/CJM/13-381', 10, 56),
(1395, 'SJ372/CJM/13-382', 5, 0),
(1396, 'SJ372/CJM/13-382', 6, 0),
(1397, 'SJ372/CJM/13-382', 7, 0),
(1398, 'SJ372/CJM/13-382', 8, 100),
(1399, 'SJ372/CJM/13-382', 9, 310),
(1400, 'SJ372/CJM/13-382', 10, 160),
(1401, 'SJ373/CJM/13-384', 5, 20),
(1402, 'SJ373/CJM/13-384', 6, 80),
(1403, 'SJ373/CJM/13-384', 7, 100),
(1404, 'SJ373/CJM/13-384', 8, 300),
(1405, 'SJ373/CJM/13-384', 9, 0),
(1406, 'SJ373/CJM/13-384', 10, 0),
(1407, 'SJ374/CJM/13-385', 5, 10),
(1408, 'SJ374/CJM/13-385', 6, 20),
(1409, 'SJ374/CJM/13-385', 7, 60),
(1410, 'SJ374/CJM/13-385', 8, 40),
(1411, 'SJ374/CJM/13-385', 9, 50),
(1412, 'SJ374/CJM/13-385', 10, 20),
(1413, 'SJ375/CJM/13-386', 5, 41),
(1414, 'SJ375/CJM/13-386', 6, 63),
(1415, 'SJ375/CJM/13-386', 7, 108),
(1416, 'SJ375/CJM/13-386', 8, 149),
(1417, 'SJ375/CJM/13-386', 9, 108),
(1418, 'SJ375/CJM/13-386', 10, 52),
(1419, 'SJ375/CJM/13-386', 11, 11),
(1420, 'SJ376/CJM/13-387', 5, 110),
(1421, 'SJ376/CJM/13-387', 6, 16),
(1422, 'SJ376/CJM/13-387', 7, 50),
(1423, 'SJ376/CJM/13-387', 8, 75),
(1424, 'SJ376/CJM/13-387', 9, 95),
(1425, 'SJ376/CJM/13-387', 10, 175),
(1426, 'SJ376/CJM/13-387', 11, 10),
(1427, 'SJ377/CJM/13-361', 5, 20),
(1428, 'SJ377/CJM/13-361', 6, 130),
(1429, 'SJ377/CJM/13-361', 7, 70),
(1430, 'SJ377/CJM/13-361', 8, 0),
(1431, 'SJ377/CJM/13-361', 9, 90),
(1432, 'SJ377/CJM/13-361', 10, 40),
(1433, 'SJ378/CJM/13-366', 5, 0),
(1434, 'SJ378/CJM/13-366', 6, 0),
(1435, 'SJ378/CJM/13-366', 7, 330),
(1436, 'SJ378/CJM/13-366', 8, 320),
(1437, 'SJ378/CJM/13-366', 9, 0),
(1438, 'SJ378/CJM/13-366', 10, 0),
(1439, 'SJ379/CJM/13-388', 5, 26),
(1440, 'SJ379/CJM/13-388', 6, 236),
(1441, 'SJ379/CJM/13-388', 7, 430),
(1442, 'SJ379/CJM/13-388', 8, 538),
(1443, 'SJ379/CJM/13-388', 9, 395),
(1444, 'SJ379/CJM/13-388', 10, 83),
(1445, 'SJ379/CJM/13-388', 11, 0),
(1446, 'SJ380/CJM/13-389', 5, 31),
(1447, 'SJ380/CJM/13-389', 6, 29),
(1448, 'SJ380/CJM/13-389', 7, 19),
(1449, 'SJ380/CJM/13-389', 8, 63),
(1450, 'SJ380/CJM/13-389', 9, 29),
(1451, 'SJ380/CJM/13-389', 10, 0),
(1452, 'SJ380/CJM/13-389', 11, 58),
(1453, 'SJ381/CJM/13-390', 5, 0),
(1454, 'SJ381/CJM/13-390', 6, 0),
(1455, 'SJ381/CJM/13-390', 7, 5),
(1456, 'SJ381/CJM/13-390', 8, 100),
(1457, 'SJ381/CJM/13-390', 9, 0),
(1458, 'SJ381/CJM/13-390', 10, 0),
(1459, 'SJ382/CJM/13-391', 5, 0),
(1460, 'SJ382/CJM/13-391', 6, 0),
(1461, 'SJ382/CJM/13-391', 7, 30),
(1462, 'SJ382/CJM/13-391', 8, 0),
(1463, 'SJ382/CJM/13-391', 9, 200),
(1464, 'SJ382/CJM/13-391', 10, 120),
(1465, 'SJ383/CJM/13-392', 5, 90),
(1466, 'SJ383/CJM/13-392', 6, 30),
(1467, 'SJ383/CJM/13-392', 7, 210),
(1468, 'SJ383/CJM/13-392', 8, 200),
(1469, 'SJ383/CJM/13-392', 9, 150),
(1470, 'SJ383/CJM/13-392', 10, 180),
(1471, 'SJ384/CJM/13-393', 5, 0),
(1472, 'SJ384/CJM/13-393', 6, 0),
(1473, 'SJ384/CJM/13-393', 7, 110),
(1474, 'SJ384/CJM/13-393', 8, 165),
(1475, 'SJ384/CJM/13-393', 9, 20),
(1476, 'SJ384/CJM/13-393', 10, 65),
(1477, 'SJ385/CJM/13-394', 5, 0),
(1478, 'SJ385/CJM/13-394', 6, 150),
(1479, 'SJ385/CJM/13-394', 7, 220),
(1480, 'SJ385/CJM/13-394', 8, 100),
(1481, 'SJ385/CJM/13-394', 9, 95),
(1482, 'SJ385/CJM/13-394', 10, 0),
(1483, 'SJ386/CJM/13-395', 5, 0),
(1484, 'SJ386/CJM/13-395', 6, 320),
(1485, 'SJ386/CJM/13-395', 7, 30),
(1486, 'SJ386/CJM/13-395', 8, 0),
(1487, 'SJ386/CJM/13-395', 9, 0),
(1488, 'SJ386/CJM/13-395', 10, 0),
(1489, 'SJ387/CJM/13-396', 5, 37),
(1490, 'SJ387/CJM/13-396', 6, 323),
(1491, 'SJ387/CJM/13-396', 7, 316),
(1492, 'SJ387/CJM/13-396', 8, 294),
(1493, 'SJ387/CJM/13-396', 9, 128),
(1494, 'SJ387/CJM/13-396', 10, 7),
(1495, 'SJ388/CJM/13-398', 5, 20),
(1496, 'SJ388/CJM/13-398', 6, 120),
(1497, 'SJ388/CJM/13-398', 7, 300),
(1498, 'SJ388/CJM/13-398', 8, 400),
(1499, 'SJ388/CJM/13-398', 9, 220),
(1500, 'SJ388/CJM/13-398', 10, 85),
(1501, 'SJ389/CJM/13-397', 5, 160),
(1502, 'SJ389/CJM/13-397', 6, 170),
(1503, 'SJ389/CJM/13-397', 7, 400),
(1504, 'SJ389/CJM/13-397', 8, 300),
(1505, 'SJ390/CJM/13-400', 5, 0),
(1506, 'SJ390/CJM/13-400', 6, 0),
(1507, 'SJ390/CJM/13-400', 7, 250),
(1508, 'SJ390/CJM/13-400', 8, 315),
(1509, 'SJ390/CJM/13-400', 9, 100),
(1510, 'SJ390/CJM/13-400', 10, 0),
(1511, 'SJ391/CJM/13-399', 5, 0),
(1512, 'SJ391/CJM/13-399', 6, 0),
(1513, 'SJ391/CJM/13-399', 7, 30),
(1514, 'SJ391/CJM/13-399', 8, 30),
(1515, 'SJ391/CJM/13-399', 9, 120),
(1516, 'SJ391/CJM/13-399', 10, 70),
(1517, 'SJ392/CJM/13-401', 5, 0),
(1518, 'SJ392/CJM/13-401', 6, 52),
(1519, 'SJ392/CJM/13-401', 7, 15),
(1520, 'SJ392/CJM/13-401', 8, 95),
(1521, 'SJ392/CJM/13-401', 9, 0),
(1522, 'SJ392/CJM/13-401', 10, 47),
(1523, 'SJ393/CJM/13-402', 5, 0),
(1524, 'SJ393/CJM/13-402', 6, 0),
(1525, 'SJ393/CJM/13-402', 7, 80),
(1526, 'SJ393/CJM/13-402', 8, 20),
(1527, 'SJ393/CJM/13-402', 9, 185),
(1528, 'SJ393/CJM/13-402', 10, 0),
(1529, 'SJ394/CJM/13-403', 5, 140),
(1530, 'SJ394/CJM/13-403', 6, 337),
(1531, 'SJ394/CJM/13-403', 7, 325),
(1532, 'SJ394/CJM/13-403', 8, 200),
(1533, 'SJ395/CJM/13-404', 5, 0),
(1534, 'SJ395/CJM/13-404', 6, 0),
(1535, 'SJ395/CJM/13-404', 7, 30),
(1536, 'SJ395/CJM/13-404', 8, 40),
(1537, 'SJ395/CJM/13-404', 9, 20),
(1538, 'SJ395/CJM/13-404', 10, 0),
(1539, 'SJ396/CJM/13-406', 5, 113),
(1540, 'SJ396/CJM/13-406', 6, 20),
(1541, 'SJ396/CJM/13-406', 7, 174),
(1542, 'SJ396/CJM/13-406', 8, 6),
(1543, 'SJ396/CJM/13-406', 9, 12),
(1544, 'SJ396/CJM/13-406', 10, 0);
INSERT INTO `sj_detail` (`ukur_id`, `sj_no`, `size_sj`, `qty_sj`) VALUES
(1545, 'SJ397/CJM/13-408', 5, 30),
(1546, 'SJ397/CJM/13-408', 6, 180),
(1547, 'SJ397/CJM/13-408', 7, 170),
(1548, 'SJ397/CJM/13-408', 8, 255),
(1549, 'SJ397/CJM/13-408', 9, 110),
(1550, 'SJ397/CJM/13-408', 10, 140),
(1551, 'SJ398/CJM/13-405', 5, 190),
(1552, 'SJ398/CJM/13-405', 6, 300),
(1553, 'SJ398/CJM/13-405', 7, 80),
(1554, 'SJ398/CJM/13-405', 8, 300),
(1555, 'SJ398/CJM/13-405', 9, 130),
(1556, 'SJ399/CJM/13-409', 7, 80),
(1557, 'SJ399/CJM/13-409', 8, 290),
(1558, 'SJ399/CJM/13-409', 9, 130);

-- --------------------------------------------------------

--
-- Struktur dari tabel `status_absen`
--

CREATE TABLE IF NOT EXISTS `status_absen` (
  `status_id` int(11) NOT NULL,
  `status` varchar(50) NOT NULL,
  PRIMARY KEY  (`status_id`)
) ENGINE=MyISAM DEFAULT CHARSET=latin1;

--
-- Dumping data untuk tabel `status_absen`
--

INSERT INTO `status_absen` (`status_id`, `status`) VALUES
(1, 'Hadir'),
(2, 'Sakit'),
(3, 'Izin'),
(4, 'Cuti'),
(5, 'Tanpa Keterangan');

-- --------------------------------------------------------

--
-- Struktur dari tabel `tandaterima`
--

CREATE TABLE IF NOT EXISTS `tandaterima` (
  `tt_no` char(5) NOT NULL,
  `tt_tgl` date default NULL,
  PRIMARY KEY  (`tt_no`)
) ENGINE=MyISAM DEFAULT CHARSET=latin1;

--
-- Dumping data untuk tabel `tandaterima`
--

INSERT INTO `tandaterima` (`tt_no`, `tt_tgl`) VALUES
('TT001', '2011-08-08'),
('TT002', '2011-10-10'),
('TT003', '2011-11-25'),
('TT004', '2012-01-09'),
('TT005', '2012-02-03'),
('TT006', '2012-02-10'),
('TT007', '2012-02-17'),
('TT008', '2012-03-20'),
('TT009', '2012-04-02'),
('TT010', '2012-04-03'),
('TT011', '2012-04-23'),
('TT012', '2012-05-10'),
('TT013', '2012-05-21'),
('TT014', '2012-06-15'),
('TT015', '2012-06-29'),
('TT017', '2012-07-05'),
('TT016', '2012-05-30'),
('TT018', '2012-07-22'),
('TT019', '2012-07-23'),
('TT020', '2012-07-25'),
('TT021', '2012-07-26'),
('TT022', '2012-07-27'),
('TT023', '2012-07-30'),
('TT024', '2012-08-01'),
('TT025', '2012-09-02'),
('TT026', '2012-09-06'),
('TT027', '2012-09-08'),
('TT028', '2012-09-11'),
('TT029', '2012-10-01'),
('TT030', '2012-10-02'),
('TT031', '2012-10-03'),
('TT032', '2012-10-10'),
('TT033', '2012-11-01'),
('TT034', '2012-11-02'),
('TT035', '2012-11-12'),
('TT036', '2012-12-05'),
('TT037', '2012-12-14'),
('TT038', '2012-12-15'),
('TT039', '2012-12-16'),
('TT040', '2013-01-07'),
('TT041', '2013-01-10'),
('TT042', '2013-01-11'),
('TT043', '2013-01-12'),
('TT044', '2013-01-13'),
('TT045', '2013-02-20'),
('TT046', '2013-02-21'),
('TT047', '2013-02-22'),
('TT048', '2013-02-23'),
('TT049', '2013-02-24'),
('TT050', '2013-03-01'),
('TT051', '2013-03-02'),
('TT052', '2013-03-03'),
('TT053', '2013-03-04'),
('TT054', '2013-03-05'),
('TT055', '2013-04-01'),
('TT056', '2013-04-02'),
('TT057', '2013-04-01'),
('TT058', '2013-04-01'),
('TT059', '2013-04-14'),
('TT060', '2013-04-15');

-- --------------------------------------------------------

--
-- Struktur dari tabel `test`
--

CREATE TABLE IF NOT EXISTS `test` (
  `no` int(11) NOT NULL auto_increment,
  `ukuran` int(11) default NULL,
  `qty_test` int(11) default NULL,
  `po_no` char(6) default NULL,
  PRIMARY KEY  (`no`)
) ENGINE=MyISAM  DEFAULT CHARSET=latin1 AUTO_INCREMENT=6 ;

--
-- Dumping data untuk tabel `test`
--

INSERT INTO `test` (`no`, `ukuran`, `qty_test`, `po_no`) VALUES
(1, 5, 45, '18991'),
(2, 6, 90, '18991'),
(3, 7, 150, '18991'),
(4, 8, 150, '18991'),
(5, 9, 65, '18991');
