-- phpMyAdmin SQL Dump
-- version 2.11.11.3
-- http://www.phpmyadmin.net
--
-- Host: localhost
-- Waktu pembuatan: 27. April 2013 jam 00:46
-- Versi Server: 5.0.77
-- Versi PHP: 5.1.6

SET SQL_MODE="NO_AUTO_VALUE_ON_ZERO";


/*!40101 SET @OLD_CHARACTER_SET_CLIENT=@@CHARACTER_SET_CLIENT */;
/*!40101 SET @OLD_CHARACTER_SET_RESULTS=@@CHARACTER_SET_RESULTS */;
/*!40101 SET @OLD_COLLATION_CONNECTION=@@COLLATION_CONNECTION */;
/*!40101 SET NAMES utf8 */;

--
-- Database: `app_cawaii`
--
CREATE DATABASE `app_cawaii` DEFAULT CHARACTER SET utf8 COLLATE utf8_general_ci;
USE `app_cawaii`;

-- --------------------------------------------------------

--
-- Struktur dari tabel `dtb_admin`
--

CREATE TABLE IF NOT EXISTS `dtb_admin` (
  `id` int(10) unsigned NOT NULL auto_increment,
  `type` int(11) NOT NULL,
  `account` varchar(32) NOT NULL,
  `password` varchar(32) NOT NULL,
  `create_date` datetime NOT NULL,
  `update_date` datetime NOT NULL,
  `lastlogin_date` datetime default NULL,
  PRIMARY KEY  (`id`)
) ENGINE=InnoDB  DEFAULT CHARSET=utf8 AUTO_INCREMENT=4 ;

--
-- Dumping data untuk tabel `dtb_admin`
--

INSERT INTO `dtb_admin` (`id`, `type`, `account`, `password`, `create_date`, `update_date`, `lastlogin_date`) VALUES
(1, 0, 'buzoo', 'test', '2012-09-05 15:59:55', '0000-00-00 00:00:00', NULL),
(2, 0, 'akb48', 'test', '2012-09-05 16:00:14', '0000-00-00 00:00:00', NULL),
(3, 0, 'risako', '0412', '2012-09-23 20:02:21', '0000-00-00 00:00:00', NULL);

-- --------------------------------------------------------

--
-- Struktur dari tabel `dtb_board`
--

CREATE TABLE IF NOT EXISTS `dtb_board` (
  `id` bigint(20) unsigned NOT NULL auto_increment,
  `member_id` bigint(20) unsigned NOT NULL default '0',
  `item_id` bigint(20) unsigned NOT NULL default '0',
  `title` varchar(200) NOT NULL,
  `content` text NOT NULL,
  `disp_flag` tinyint(4) NOT NULL default '1',
  `create_date` datetime NOT NULL,
  PRIMARY KEY  (`id`)
) ENGINE=InnoDB  DEFAULT CHARSET=utf8 AUTO_INCREMENT=104 ;

--
-- Dumping data untuk tabel `dtb_board`
--

INSERT INTO `dtb_board` (`id`, `member_id`, `item_id`, `title`, `content`, `disp_flag`, `create_date`) VALUES
(1, 1, 1, 'abc123', 'halo', 1, '2012-07-12 00:00:00'),
(2, 1, 1, 'testing', 'test', 1, '2012-07-12 16:17:26'),
(3, 1, 1, 'testing2', 'test2', 1, '2012-07-12 16:18:18'),
(4, 1, 1, 'testing', 'test', 1, '2012-07-12 16:19:44'),
(5, 1, 1, 'testing3', 'test3', 1, '2012-07-12 16:19:50'),
(6, 1, 1, 'testing4', 'test4', 1, '2012-07-12 16:36:32'),
(7, 9, 1, 'TestingAgain', 'testing only', 1, '2012-07-12 17:37:20'),
(8, 1, 1, 'board1', 'board content', 1, '2012-07-13 18:32:51'),
(9, 10, 58, 'test', 'test', 1, '2012-07-14 18:38:10'),
(10, 10, 3, 'test', 'test', 1, '2012-07-14 18:38:37'),
(11, 1, 1, '1', 'lala', 1, '2012-07-17 10:51:45'),
(12, 1, 1, '1', 'lala', 1, '2012-07-17 10:53:42'),
(13, 1, 1, '1', 'dsad', 1, '2012-07-17 11:12:05'),
(14, 40, 64, 'Test', 'Tessa\nTo\n', 1, '2012-08-02 15:37:50'),
(15, 40, 27, 'Ehehk', 'Shah UBS\nIdhxhdh\nJFK hangs\nSuzuki\n', 1, '2012-08-02 15:54:16'),
(16, 40, 7, 'Syc', 'Sb dff\nDndjxjxid\nDdjdjcifi\nDioxide\nJcicidif', 1, '2012-08-02 15:56:14'),
(17, 40, 7, 'G g f cd s', 'Severest\nBen\nFnfmfn\nD DVDs\nC n', 1, '2012-08-02 15:58:30'),
(18, 40, 7, 'Jthttg', 'Svdvbf \nFeedback\nDnbern\nFdbsbsb', 1, '2012-08-02 16:01:24'),
(19, 40, 7, 'Jthttg', 'Svdvbf \nFeedback\nDnbern\nFans sb', 1, '2012-08-02 16:01:29'),
(20, 40, 7, 'Jthttg', 'Svdvbf \nFeedback\nDnbern\nFans sb', 1, '2012-08-02 16:01:31'),
(21, 40, 27, 'Hdjxjxjdixi', 'Abuzz jus\nIssues\nJzjsjd\nIssues\nUndid\nHxiz', 1, '2012-08-02 16:05:37'),
(22, 40, 7, 'Jecksosckvd', 'Scicskncdondonveivneck\nFbiwbivwcbf\nIvwdiwbdjwbwbdwivw', 1, '2012-08-02 16:13:49'),
(23, 40, 7, 'Scoevhevjekvev', 'An an akak s me ', 1, '2012-08-02 16:17:54'),
(24, 40, 12, 'Shhf', 'Agshdhdhdjddghh.         Ehdhxhxhs. Shush shushed.  Hzhsshe.        Eisususuaishsh. Suzy''s hsdhzxudhdysu.  C causisysgd', 1, '2012-08-02 18:34:30'),
(25, 40, 12, 'Djxicjc', 'Dhxjcdnd d f. G f.  G fjzfie. U h y g g jzdiidisidid friends. Djdid', 1, '2012-08-02 18:37:50'),
(26, 40, 12, 'Cjcieixn', 'Cjckdididke hd.                 Sicilians d did did e did bridge disc diss. Reid e did. Sued skis endorse rid die e did e', 1, '2012-08-02 18:45:54'),
(27, 40, 12, 'Dixidos djz duxj ', 'Dbzjususu disuse did eis sue eider e eis eis side eis eis Dow did e eh', 1, '2012-08-02 18:46:17'),
(28, 40, 12, 'Dhzixs si hdz', 'Dnxusuuseiev did si eis si si did did six died die due de did eis did die eis eis eis eis die due e due due due eis rue ie did rid due dud eis fissile r s rue us ei rue', 1, '2012-08-02 18:46:50'),
(29, 40, 17, 'Hex', 'Hoax nih', 1, '2012-08-03 13:40:41'),
(30, 83, 75, 'やぁ！', 'ぶにゃたろう', 1, '2012-08-13 01:07:01'),
(31, 83, 75, 'おっ', 'ぶーたろー', 1, '2012-08-13 01:07:24'),
(32, 82, 77, 'あ', 'あ', 1, '2012-08-13 01:10:25'),
(33, 83, 83, 'ぶーにゃたろう', 'ぶーぶーぶー', 1, '2012-08-13 01:32:33'),
(34, 83, 80, 'ぶぶぶ', 'はにゃ！', 1, '2012-08-13 01:42:37'),
(35, 83, 80, 'あううう', 'ううううううううううううううううううううううううううつうううううううううううううううううううううううううううううううううううううううううううううううううううううつうううう', 1, '2012-08-13 01:43:21'),
(36, 40, 87, 'Idih', 'Alan titlenya', 1, '2012-08-14 17:45:46'),
(37, 40, 89, 'きゃああああ', 'かわいいいい', 1, '2012-08-15 11:04:34'),
(38, 104, 89, 'あ', 'あ', 1, '2012-08-15 18:04:10'),
(39, 85, 92, 'Tesuto', 'Ja', 1, '2012-08-16 09:47:11'),
(40, 83, 98, 'くまたんの彼女', 'ふふふふーんo(^▽^)o', 1, '2012-08-21 13:30:21'),
(41, 83, 89, 'くまぱん', 'むしゃむしゃ', 1, '2012-08-21 13:31:43'),
(42, 104, 100, 'Eertyuiioojg', '0000000000000000000000000000000000000000000000000000000000', 1, '2012-08-21 14:29:03'),
(43, 105, 89, 'waaa', 'Awaw a aw aw aw. Aw aw.  Wa aw aw aw aw aw aw wawaaawawawawawaw a aw aaw aaaaw aw a awaw awaawwa aw awa a waaawawwawaawaw aw aaw aw awaaaw aw awaaw aw aaaaw aw aa awaw aw awaw', 1, '2012-08-28 13:16:11'),
(44, 105, 89, 'iiii', 'Kyaaaa. .ddddddd.ddfdf .sda.ada d.ad .ada .das.da', 1, '2012-08-28 13:29:56'),
(45, 85, 89, 'sssss', 'Fffffffffffffffffffffffffffffffffffffffffffdfdfdfdfdfdfdfdfdfdfdfdfdf. Sf fsfsf fs fs sf dfd fdf dsf sdfsd dsf sfsdfsd fsdfsdf sdf', 1, '2012-08-28 14:02:39'),
(46, 127, 98, 'ぶー', 'ぶーぶー', 1, '2012-08-28 20:50:56'),
(47, 83, 98, 'ぶぶ', 'ふにゃふにゃーぶにゃぶにゃーふにゃふにゃーぶにゃぶにゃーふにゃふにゃーぶにゃぶにゃーふにやふにゃふにゃーぶにゃーぶにゃぶにゃぶにゃ', 1, '2012-08-29 02:08:01'),
(48, 40, 125, 'Oooo', 'Looks delicious.....', 1, '2012-08-31 12:12:20'),
(49, 40, 120, 'Yzixjsd', 'Http://www.facebook.com', 1, '2012-08-31 14:24:12'),
(50, 127, 170, 'タイトル', 'コメント', 1, '2012-09-03 23:17:32'),
(51, 83, 170, '転職かー', 'あっちゃん、女優に転職！っじょゆー', 1, '2012-09-03 23:31:30'),
(52, 83, 170, 'あっちゃん', '転職するのかー転職転職転職転職転職。AKB48SKE48MNB48HKT48JKT48SNH48ずいぶん増えたな…', 1, '2012-09-03 23:33:29'),
(53, 83, 170, 'ん？', 'Qwertyuioooplkjjhgfffsaxxvbnhhrwqqqaesrxkweguoojgdsazxcvbnmlkkhgfdssaqwertyiopplkkhhffsszxcvnmmlkjhhffdsaqqwetyiopppllhfsazxxcbnnljgfdsqqertuiiolkhgfssxxcvbnnkloutrwqqsdrfygujlkolpncvjhfewryuikolpljhgffjjpiyddgcbnkoddcbもしかしてかぶる？', 1, '2012-09-03 23:35:03'),
(54, 83, 170, 'ほにゃ', '気のせいだったか。きのせいきのせい。きのせいだよ。すべてきのせい。', 1, '2012-09-03 23:36:08'),
(55, 83, 170, 'あれ、やっぱり', 'きのせいじゃない？', 1, '2012-09-03 23:36:36'),
(56, 83, 170, 'ラインに', '乗っちゃう人もいるしそうじゃなくて収まる人もいるな…', 1, '2012-09-03 23:37:19'),
(57, 40, 170, 'Jshshxhx', 'Bxbxbxbcnbxbxbcnxncnc nxnxnck Bn of NHL h h gg inch jg h hdnndbdhdjdjdhhhddbdbdnndndnrbdbdbdbdndbg', 1, '2012-09-04 15:14:54'),
(58, 40, 170, 'Dhhdhx', 'Hdhdhx', 1, '2012-09-04 15:18:19'),
(59, 40, 170, 'Dhdhhd', 'Hdhshd', 1, '2012-09-04 15:18:46'),
(60, 40, 170, 'Test', 'Test', 1, '2012-09-04 15:30:07'),
(61, 40, 170, 'Teyyeyeys', 'Nsnzichjdndbdicksjbxkdjdznkx huh Isuzu Hdi Yudi Jodi. Using ugh high DUI high h duh uuhhguららさたらはさならたゎはな、しるはまはた、ま、？な、な。。間、間、間、間、山日様らで綿張り皮脂ら多良間ら', 1, '2012-09-04 15:59:16'),
(62, 40, 170, 'たなま', 'まなまが', 1, '2012-09-04 16:02:46'),
(63, 40, 170, 'Jsjsjxjd', 'Nsjsjjxdisjhsicnedjnckckfjdicnfdjd skews dire keiseisididhchicxkisnxbksdnenzjnxbdksbxjxnxkndkxkxksksnxbixndndkcodndkcnxkosncocndjfhxosnxocmowdnodncoswonsldkedncosobaownxodenneosksbtocoksnelfncnmskxmxkdps', 1, '2012-09-04 16:11:23'),
(64, 40, 170, 'やたはめば！ひ', 'ら他浜、他沙汰、アバ、他様闇、足しなたらこらエマらまさあらてねえマラてたりはマラ亜はタラ他さやか焼きら足しは亜機さたら亜は野良てエアJGMQMGMPNPM1まはまらはまさたはあらまはらたはあらたはまさまたはあはなちはありたらめまらたらたらたマラ他はタラタラ間は足りたら間ラマ浜はタラタラ間は多良間ら馬原多良間はマラ万葉たり新たラマラマは他沙汰は多良間？花浜畑', 1, '2012-09-04 17:18:49'),
(65, 40, 170, 'ひ', 'あなた', 1, '2012-09-04 17:19:21'),
(66, 40, 170, 'なみさば', 'まらまさまらたはらみさたらたさらちまやらあはらあさまらたさまらまさまたらはみほらたさまらたさまらたさたらあはたらたはたはなまなまはたかたさあはたらまひまさたさありたさまさたらあはたはまきやほらめてらたさたはあらさたなまかむほさまらなはあはたさまはらなさあたらまらまさねたあらさたらまたはさまぬやこはらあらなさまかまらあはなさやかなた', 1, '2012-09-04 17:19:54'),
(67, 40, 170, 'はまざ', 'たらさたらさたあらたさたはさたはやさまたひあはてまはまらめたはあはあらたらはたはまはまらてたさやはやらまはたさてあさまろまさまはたはたらあはたさたさやさなやかやかまきまかまはたなたはたひたはたらまはにjdpjgmgmgmj<7<ひまひさたさたさはまはまはやはや', 1, '2012-09-04 17:20:52'),
(68, 40, 170, 'Teyysyx', 'Bdhdnjxjjcjf jdd  hdhdhhxhxhxjdhdiuudjehdjdhahahahahahahahahahahahahhahahahahhagagavsvhahahagahaahavahhahahagahahhagagahaaaaaaaaaaaaaaaaaaaaaaaaaaaggagagagagaggagagaggagagagaggagaaffaからっがががががぐdbぃっすあvづちゅsゔぁうすsvすあゔぁhcすあはがはじゃははははははっはははははっははあっはははははあははははははははははははははーーーーーっっっっlたあたたたたt', 1, '2012-09-04 19:29:12'),
(69, 40, 170, 'hっkじkっっjgっhyっhghj', 'bっyhyjっっっhっっっじゅうううっじっっっっっっっっっkっじゅっっっっくうううじゅうううううううい', 1, '2012-09-04 19:30:37'),
(70, 40, 170, 'ははははははははは', 'はあはませたにしはたらたはまなはたさたはまなまやたなたなめしはあやまはなまやはたさたはたはてはたねたはむはたやたはたさまさはあなあなたやたさなさやさたはあらやあかたなまなまやたやたはまさまらやまさたらたらまさまはあやたらまさたはたらまひやはたはたらまなまさたひやたはやはねたはたらたかまかたはえたはたさまはらあなあさまやたはあさまはたはたはたさまはたはあらたはまさまはゆまはてまらはましたさあはあやえたはやはやさはたはあらたはまさやさやにえやたはやさやはさたさてしたはさたさまさや', 1, '2012-09-04 19:32:57'),
(71, 40, 170, 'のさた', 'や他様な村様は他は正田ら他様羽田浜様皿あなたや差は他はヤサやナタは間羽田様はタラ様田原アタ様したさやさやはまさまのはなむやなまなまかやかなまたさやさかやかやなやはたはむしやかまかぬまなやのなたさまさまさかまなまににのさまさてめかやきゆさやそさやさやなやなやなやの', 1, '2012-09-04 19:35:36'),
(72, 40, 170, 'にねまわはやひわはわはやそた', 'はのはたはたさやひあはなはやささたはなへやさたしたはたはまはわさやさはたらねわさまさたはあはさたさまさんやしあたひまはむはてはまはたはありはまさやかやかなやさたかたはうはあひjpd567676々734673852かまかたさまさはまさやはゆまさmpdntmtnumg', 1, '2012-09-04 19:37:50'),
(73, 40, 170, 'はめさまさま', 'たなたしたはたさまさやさやかやさたさ', 1, '2012-09-04 19:41:45'),
(74, 40, 170, 'か', 'かあかあタナ田畑さたしまさ田畑アラなあはあは寝間は麻痺間は真似間生浜はまざまざまさや様したさね地hereはあはあさあさあはあは', 1, '2012-09-04 19:44:05'),
(75, 83, 89, 'ふふふふふす', 'おおおおおおおおおおおおおおあたっと！くまぱんだーーーーーーーーーーーーーーーーーー！！', 1, '2012-09-07 09:09:26'),
(76, 83, 89, 'くまぱんぐまばんくまはん', '熊半半半半半は湯はな湯真似さなんはんさん秘話な湯な地下弛また赤なや揺らしかみやなさほやまむあこまゆほわめわはかとわんさかね、ゆ', 1, '2012-09-07 09:10:20'),
(77, 40, 384, 'たなま', 'たなたにた', 1, '2012-09-07 11:03:59'),
(78, 40, 89, 'Omo', 'Boys before flower!!', 1, '2012-09-26 17:46:12'),
(79, 127, 500, 'わー', 'わーわー', 1, '2012-09-27 10:21:51'),
(80, 127, 497, 'Q', 'A', 1, '2012-09-27 10:29:41'),
(81, 40, 507, 'T', 'Sthdjd', 1, '2012-09-27 10:41:55'),
(82, 40, 507, 'Teste', 'Test', 1, '2012-09-27 10:42:03'),
(83, 40, 507, 'Test', 'Teste', 1, '2012-09-27 10:42:13'),
(84, 40, 505, 'Tet', 'Stst', 1, '2012-09-27 10:42:31'),
(85, 40, 505, 'Test', 'Test', 1, '2012-09-27 10:42:36'),
(86, 40, 504, 'なたさもな', 'はたなみた', 1, '2012-09-27 10:42:56'),
(87, 40, 504, 'はまな', 'はまさたさたはまはた', 1, '2012-09-27 10:43:02'),
(88, 40, 503, 'はたはたなたるはまさ', '日は間は愛ハタハタは他', 1, '2012-09-27 10:43:20'),
(89, 40, 503, 'ひさてあらたなち', 'な〜様は荒昌荒昌たらださ新たさたらタサタラタサタラ様ら浅間は手毬し日は', 1, '2012-09-27 10:43:31'),
(90, 40, 503, 'はたはま', 'は浅間さたら亜浜サラダはと浜浜はさまさまサムましさな旗はあらあらありあらあら亜はアラアバかは怪我は可否か', 1, '2012-09-27 10:43:46'),
(91, 40, 488, 'ぁ', 'いなたかあはま', 1, '2012-09-27 10:44:04'),
(92, 40, 488, 'らたらたらた', 'さまさま様様様様さたな多良間、他、田畑は', 1, '2012-09-27 10:44:14'),
(93, 40, 504, 'かたなゆあはた', 'なちやらひひはあは', 1, '2012-09-27 10:45:25'),
(94, 40, 517, 'はたはた', 'らたはたなた', 1, '2012-09-27 13:41:08'),
(95, 40, 517, '、たなたさま', 'なたなまなたは', 1, '2012-09-27 13:41:21'),
(96, 40, 519, 'Yaya', 'Yeye', 1, '2012-09-27 14:31:14'),
(97, 40, 89, 'A friend', 'Backstabbing', 1, '2012-10-02 16:47:51'),
(98, 40, 1474, 'Shania', 'Saya Suka shania', 1, '2012-11-01 16:04:04'),
(99, 40, 1451, 'Bxjxh', 'Testestea', 1, '2012-11-06 19:43:34'),
(100, 40, 1491, 'Co cweet', 'Kyaaaa', 1, '2012-11-26 15:45:37'),
(101, 127, 497, 'Fff', 'Thcjk', 1, '2013-01-26 19:58:41'),
(102, 40, 1445, 'Test', 'Jakayla dicks jf f f kr.  Fi d did edi r d. End f d didn''t. RFID. D f', 1, '2013-02-12 11:17:01'),
(103, 40, 1500, 'Gay', 'Zoo gay', 1, '2013-02-12 12:56:02');

-- --------------------------------------------------------

--
-- Struktur dari tabel `dtb_category`
--

CREATE TABLE IF NOT EXISTS `dtb_category` (
  `id` int(10) unsigned NOT NULL auto_increment,
  `genre_id` int(10) unsigned NOT NULL,
  `category_name` varchar(128) NOT NULL,
  `category_desc` text NOT NULL,
  `thumb_url` varchar(200) NOT NULL,
  `sort_order` int(11) NOT NULL default '0',
  `disp_flag` tinyint(4) NOT NULL default '1',
  `create_date` datetime NOT NULL,
  `update_date` datetime NOT NULL,
  PRIMARY KEY  (`id`)
) ENGINE=InnoDB  DEFAULT CHARSET=utf8 AUTO_INCREMENT=21 ;

--
-- Dumping data untuk tabel `dtb_category`
--

INSERT INTO `dtb_category` (`id`, `genre_id`, `category_name`, `category_desc`, `thumb_url`, `sort_order`, `disp_flag`, `create_date`, `update_date`) VALUES
(6, 6, 'アニメ', '', '', 1, 1, '2012-08-15 18:18:28', '0000-00-00 00:00:00'),
(7, 7, 'トップス', 'cawaiiトップス', 'http://cawaii.buzoo.biz/images/thumbnail/5046af3cdffff2.07606005.s.jpg', 1, 1, '2012-09-05 08:47:40', '0000-00-00 00:00:00'),
(8, 7, 'ボトムス', 'cawaiiボトムス', '', 1, 1, '2012-09-05 08:48:43', '0000-00-00 00:00:00'),
(9, 7, '靴', 'cawaii靴', '', 1, 1, '2012-09-05 08:49:25', '2012-09-21 16:45:25'),
(10, 7, 'アクセサリー', 'cawaiiアクセサリー', '', 1, 1, '2012-09-05 08:50:03', '0000-00-00 00:00:00'),
(11, 6, '人物', 'cawaii人物', '', 1, 1, '2012-09-05 08:51:08', '0000-00-00 00:00:00'),
(12, 6, '風景', '', 'http://cawaii.buzoo.biz/images/thumbnail/5046b02d0763c5.72676538.s.jpg', 1, 1, '2012-09-05 08:51:41', '0000-00-00 00:00:00'),
(13, 8, 'ｃａｗａｉｉ系', '', '', 1, 1, '2012-09-05 08:52:43', '0000-00-00 00:00:00'),
(14, 8, 'クール', '', '', 1, 1, '2012-09-05 08:53:06', '0000-00-00 00:00:00'),
(15, 8, 'お仕事向け', '', '', 1, 1, '2012-09-05 08:53:22', '0000-00-00 00:00:00'),
(16, 9, '文具', 'test', 'http://cawaii.buzoo.biz/images/thumbnail/5046b0b11d2707.00452042.s.jpg', 1, 1, '2012-09-05 08:53:53', '2012-09-25 10:01:29'),
(17, 9, 'パソコン系', '', '', 1, 1, '2012-09-05 08:54:23', '0000-00-00 00:00:00'),
(18, 10, 'デート', '', '', 1, 1, '2012-09-05 08:54:47', '0000-00-00 00:00:00'),
(19, 6, '自然', '自然がいっぱい', 'http://cawaii.buzoo.biz/images/thumbnail/5061214b854ae9.76710169.s.jpg', 1, 1, '2012-09-05 08:56:22', '2012-09-25 14:04:00'),
(20, 7, 'クール2', 'cawaii!!', 'http://cawaii.buzoo.biz/images/thumbnail/506157c11df438.90192450.s.jpg', 1, 1, '2012-09-25 14:05:37', '2012-09-25 14:05:58');

-- --------------------------------------------------------

--
-- Struktur dari tabel `dtb_facebook`
--

CREATE TABLE IF NOT EXISTS `dtb_facebook` (
  `id` bigint(20) unsigned NOT NULL auto_increment,
  `facebook_id` bigint(20) unsigned NOT NULL,
  `facebook_token_expire_date` datetime NOT NULL,
  `facebook_token_refresh_date` datetime NOT NULL,
  `facebook_token_key` varchar(200) NOT NULL,
  `status` smallint(4) NOT NULL default '1',
  `member_id` bigint(20) unsigned NOT NULL,
  `create_date` datetime default NULL,
  `update_date` datetime default NULL,
  PRIMARY KEY  (`id`)
) ENGINE=InnoDB  DEFAULT CHARSET=utf8 AUTO_INCREMENT=4 ;

--
-- Dumping data untuk tabel `dtb_facebook`
--

INSERT INTO `dtb_facebook` (`id`, `facebook_id`, `facebook_token_expire_date`, `facebook_token_refresh_date`, `facebook_token_key`, `status`, `member_id`, `create_date`, `update_date`) VALUES
(1, 100004432563867, '2013-01-08 03:35:19', '2012-11-09 03:35:19', 'BAAGfJHc2HyUBAPZC7RVSWWu85PVDhYMAlNnKOA4xJP2sH5ErGSpKqfd0mtiZBNIZCu8VZCjk88texMy50VGgumcR4pUyqVBJRMiZCh6lFXIz8L4fuOIvbVHiSUax1Cl4ZD', 1, 40, '2012-10-02 12:18:04', '2012-11-12 17:18:50'),
(2, 1001754372, '2012-12-01 11:16:38', '2012-10-02 14:52:13', 'BAAGfJHc2HyUBAKplAqjmZA0hZCmF9L8pHZBeQpxBfNBAdyoQGHIdEmw4XiUIgq6uCC8ZCDR36iCSHjMSk6JPlcmhZCoy0mMXpKaHc1ZAGopyWzMmkgplyEYqtSA0rKrWwZD', 1, 66, '2012-10-02 12:19:06', '2012-10-02 15:53:52'),
(3, 0, '2012-12-01 11:16:38', '2012-10-02 14:46:33', 'BAAGfJHc2HyUBAKplAqjmZA0hZCmF9L8pHZBeQpxBfNBAdyoQGHIdEmw4XiUIgq6uCC8ZCDR36iCSHjMSk6JPlcmhZCoy0mMXpKaHc1ZAGopyWzMmkgplyEYqtSA0rKrWwZD', 1, 83, '2012-10-02 15:14:10', '2012-10-02 15:50:33');

-- --------------------------------------------------------

--
-- Struktur dari tabel `dtb_frame`
--

CREATE TABLE IF NOT EXISTS `dtb_frame` (
  `id` bigint(20) unsigned NOT NULL auto_increment,
  `frame_name` varchar(200) NOT NULL,
  `image_url` varchar(200) NOT NULL,
  `thumb_url` varchar(200) NOT NULL,
  `sort_order` int(11) NOT NULL default '0',
  `disp_flag` tinyint(4) NOT NULL default '1',
  `create_date` datetime NOT NULL,
  `update_date` datetime NOT NULL,
  PRIMARY KEY  (`id`)
) ENGINE=InnoDB  DEFAULT CHARSET=utf8 AUTO_INCREMENT=24 ;

--
-- Dumping data untuk tabel `dtb_frame`
--

INSERT INTO `dtb_frame` (`id`, `frame_name`, `image_url`, `thumb_url`, `sort_order`, `disp_flag`, `create_date`, `update_date`) VALUES
(7, 'フレーム２', 'http://cawaii.buzoo.biz/images/50267e341226f3.36205808.png', 'http://cawaii.buzoo.biz/images/thumbnail/50267e341226f3.36205808.png', 2, 1, '2012-08-11 22:45:56', '0000-00-00 00:00:00'),
(10, 'フレーム3', 'http://cawaii.buzoo.biz/images/503ddec72f2c76.95298220.png', 'http://cawaii.buzoo.biz/images/thumbnail/503ddec72f2c76.95298220.png', 3, 1, '2012-08-29 16:20:07', '0000-00-00 00:00:00'),
(11, 'フレーム4', 'http://cawaii.buzoo.biz/images/503dded764dee7.39649934.png', 'http://cawaii.buzoo.biz/images/thumbnail/503dded764dee7.39649934.png', 4, 1, '2012-08-29 16:20:23', '0000-00-00 00:00:00'),
(13, 'フレーム6', 'http://cawaii.buzoo.biz/images/503ddeff3f33c7.25082556.png', 'http://cawaii.buzoo.biz/images/thumbnail/503ddeff3f33c7.25082556.png', 6, 1, '2012-08-29 16:21:03', '0000-00-00 00:00:00'),
(14, 'フレーム7', 'http://cawaii.buzoo.biz/images/503ddf12199665.14718016.png', 'http://cawaii.buzoo.biz/images/thumbnail/503ddf12199665.14718016.png', 7, 1, '2012-08-29 16:21:22', '0000-00-00 00:00:00'),
(15, 'フレーム8', 'http://cawaii.buzoo.biz/images/503ddf30529d43.39731395.png', 'http://cawaii.buzoo.biz/images/thumbnail/503ddf30529d43.39731395.png', 8, 1, '2012-08-29 16:21:52', '0000-00-00 00:00:00'),
(16, 'フレーム9', 'http://cawaii.buzoo.biz/images/503ddf4f2516d2.18034721.png', 'http://cawaii.buzoo.biz/images/thumbnail/503ddf4f2516d2.18034721.png', 9, 1, '2012-08-29 16:22:23', '0000-00-00 00:00:00'),
(20, 'フレーム1', 'http://cawaii.buzoo.biz/images/504eb3b9ca15c0.11492236.png', 'http://cawaii.buzoo.biz/images/thumbnail/504eb3b9ca15c0.11492236.png', 1, 1, '2012-09-11 10:44:57', '0000-00-00 00:00:00'),
(21, 'フレーム10', 'http://cawaii.buzoo.biz/images/504ef287ee0971.35044326.png', 'http://cawaii.buzoo.biz/images/thumbnail/504ef287ee0971.35044326.png', 19, 1, '2012-09-11 15:12:56', '2012-09-21 16:26:39'),
(22, 'frame200', 'http://cawaii.buzoo.biz/images/505ff6597a4847.56833109.png', 'http://cawaii.buzoo.biz/images/thumbnail/505ff6597a4847.56833109.png', 200, 1, '2012-09-24 12:57:45', '0000-00-00 00:00:00'),
(23, 'フレーム12', 'http://cawaii.buzoo.biz/images/5063c6901a2296.17495524.png', 'http://cawaii.buzoo.biz/images/thumbnail/5063c6901a2296.17495524.png', 1, 1, '2012-09-27 10:22:56', '0000-00-00 00:00:00');

-- --------------------------------------------------------

--
-- Struktur dari tabel `dtb_genre`
--

CREATE TABLE IF NOT EXISTS `dtb_genre` (
  `id` int(10) unsigned NOT NULL auto_increment,
  `genre_name` varchar(128) NOT NULL,
  `genre_desc` text NOT NULL,
  `thumb_url` varchar(200) NOT NULL,
  `sort_order` int(11) NOT NULL default '0',
  `disp_flag` tinyint(4) NOT NULL default '1',
  `create_date` datetime NOT NULL,
  `update_date` datetime NOT NULL,
  PRIMARY KEY  (`id`)
) ENGINE=InnoDB  DEFAULT CHARSET=utf8 AUTO_INCREMENT=11 ;

--
-- Dumping data untuk tabel `dtb_genre`
--

INSERT INTO `dtb_genre` (`id`, `genre_name`, `genre_desc`, `thumb_url`, `sort_order`, `disp_flag`, `create_date`, `update_date`) VALUES
(6, 'イラスト', '', 'http://cawaii.buzoo.biz/images/thumbnail/50616e485dea94.14428554.s.jpg', 1, 1, '2012-08-15 18:17:57', '2012-09-25 15:41:52'),
(7, 'ファッション', 'かわいいお洋服', 'http://cawaii.buzoo.biz/images/thumbnail/5046ad5ddb5123.80923178.s.jpg', 2, 1, '2012-09-05 08:39:41', '0000-00-00 00:00:00'),
(8, 'ネイル', 'cawaiiネイル', 'http://cawaii.buzoo.biz/images/thumbnail/5046ad8c4deff1.52290546.s.jpg', 3, 1, '2012-09-05 08:40:28', '0000-00-00 00:00:00'),
(9, 'アイテム', 'cawaiiアイテム', 'http://cawaii.buzoo.biz/images/thumbnail/5046adf92967a7.42371498.s.jpg', 4, 1, '2012-09-05 08:42:17', '2012-09-21 16:01:25'),
(10, '風景', 'cawaii風景', 'http://cawaii.buzoo.biz/images/thumbnail/5046aedf2385a1.65501738.s.jpg', 5, 1, '2012-09-05 08:46:07', '2012-09-25 15:41:18');

-- --------------------------------------------------------

--
-- Struktur dari tabel `dtb_item`
--

CREATE TABLE IF NOT EXISTS `dtb_item` (
  `id` bigint(20) unsigned NOT NULL auto_increment,
  `member_id` bigint(20) unsigned NOT NULL default '0',
  `genre_id` int(10) unsigned NOT NULL default '0',
  `category_id` int(10) unsigned NOT NULL default '0',
  `sub_category_id` int(10) unsigned NOT NULL default '0',
  `item_name` varchar(200) NOT NULL,
  `content` text,
  `image_url` varchar(200) default NULL,
  `thumb_url` varchar(200) default NULL,
  `buy_url` varchar(200) default NULL,
  `likes` bigint(20) unsigned NOT NULL default '0',
  `reports` bigint(20) unsigned NOT NULL default '0',
  `memo` text,
  `disp_flag` tinyint(4) NOT NULL default '1',
  `create_date` datetime NOT NULL,
  `update_date` datetime NOT NULL,
  PRIMARY KEY  (`id`)
) ENGINE=InnoDB  DEFAULT CHARSET=utf8 AUTO_INCREMENT=1501 ;

--
-- Dumping data untuk tabel `dtb_item`
--

INSERT INTO `dtb_item` (`id`, `member_id`, `genre_id`, `category_id`, `sub_category_id`, `item_name`, `content`, `image_url`, `thumb_url`, `buy_url`, `likes`, `reports`, `memo`, `disp_flag`, `create_date`, `update_date`) VALUES
(7, 1, 1, 1, 1, 'sdfdsdfs', 'sdfdsffds', 'http://cawaii.buzoo.biz/images/50000b89358076.01163049.jpg', NULL, 'dsfsdfds', 16, 3, 'sadasdasd', 1, '2012-10-23 17:41:47', '2012-10-23 17:41:47'),
(12, 1, 1, 1, 1, 'sdfdsdfs', 'sdfdsffds', 'http://cawaii.buzoo.biz/images/50000b89358076.01163049.jpg', 'http://cawaii.buzoo.biz/images/thumbnail/50000b8962be65.28042897.jpg', 'dsfsdfds', 20, 3, 'sadasdasd', 1, '2012-10-23 17:41:47', '2012-10-23 17:41:47'),
(17, 1, 1, 1, 1, 'sdfdsdfs', 'sdfdsffds', 'http://cawaii.buzoo.biz/images/50000b89358076.01163049.jpg', 'http://cawaii.buzoo.biz/images/thumbnail/50000b8962be65.28042897.jpg', 'dsfsdfds', 6, 2, 'sadasdasd', 1, '2012-10-23 17:41:47', '2012-10-23 17:41:47'),
(22, 1, 1, 1, 1, 'sdfdsdfs', 'sdfdsffds', 'http://cawaii.buzoo.biz/images/50000b89358076.01163049.jpg', 'http://cawaii.buzoo.biz/images/thumbnail/50000b8962be65.28042897.jpg', 'dsfsdfds', 5, 2, 'sadasdasd', 1, '2012-10-23 17:41:47', '2012-10-23 17:41:47'),
(27, 1, 1, 1, 1, 'sdfdsdfs', 'sdfdsffds', 'http://cawaii.buzoo.biz/images/50000b89358076.01163049.jpg', 'http://cawaii.buzoo.biz/images/thumbnail/50000b8962be65.28042897.jpg', 'dsfsdfds', 6, 2, 'sadasdasd', 1, '2012-10-23 17:41:47', '2012-10-23 17:41:47'),
(32, 1, 1, 1, 1, 'sdfdsdfs', 'sdfdsffds', 'http://cawaii.buzoo.biz/images/50000b89358076.01163049.jpg', 'http://cawaii.buzoo.biz/images/thumbnail/50000b8962be65.28042897.jpg', 'dsfsdfds', 5, 2, 'sadasdasd', 1, '2012-10-23 17:41:47', '2012-10-23 17:41:47'),
(37, 9, 1, 1, 1, 'itemName', 'item desc', 'http://cawaii.buzoo.biz/images/50000b89358076.01163049.jpg', 'http://cawaii.buzoo.biz/images/thumbnail/50000b8962be65.28042897.jpg', 'buzoo.jp', 0, 0, '', 1, '2012-10-23 17:41:47', '2012-10-23 17:41:47'),
(38, 9, 1, 1, 1, 'ItemNameTest', 'desc Test', 'http://cawaii.buzoo.biz/images/50000b89358076.01163049.jpg', 'http://cawaii.buzoo.biz/images/thumbnail/50000b8962be65.28042897.jpg', 'buzoo.jp', 0, 0, '', 1, '2012-10-23 17:41:47', '2012-10-23 17:41:47'),
(39, 10, 1, 1, 2, 'miyopon', 'test', 'http://cawaii.buzoo.biz/images/50000b89358076.01163049.jpg', 'http://cawaii.buzoo.biz/images/thumbnail/50000b8962be65.28042897.jpg', 'http://cawaii.buzoo.biz/test', 1, 1, '', 1, '2012-10-23 17:41:47', '2012-10-23 17:41:47'),
(40, 9, 1, 1, 1, 'ItemNameTest2', 'testing only', 'http://cawaii.buzoo.biz/images/50000b89358076.01163049.jpg', 'http://cawaii.buzoo.biz/images/thumbnail/50000b8962be65.28042897.jpg', 'buzoo.jp', 0, 1, '', 1, '2012-10-23 17:41:47', '2012-10-23 17:41:47'),
(41, 1, 2, 3, 4, 'asdasda', 'sadasd', 'http://cawaii.buzoo.biz/images/50000b89358076.01163049.jpg', 'http://cawaii.buzoo.biz/images/thumbnail/50000b8962be65.28042897.jpg', 'asdasd', 0, 0, '', 1, '2012-10-23 17:41:47', '2012-10-23 17:41:47'),
(42, 1, 2, 3, 4, 'asdasda', 'sadasd', 'http://cawaii.buzoo.biz/images/50000b89358076.01163049.jpg', 'http://cawaii.buzoo.biz/images/thumbnail/50000b8962be65.28042897.jpg', 'asdasd', 0, 0, '', 1, '2012-10-23 17:41:47', '2012-10-23 17:41:47'),
(43, 9, 1, 1, 1, 'itemName', 'testing only', 'http://cawaii.buzoo.biz/images/50000b89358076.01163049.jpg', 'http://cawaii.buzoo.biz/images/thumbnail/50000b8962be65.28042897.jpg', 'buzoo.jp', 0, 0, '', 1, '2012-10-23 17:41:47', '2012-10-23 17:41:47'),
(44, 1, 2, 3, 4, 'asdasda', 'sadasd', 'http://cawaii.buzoo.biz/images/50000b89358076.01163049.jpg', 'http://cawaii.buzoo.biz/images/thumbnail/50000b8962be65.28042897.jpg', 'asdasd', 0, 0, '', 1, '2012-10-23 17:41:47', '2012-10-23 17:41:47'),
(45, 1, 2, 3, 4, 'asdasda', 'sadasd', 'http://cawaii.buzoo.biz/images/50000b89358076.01163049.jpg', 'http://cawaii.buzoo.biz/images/thumbnail/50000b8962be65.28042897.jpg', 'asdasd', 1, 0, '', 1, '2012-10-23 17:41:47', '2012-10-23 17:41:47'),
(46, 1, 2, 3, 4, 'asdasda', 'sadasd', 'http://cawaii.buzoo.biz/images/50000b89358076.01163049.jpg', 'http://cawaii.buzoo.biz/images/thumbnail/50000b8962be65.28042897.jpg', 'asdasd', 1, 0, '', 1, '2012-10-23 17:41:47', '2012-10-23 17:41:47'),
(47, 1, 2, 3, 4, 'asdasda', 'sadasd', 'http://cawaii.buzoo.biz/images/50000b89358076.01163049.jpg', 'http://cawaii.buzoo.biz/images/thumbnail/50000b8962be65.28042897.jpg', 'asdasd', 2, 0, '', 1, '2012-10-23 17:41:47', '2012-10-23 17:41:47'),
(48, 1, 5, 5, 5, 'asdasda', 'sadsada', 'http://cawaii.buzoo.biz/images/50000b89358076.01163049.jpg', 'http://cawaii.buzoo.biz/images/thumbnail/50000b8962be65.28042897.jpg', 'adsasdsa', 2, 0, '', 1, '2012-10-23 17:41:47', '2012-10-23 17:41:47'),
(49, 1, 5, 5, 5, 'asdasda', 'sadsada', 'http://cawaii.buzoo.biz/images/50000b89358076.01163049.jpg', 'http://cawaii.buzoo.biz/images/thumbnail/50000b8962be65.28042897.jpg', 'adsasdsa', 1, 0, '', 1, '2012-10-23 17:41:47', '2012-10-23 17:41:47'),
(50, 1, 5, 5, 5, 'asdasda', 'sadsada', 'http://cawaii.buzoo.biz/images/50000b89358076.01163049.jpg', 'http://cawaii.buzoo.biz/images/thumbnail/50000b8962be65.28042897.jpg', 'adsasdsa', 1, 0, '', 1, '2012-10-23 17:41:47', '2012-10-23 17:41:47'),
(51, 1, 5, 5, 5, 'asdasda', 'sadsada', 'http://cawaii.buzoo.biz/images/50000b89358076.01163049.jpg', 'http://cawaii.buzoo.biz/images/thumbnail/50000b8962be65.28042897.jpg', 'adsasdsa', 0, 0, '', 1, '2012-10-23 17:41:47', '2012-10-23 17:41:47'),
(52, 1, 1, 1, 1, 'asd', 'qwe', 'http://cawaii.buzoo.biz/images/50000b89358076.01163049.jpg', 'http://cawaii.buzoo.biz/images/thumbnail/50000b8962be65.28042897.jpg', 'asd', 0, 0, '', 1, '2012-10-23 17:41:47', '2012-10-23 17:41:47'),
(53, 1, 5, 5, 5, 'asdasda', 'sadsada', 'http://cawaii.buzoo.biz/images/50000b89358076.01163049.jpg', 'http://cawaii.buzoo.biz/images/thumbnail/50000b8962be65.28042897.jpg', 'adsasdsa', 0, 0, '', 1, '2012-10-23 17:41:47', '2012-10-23 17:41:47'),
(56, 10, 5, 5, 5, 'test', 'test', 'http://cawaii.buzoo.biz/images/50000b89358076.01163049.jpg', 'http://cawaii.buzoo.biz/images/thumbnail/50000b8962be65.28042897.jpg', '', 0, 0, '', 1, '2012-10-23 17:41:47', '2012-10-23 17:41:47'),
(57, 10, 0, 0, 0, 'fsdfds', '', 'http://cawaii.buzoo.biz/images/50000b89358076.01163049.jpg', 'http://cawaii.buzoo.biz/images/thumbnail/50000b8962be65.28042897.jpg', '', 0, 0, '', 1, '2012-10-23 17:41:47', '2012-10-23 17:41:47'),
(58, 10, 7, 7, 7, '7', '7', 'http://cawaii.buzoo.biz/images/50000b89358076.01163049.jpg', 'http://cawaii.buzoo.biz/images/thumbnail/50000b8962be65.28042897.jpg', '7', 0, 0, '', 1, '2012-10-23 17:41:47', '2012-10-23 17:41:47'),
(59, 10, 0, 0, 0, '', '', 'http://cawaii.buzoo.biz/images/50000b89358076.01163049.jpg', 'http://cawaii.buzoo.biz/images/thumbnail/50000b8962be65.28042897.jpg', '', 0, 0, '', 1, '2012-10-23 17:41:47', '2012-10-23 17:41:47'),
(60, 22, 1, 1, 1, 'ccItem', 'cc', 'http://cawaii.buzoo.biz/images/50000b89358076.01163049.jpg', 'http://cawaii.buzoo.biz/images/thumbnail/50000b8962be65.28042897.jpg', 'buzoo.jp', 0, 0, '', 1, '2012-10-23 17:41:47', '2012-10-23 17:41:47'),
(61, 1, 1, 1, 1, 'yoyoyoyo', 'aaaa', 'http://cawaii.buzoo.biz/images/50000b89358076.01163049.jpg', 'http://cawaii.buzoo.biz/images/thumbnail/50000b8962be65.28042897.jpg', '', 1, 3, 'wwww', 1, '2012-10-23 17:41:47', '2012-10-23 17:41:47'),
(62, 1, 2, 1, 1, 'asd', 'asd', 'http://cawaii.buzoo.biz/images/50000b89358076.01163049.jpg', 'http://cawaii.buzoo.biz/images/thumbnail/50000b8962be65.28042897.jpg', '', 0, 0, '', 0, '2012-10-23 17:41:47', '2012-10-23 17:41:47'),
(67, 1, 1, 1, 1, 'wwwwwwwww', '', NULL, NULL, '', 1, 1, '', 1, '2012-10-23 17:41:47', '2012-10-23 17:41:47'),
(68, 1, 1, 1, 1, 'qweqwewqqeqw', '', NULL, NULL, '', 1, 1, '', 1, '2012-10-23 17:41:47', '2012-10-23 17:41:47'),
(69, 65, 1, 11, 0, 'adasd', 'asdasdada', NULL, NULL, '', 0, 0, '', 1, '2012-10-23 17:41:47', '2012-10-23 17:41:47'),
(70, 65, 1, 11, 0, 'adasdasdsad', 'asdasdada', NULL, NULL, '', 0, 0, '', 1, '2012-10-23 17:41:47', '2012-10-23 17:41:47'),
(71, 65, 1, 11, 0, 'adasdasdsad', 'asdasdada', NULL, NULL, '', 0, 0, '', 1, '2012-10-23 17:41:47', '2012-10-23 17:41:47'),
(82, 82, 1, 1, 1, 'CAWAIIIII', 'HPサポートエンジェル', 'http://cawaii.buzoo.biz/images/5027e51962ab00.99621674.jpg', 'http://cawaii.buzoo.biz/images/thumbnail/5027e51969b007.54825200.jpg', 'http://www.akb48.co.jp', 1, 0, '', 1, '2012-10-23 17:41:47', '2012-10-23 17:41:47'),
(83, 82, 1, 1, 1, 'CAWAIIIII', 'Q', 'http://cawaii.buzoo.biz/images/5027e9036f0c58.75679099.jpg', 'http://cawaii.buzoo.biz/images/thumbnail/5027e903835c60.04830962.jpg', 'http://q', 1, 1, '', 1, '2012-10-23 17:41:47', '2012-10-23 17:41:47'),
(86, 82, 1, 1, 1, 'CAWAIIIII', 'あ', 'http://cawaii.buzoo.biz/images/50288a2eed7729.82293571.jpg', 'http://cawaii.buzoo.biz/images/thumbnail/50288a2f006ef3.77292695.jpg', 'http://q', 1, 0, '', 1, '2012-10-23 17:41:47', '2012-10-23 17:41:47'),
(89, 102, 1, 1, 1, 'くまくま', 'おなかすいたー', 'http://cawaii.buzoo.biz/images/502b1dc32183c5.84678814.jpg', 'http://cawaii.buzoo.biz/images/thumbnail/502b1dc3362379.05127924.jpg', 'http://', 3, 2, '', 1, '2012-10-23 17:41:47', '2012-10-23 17:41:47'),
(90, 40, 1, 1, 1, 'ffx', 'Cgcxf', 'http://cawaii.buzoo.biz/images/502b1ea4a5a8d6.62625904.jpg', 'http://cawaii.buzoo.biz/images/thumbnail/502b1ea4b98795.87781210.jpg', 'http://', 2, 0, '', 1, '2012-10-23 17:41:47', '2012-10-23 17:41:47'),
(91, 85, 1, 1, 1, 'benito', 'Ben', 'http://cawaii.buzoo.biz/images/502b3493ed46f8.10796247.jpg', 'http://cawaii.buzoo.biz/images/thumbnail/502b34940ef4b6.90633902.jpg', 'http://', 5, 2, '', 1, '2012-10-23 17:41:47', '2012-10-23 17:41:47'),
(93, 85, 1, 1, 1, '私のコンピュータ', 'きゃあああ', 'http://cawaii.buzoo.biz/images/502bd4bf7cf608.75301927.jpg', 'http://cawaii.buzoo.biz/images/thumbnail/502bd4bf8e6e16.87347497.jpg', 'http://', 2, 0, '', 1, '2012-10-23 17:41:47', '2012-10-23 17:41:47'),
(94, 85, 1, 1, 1, 'filter cartoon', 'Hdhx', 'http://cawaii.buzoo.biz/images/502bdeefc50228.40709302.jpg', 'http://cawaii.buzoo.biz/images/thumbnail/502bdeefd2abd1.28490970.jpg', 'http://', 1, 0, '', 1, '2012-10-23 17:41:47', '2012-10-23 17:41:47'),
(96, 106, 1, 1, 1, 'naiiit', 'Aaaaaaaaaaa', 'http://cawaii.buzoo.biz/images/502cfd945aede6.51758419.jpg', 'http://cawaii.buzoo.biz/images/thumbnail/502cfd946caad0.16962741.jpg', 'http://', 0, 0, '', 1, '2012-10-23 17:41:47', '2012-10-23 17:41:47'),
(97, 106, 1, 1, 1, 'ggvb', 'ゅ fvvcccccccccchyfcucuuccucucuccucucuucchcuuccucucujvcjcjvjcjcjcjjccucuhchcchjccj', 'http://cawaii.buzoo.biz/images/502d00f7ab51d5.27179536.jpg', 'http://cawaii.buzoo.biz/images/thumbnail/502d00f7bdfb47.01150895.jpg', 'http://vhj', 0, 1, '', 1, '2012-10-23 17:41:47', '2012-10-23 17:41:47'),
(98, 83, 1, 1, 1, 'くまたんの彼女', 'ぶーたん', 'http://cawaii.buzoo.biz/images/50332a60643c58.01728811.jpg', 'http://cawaii.buzoo.biz/images/thumbnail/50332a607cd791.20172038.jpg', 'http://wakatsuki-chinatsu-wc.jp', 3, 3, 'aaaaaa', 1, '2012-10-23 17:41:47', '2012-10-23 17:41:47'),
(103, 40, 1, 1, 1, '(^-^)/', 'やゆ', 'http://cawaii.buzoo.biz/images/503902405ecad8.96808645.jpg', 'http://cawaii.buzoo.biz/images/thumbnail/503902407559a3.61480735.jpg', 'http://', 0, 0, '', 1, '2012-10-23 17:41:47', '2012-10-23 17:41:47'),
(114, 105, 0, 0, 0, 'aaaaaa', 'aaaaaa', 'http://cawaii.buzoo.biz/images/503d055bb7ed05.50759109.jpg', 'http://cawaii.buzoo.biz/images/thumbnail/503d055bc68594.91895220.jpg', 'http://', 0, 0, '', 1, '2012-10-23 17:41:47', '2012-10-23 17:41:47'),
(118, 40, 0, 0, 0, 'hutg', 'Hvv', 'http://cawaii.buzoo.biz/images/503ddd59ad3ef9.97178627.jpg', 'http://cawaii.buzoo.biz/images/thumbnail/503ddd59c4a811.65000644.jpg', 'http://', 0, 0, '', 1, '2012-10-23 17:41:47', '2012-10-23 17:41:47'),
(124, 127, 6, 6, 7, 'ギンガムチェック最高！', 'マニッシュだね～', 'http://cawaii.buzoo.biz/images/503ffe15271a69.20972210.jpg', 'http://cawaii.buzoo.biz/images/thumbnail/503ffe15361832.26086469.jpg', 'http://www.akb48.co.jp', 2, 0, '', 1, '2012-10-23 17:41:47', '2012-10-23 17:41:47'),
(125, 83, 6, 6, 7, 'クリームあんみつ', 'おいしい', 'http://cawaii.buzoo.biz/images/5040034c9c6744.04972010.jpg', 'http://cawaii.buzoo.biz/images/thumbnail/5040034cb678c7.10700481.jpg', 'http://', 1, 0, '', 1, '2012-10-23 17:41:47', '2012-10-23 17:41:47'),
(126, 127, 0, 0, 0, 'a', 'A', 'http://cawaii.buzoo.biz/images/5040317ace1ac0.31797414.jpg', 'http://cawaii.buzoo.biz/images/thumbnail/5040317ae0d758.20542600.jpg', 'http://', 0, 0, '', 1, '2012-10-23 17:41:47', '2012-10-23 17:41:47'),
(130, 105, 1, 1, 4, 'tuuuu', 'Hp', 'http://cawaii.buzoo.biz/images/50446c5c258fd8.84545234.jpg', 'http://cawaii.buzoo.biz/images/thumbnail/50446c5c3c0839.96188469.jpg', 'http://', 0, 0, '', 1, '2012-10-23 17:41:47', '2012-10-23 17:41:47'),
(131, 105, 6, 6, 7, 'testy', 'Teat', 'http://cawaii.buzoo.biz/images/50446c8c6aaa01.74355358.jpg', 'http://cawaii.buzoo.biz/images/thumbnail/50446c8c8373a1.51818848.jpg', 'http://', 0, 0, '', 1, '2012-10-23 17:41:47', '2012-10-23 17:41:47'),
(132, 105, 0, 0, 0, 'hhh', 'Hhh', 'http://cawaii.buzoo.biz/images/50446cd952d090.41090387.jpg', 'http://cawaii.buzoo.biz/images/thumbnail/50446cd96a0fc5.45096793.jpg', 'http://', 0, 0, '', 1, '2012-10-23 17:41:47', '2012-10-23 17:41:47'),
(137, 105, 6, 6, 7, 'jsx', 'Nsjd', 'http://cawaii.buzoo.biz/images/504475fe88fa02.18210800.jpg', 'http://cawaii.buzoo.biz/images/thumbnail/504475fea03a57.01086290.jpg', 'http://', 0, 0, '', 1, '2012-10-23 17:41:47', '2012-10-23 17:41:47'),
(138, 105, 1, 1, 4, 'kdjd', 'Hdd', 'http://cawaii.buzoo.biz/images/504476b9444cb7.66345052.jpg', 'http://cawaii.buzoo.biz/images/thumbnail/504476b95a6447.53988180.jpg', 'http://', 0, 0, '', 1, '2012-10-23 17:41:47', '2012-10-23 17:41:47'),
(139, 105, 0, 0, 0, 'md', 'Nxx', 'http://cawaii.buzoo.biz/images/504477bfb02ff4.02143096.jpg', 'http://cawaii.buzoo.biz/images/thumbnail/504477bfc4de68.69285364.jpg', 'http://', 0, 0, '', 1, '2012-10-23 17:41:47', '2012-10-23 17:41:47'),
(140, 105, 6, 6, 7, 'jd', 'Xc', 'http://cawaii.buzoo.biz/images/5044784e2a3561.51413207.jpg', 'http://cawaii.buzoo.biz/images/thumbnail/5044784e3f59e7.36593628.jpg', 'http://', 0, 0, '', 1, '2012-10-23 17:41:47', '2012-10-23 17:41:47'),
(141, 105, 0, 0, 0, 'hdx', 'Bxhdjc', 'http://cawaii.buzoo.biz/images/504478e6c10ce3.13277825.jpg', 'http://cawaii.buzoo.biz/images/thumbnail/504478e6d6f819.90932389.jpg', 'http://', 0, 0, '', 1, '2012-10-23 17:41:47', '2012-10-23 17:41:47'),
(142, 105, 0, 0, 0, 'bzhz', 'Zbbx', 'http://cawaii.buzoo.biz/images/504479963d96d8.65966716.jpg', 'http://cawaii.buzoo.biz/images/thumbnail/50447996537907.17269289.jpg', 'http://', 0, 0, '', 1, '2012-10-23 17:41:47', '2012-10-23 17:41:47'),
(143, 105, 6, 6, 7, 'dan', 'New employee', 'http://cawaii.buzoo.biz/images/5044833640a976.41088582.jpg', 'http://cawaii.buzoo.biz/images/thumbnail/50448336556cc6.39299100.jpg', 'http://', 0, 0, '', 1, '2012-10-23 17:41:47', '2012-10-23 17:41:47'),
(144, 105, 0, 0, 0, 'vcxc', 'Vccb', 'http://cawaii.buzoo.biz/images/50448be63fe9c9.07493130.jpg', 'http://cawaii.buzoo.biz/images/thumbnail/50448be6562c92.34902656.jpg', 'http://', 0, 0, '', 1, '2012-10-23 17:41:47', '2012-10-23 17:41:47'),
(145, 105, 0, 0, 0, 'jzhd', 'Jsjd', 'http://cawaii.buzoo.biz/images/50448caca957e8.69965485.jpg', 'http://cawaii.buzoo.biz/images/thumbnail/50448cacbe6925.42485525.jpg', 'http://', 0, 0, '', 1, '2012-10-23 17:41:47', '2012-10-23 17:41:47'),
(146, 105, 0, 0, 0, 'zonbkz', 'Obzvia', 'http://cawaii.buzoo.biz/images/50448d57484cf7.90411959.jpg', 'http://cawaii.buzoo.biz/images/thumbnail/50448d575cf5c5.29723343.jpg', 'http://', 0, 0, '', 1, '2012-10-23 17:41:47', '2012-10-23 17:41:47'),
(147, 105, 0, 0, 0, 'lsndb', 'Bzhx', 'http://cawaii.buzoo.biz/images/50448e473d29d7.06679804.jpg', 'http://cawaii.buzoo.biz/images/thumbnail/50448e475321c8.03593483.jpg', 'http://', 1, 1, '', 1, '2012-10-23 17:41:47', '2012-10-23 17:41:47'),
(148, 105, 1, 1, 3, 'fcc ', 'Vcxcn', 'http://cawaii.buzoo.biz/images/50448f194e0184.57386842.jpg', 'http://cawaii.buzoo.biz/images/thumbnail/50448f1966e900.33803179.jpg', 'http://', 0, 0, '', 1, '2012-10-23 17:41:47', '2012-10-23 17:41:47'),
(149, 105, 6, 6, 7, 'jdjf', 'Hdhd', 'http://cawaii.buzoo.biz/images/5044925fb08793.77883325.jpg', 'http://cawaii.buzoo.biz/images/thumbnail/5044925fc56359.37298303.jpg', 'http://', 0, 0, '', 1, '2012-10-23 17:41:47', '2012-10-23 17:41:47'),
(150, 105, 0, 0, 0, 'vf', 'Cg', 'http://cawaii.buzoo.biz/images/504492a0e1d902.52715520.jpg', 'http://cawaii.buzoo.biz/images/thumbnail/504492a1048eb9.61872657.jpg', 'http://', 0, 0, '', 1, '2012-10-23 17:41:47', '2012-10-23 17:41:47'),
(151, 105, 0, 0, 0, 'vg', 'Vh', 'http://cawaii.buzoo.biz/images/504494bb8ad343.07574805.jpg', 'http://cawaii.buzoo.biz/images/thumbnail/504494bba03703.89984734.jpg', 'http://', 0, 0, '', 1, '2012-10-23 17:41:47', '2012-10-23 17:41:47'),
(152, 105, 0, 0, 0, 'zios', 'HHz', 'http://cawaii.buzoo.biz/images/504495d8427d29.60813457.jpg', 'http://cawaii.buzoo.biz/images/thumbnail/504495d8606e04.37352247.jpg', 'http://', 0, 0, '', 1, '2012-10-23 17:41:47', '2012-10-23 17:41:47'),
(153, 105, 0, 0, 0, 'jxhx', 'Zhbx', 'http://cawaii.buzoo.biz/images/5044964be9e501.87492028.jpg', 'http://cawaii.buzoo.biz/images/thumbnail/5044964c09f2b9.36921510.jpg', 'http://', 0, 0, '', 1, '2012-10-23 17:41:47', '2012-10-23 17:41:47'),
(154, 65, 1, 1, 1, 'asda', 'asasada', 'http://cawaii.buzoo.biz/images/50449bb11beef4.59970312.jpg', 'http://cawaii.buzoo.biz/images/thumbnail/50449bb17c6249.39245203.jpg', '', 0, 0, '', 1, '2012-10-23 17:41:47', '2012-10-23 17:41:47'),
(155, 105, 6, 6, 7, 'ndjd', 'Jdbbc', 'http://cawaii.buzoo.biz/images/50449c2e8c5468.19957295.jpg', 'http://cawaii.buzoo.biz/images/thumbnail/50449c2ea265b6.95604814.jpg', 'http://', 0, 0, '', 1, '2012-10-23 17:41:47', '2012-10-23 17:41:47'),
(156, 105, 6, 6, 7, 'jxxj', 'Hxhx', 'http://cawaii.buzoo.biz/images/50449d9cd42715.68729735.jpg', 'http://cawaii.buzoo.biz/images/thumbnail/50449d9cea58f3.89390852.jpg', 'http://', 0, 0, '', 1, '2012-10-23 17:41:47', '2012-10-23 17:41:47'),
(157, 105, 0, 0, 0, 'znjz', 'Bsbd', 'http://cawaii.buzoo.biz/images/50449ea76b7c09.28285694.jpg', 'http://cawaii.buzoo.biz/images/thumbnail/50449ea77fb161.83122333.jpg', 'http://', 0, 0, '', 1, '2012-10-23 17:41:47', '2012-10-23 17:41:47'),
(158, 105, 0, 0, 0, 'cf', 'Ff', 'http://cawaii.buzoo.biz/images/50449f8519dd38.30216451.jpg', 'http://cawaii.buzoo.biz/images/thumbnail/50449f8530b2a0.43848398.jpg', 'http://', 0, 0, '', 1, '2012-10-23 17:41:47', '2012-10-23 17:41:47'),
(159, 105, 0, 0, 0, 'skjd', 'Bxhx', 'http://cawaii.buzoo.biz/images/5044a00bd1ec40.29852877.jpg', 'http://cawaii.buzoo.biz/images/thumbnail/5044a00be5d293.48700092.jpg', 'http://', 0, 0, '', 1, '2012-10-23 17:41:47', '2012-10-23 17:41:47'),
(160, 105, 0, 0, 0, 'x x', 'Bxhx', 'http://cawaii.buzoo.biz/images/5044a030d1d731.52311313.jpg', 'http://cawaii.buzoo.biz/images/thumbnail/5044a030e5a4e8.49154479.jpg', 'http://', 0, 0, '', 1, '2012-10-23 17:41:47', '2012-10-23 17:41:47'),
(161, 105, 0, 0, 0, 'zbx', 'Xbbx', 'http://cawaii.buzoo.biz/images/5044a06f618833.23303822.jpg', 'http://cawaii.buzoo.biz/images/thumbnail/5044a06f7854e0.21776712.jpg', 'http://', 0, 0, '', 1, '2012-10-23 17:41:47', '2012-10-23 17:41:47'),
(162, 105, 0, 0, 0, 'jzhzh', 'Bzhzhx', 'http://cawaii.buzoo.biz/images/5044a0b1cdeb30.10305734.jpg', 'http://cawaii.buzoo.biz/images/thumbnail/5044a0b1e44740.71502833.jpg', 'http://', 0, 0, '', 1, '2012-10-23 17:41:47', '2012-10-23 17:41:47'),
(163, 105, 0, 0, 0, 'hshgd', 'Bshxhd', 'http://cawaii.buzoo.biz/images/5044a1806dd860.60083234.jpg', 'http://cawaii.buzoo.biz/images/thumbnail/5044a180823a19.76173531.jpg', 'http://', 0, 0, '', 1, '2012-10-23 17:41:47', '2012-10-23 17:41:47'),
(164, 105, 0, 0, 0, 'shud', 'Hxhx', 'http://cawaii.buzoo.biz/images/5044a225b94c15.78067644.jpg', 'http://cawaii.buzoo.biz/images/thumbnail/5044a225cd5fc4.78979467.jpg', 'http://', 0, 0, '', 1, '2012-10-23 17:41:47', '2012-10-23 17:41:47'),
(165, 105, 1, 1, 3, 'ye', 'Yeeee', 'http://cawaii.buzoo.biz/images/5044a376bf7ce4.03577619.jpg', 'http://cawaii.buzoo.biz/images/thumbnail/5044a376d69995.23088370.jpg', 'http://', 0, 0, '', 1, '2012-10-23 17:41:47', '2012-10-23 17:41:47'),
(166, 105, 1, 1, 3, 'chanchan', 'Chan', 'http://cawaii.buzoo.biz/images/5044a427ca1568.31160033.jpg', 'http://cawaii.buzoo.biz/images/thumbnail/5044a427dc5ee2.86654533.jpg', 'http://', 1, 0, '', 1, '2012-10-23 17:41:47', '2012-10-23 17:41:47'),
(167, 105, 0, 0, 0, 'channn', 'Channnn', 'http://cawaii.buzoo.biz/images/5044a4eb625675.27800600.jpg', 'http://cawaii.buzoo.biz/images/thumbnail/5044a4eb76f376.14514188.jpg', 'http://', 0, 0, '', 1, '2012-10-23 17:41:47', '2012-10-23 17:41:47'),
(168, 83, 6, 6, 7, 'くまちゃんず', 'クアラルンプールだったかなー？', 'http://cawaii.buzoo.biz/images/5044d003e354b0.49972839.jpg', 'http://cawaii.buzoo.biz/images/thumbnail/5044d0040a6787.19477102.jpg', 'http://', 0, 0, '', 1, '2012-10-23 17:41:47', '2012-10-23 17:41:47'),
(169, 83, 6, 6, 7, 'more try', 'なんでー？', 'http://cawaii.buzoo.biz/images/5044d1fbdc1aa1.35393676.jpg', 'http://cawaii.buzoo.biz/images/thumbnail/5044d1fbf1f0a3.16772387.jpg', 'http://', 0, 0, '', 1, '2012-10-23 17:41:47', '2012-10-23 17:41:47'),
(170, 127, 6, 6, 7, 'マイナビのあっちゃん', 'ソロでもがんばれー', 'http://cawaii.buzoo.biz/images/5044d7852ee4f8.13611966.jpg', 'http://cawaii.buzoo.biz/images/thumbnail/5044d78546bdb6.49036641.jpg', 'http://', 1, 0, '', 1, '2012-10-23 17:41:47', '2012-10-23 17:41:47'),
(171, 83, 1, 1, 3, 'ともちん', 'ヨーカドー', 'http://cawaii.buzoo.biz/images/5045748ea9df00.39434790.jpg', 'http://cawaii.buzoo.biz/images/thumbnail/5045748ebc1b57.45845340.jpg', 'http://', 0, 0, '', 1, '2012-10-23 17:41:47', '2012-10-23 17:41:47'),
(173, 83, 1, 1, 4, 'こじはる', 'こじはるるー', 'http://cawaii.buzoo.biz/images/50457a438f5373.12888032.jpg', 'http://cawaii.buzoo.biz/images/thumbnail/50457a43a259e2.22971843.jpg', 'http://', 0, 0, '', 1, '2012-10-23 17:41:47', '2012-10-23 17:41:47'),
(177, 127, 6, 6, 7, 'テスト', 'コメント', 'http://cawaii.buzoo.biz/images/5045871eb3b630.81237832.jpg', 'http://cawaii.buzoo.biz/images/thumbnail/5045871ec9e830.57006930.jpg', 'http://aaa', 1, 0, '', 1, '2012-10-23 17:41:47', '2012-10-23 17:41:47'),
(178, 127, 6, 6, 7, 'a', 'A', 'http://cawaii.buzoo.biz/images/50458769404493.56434963.jpg', NULL, 'http://', 0, 0, 'あああ', 1, '2012-10-23 17:41:47', '2012-10-23 17:41:47'),
(181, 40, 1, 1, 4, '鉈かな', 'ぬかなや 霊屋な 多生に', 'http://cawaii.buzoo.biz/images/5045e0821418f0.31802206.jpg', 'http://cawaii.buzoo.biz/images/thumbnail/5045e0822a75e4.18909016.jpg', 'http://', 0, 0, '', 1, '2012-10-23 17:41:47', '2012-10-23 17:41:47'),
(184, 1, 3, 3, 3, 'adad', 'asdadsa', '', '', '', 1, 1, 'asdadsa', 1, '2012-10-23 17:41:47', '2012-10-23 17:41:47'),
(185, 1, 3, 3, 3, 'asdas', 'asdad', '', NULL, '', 1, 0, 'asdad', 1, '2012-10-23 17:41:47', '2012-10-23 17:41:47'),
(189, 40, 10, 7, 17, 'なな', 'かかかぅき', 'http://cawaii.buzoo.biz/images/50470621908bc4.93865847.jpg', 'http://cawaii.buzoo.biz/images/thumbnail/50470621a5efc5.66236981.jpg', 'http://', 0, 0, '', 1, '2012-10-23 17:41:47', '2012-10-23 17:41:47'),
(193, 40, 8, 7, 14, 'ななな', 'けぇけ', 'http://cawaii.buzoo.biz/images/50471e6ee3c142.98718225.jpg', 'http://cawaii.buzoo.biz/images/thumbnail/50471e6f046b12.62107575.jpg', 'http://', 0, 0, '', 1, '2012-10-23 17:41:47', '2012-10-23 17:41:47'),
(194, 40, 10, 7, 18, 'gk', 'く', 'http://cawaii.buzoo.biz/images/50471f0a6a5fd3.26411067.jpg', 'http://cawaii.buzoo.biz/images/thumbnail/50471f0a7f06a3.12834166.jpg', 'http://', 0, 0, '', 1, '2012-10-23 17:41:47', '2012-10-23 17:41:47'),
(195, 40, 9, 7, 15, 'hehe', 'Haha', 'http://cawaii.buzoo.biz/images/5047201424ed37.68332747.jpg', 'http://cawaii.buzoo.biz/images/thumbnail/5047201439c2f1.68026968.jpg', 'http://', 0, 0, '', 1, '2012-10-23 17:41:47', '2012-10-23 17:41:47'),
(196, 40, 11, 10, 19, 'なまな', 'ななななななまままーーーー', 'http://cawaii.buzoo.biz/images/50472817306854.15524372.jpg', 'http://cawaii.buzoo.biz/images/thumbnail/5047281746ca12.77585051.jpg', 'http://', 0, 0, '', 1, '2012-10-23 17:41:47', '2012-10-23 17:41:47'),
(197, 40, 6, 6, 8, 'bxk', 'jfkf', 'http://cawaii.buzoo.biz/images/5047285c66a941.57931663.jpg', 'http://cawaii.buzoo.biz/images/thumbnail/5047285c7be3b8.26452254.jpg', 'http://', 0, 0, '', 1, '2012-10-23 17:41:47', '2012-10-23 17:41:47'),
(199, 40, 0, 0, 0, 'cy', 'Bhu', 'http://cawaii.buzoo.biz/images/5047292069df29.41670341.jpg', 'http://cawaii.buzoo.biz/images/thumbnail/504729207f7df3.31334721.jpg', 'http://', 0, 0, '', 1, '2012-10-23 17:41:47', '2012-10-23 17:41:47'),
(200, 40, 0, 0, 0, 'haha', 'Shzusu', 'http://cawaii.buzoo.biz/images/50472a78a16e71.61036401.jpg', 'http://cawaii.buzoo.biz/images/thumbnail/50472a78b6b399.27596114.jpg', 'http://', 0, 0, '', 1, '2012-10-23 17:41:47', '2012-10-23 17:41:47'),
(201, 40, 0, 0, 0, 'hz', 'Gsyx', 'http://cawaii.buzoo.biz/images/50472b342a9041.90706016.jpg', 'http://cawaii.buzoo.biz/images/thumbnail/50472b343d8332.80463544.jpg', 'http://', 0, 0, '', 1, '2012-10-23 17:41:47', '2012-10-23 17:41:47'),
(202, 40, 0, 0, 0, 'hdhd', 'Ss', 'http://cawaii.buzoo.biz/images/50472b5cc37cf3.90768292.jpg', 'http://cawaii.buzoo.biz/images/thumbnail/50472b5cd7b000.77200933.jpg', 'http://', 0, 0, '', 1, '2012-10-23 17:41:47', '2012-10-23 17:41:47'),
(221, 40, 0, 0, 0, 'bai', 'Nai', 'http://cawaii.buzoo.biz/images/50482a96a3b696.74470132.jpg', 'http://cawaii.buzoo.biz/images/thumbnail/50482a96ba0345.68793143.jpg', 'http://', 0, 0, '', 1, '2012-10-23 17:41:47', '2012-10-23 17:41:47'),
(222, 40, 0, 0, 0, 'ja', 'Jaj', 'http://cawaii.buzoo.biz/images/50482b2cc9b194.43117136.jpg', 'http://cawaii.buzoo.biz/images/thumbnail/50482b2cdfeb19.49585418.jpg', 'http://', 0, 0, '', 1, '2012-10-23 17:41:47', '2012-10-23 17:41:47'),
(223, 40, 0, 0, 0, 'sc', 'Vh', 'http://cawaii.buzoo.biz/images/50482f0c82e102.07858022.jpg', 'http://cawaii.buzoo.biz/images/thumbnail/50482f0c8c85d2.51662065.jpg', 'http://', 0, 0, '', 1, '2012-10-23 17:41:47', '2012-10-23 17:41:47'),
(224, 40, 0, 0, 0, 'bbz', 'Bahdh', 'http://cawaii.buzoo.biz/images/50484df8cdf251.99160736.jpg', 'http://cawaii.buzoo.biz/images/thumbnail/50484df8d79db0.61695184.jpg', 'http://', 0, 0, '', 1, '2012-10-23 17:41:47', '2012-10-23 17:41:47'),
(225, 40, 6, 6, 9, 'hahahah', 'Hahaha', 'http://cawaii.buzoo.biz/images/50484e601ac816.37615415.jpg', 'http://cawaii.buzoo.biz/images/thumbnail/50484e60246f77.83918993.jpg', 'http://', 0, 0, '', 1, '2012-10-23 17:41:47', '2012-10-23 17:41:47'),
(226, 40, 0, 0, 0, 'tee', 'Ass', 'http://cawaii.buzoo.biz/images/5048599701e2c2.69956434.jpg', 'http://cawaii.buzoo.biz/images/thumbnail/504859970bdf29.09926227.jpg', 'http://', 0, 0, '', 1, '2012-10-23 17:41:47', '2012-10-23 17:41:47'),
(227, 40, 0, 0, 0, 'bb', 'Hdd', 'http://cawaii.buzoo.biz/images/504859bbc322e9.57577380.jpg', 'http://cawaii.buzoo.biz/images/thumbnail/504859bbcd08a2.30622160.jpg', 'http://', 0, 0, '', 1, '2012-10-23 17:41:47', '2012-10-23 17:41:47'),
(228, 40, 0, 0, 0, 'combine', 'Kom', 'http://cawaii.buzoo.biz/images/50485a562f94b4.71767632.jpg', 'http://cawaii.buzoo.biz/images/thumbnail/50485a56390568.20107249.jpg', 'http://', 0, 0, '', 1, '2012-10-23 17:41:47', '2012-10-23 17:41:47'),
(229, 40, 0, 0, 0, 'ja', 'Jaja', 'http://cawaii.buzoo.biz/images/50486214253666.51574249.jpg', 'http://cawaii.buzoo.biz/images/thumbnail/50486214388b20.38319329.jpg', 'http://', 0, 0, '', 1, '2012-10-23 17:41:47', '2012-10-23 17:41:47'),
(230, 40, 0, 0, 0, 'cbnx', 'Dhhd', 'http://cawaii.buzoo.biz/images/50486803e5bd93.24133218.jpg', 'http://cawaii.buzoo.biz/images/thumbnail/5048680404b046.33910611.jpg', 'http://', 0, 0, '', 1, '2012-10-23 17:41:47', '2012-10-23 17:41:47'),
(231, 40, 0, 0, 0, 'jsd', 'Hdhd', 'http://cawaii.buzoo.biz/images/5048687d699999.19323793.jpg', 'http://cawaii.buzoo.biz/images/thumbnail/5048687d7c9e88.13664678.jpg', 'http://', 0, 0, '', 1, '2012-10-23 17:41:47', '2012-10-23 17:41:47'),
(232, 40, 0, 0, 0, 'jdid', 'Hahsu', 'http://cawaii.buzoo.biz/images/504868c86a7092.83268730.jpg', 'http://cawaii.buzoo.biz/images/thumbnail/504868c87dc971.29026788.jpg', 'http://', 0, 0, '', 1, '2012-10-23 17:41:47', '2012-10-23 17:41:47'),
(234, 40, 0, 0, 0, 'jsid', 'Hdisic', 'http://cawaii.buzoo.biz/images/50486c4bcba488.20186082.jpg', 'http://cawaii.buzoo.biz/images/thumbnail/50486c4be174c0.74627162.jpg', 'http://', 0, 0, '', 1, '2012-10-23 17:41:47', '2012-10-23 17:41:47'),
(235, 40, 0, 0, 0, 'Ha', 'Ha', 'http://cawaii.buzoo.biz/images/50486d0cd3a0a1.22766788.jpg', 'http://cawaii.buzoo.biz/images/thumbnail/50486d0cdc9142.65652233.jpg', 'http://', 0, 0, '', 1, '2012-10-23 17:41:47', '2012-10-23 17:41:47'),
(236, 40, 0, 0, 0, 'hdhd', 'Hxhxu', 'http://cawaii.buzoo.biz/images/50486da15feac8.93592017.jpg', 'http://cawaii.buzoo.biz/images/thumbnail/50486da16913e1.69163566.jpg', 'http://', 0, 0, '', 1, '2012-10-23 17:41:47', '2012-10-23 17:41:47'),
(237, 0, 0, 0, 0, 'item_name', 'content', NULL, NULL, 'buy_url', 0, 0, 'memo', 0, '2012-10-23 17:41:47', '2012-10-23 17:41:47'),
(381, 40, 0, 0, 0, 'bs', 'Shz', 'http://cawaii.buzoo.biz/images/5048891b72a933.34729564.jpg', 'http://cawaii.buzoo.biz/images/thumbnail/5048891b7c8bf2.20202996.jpg', 'http://', 0, 0, '', 1, '2012-10-23 17:41:47', '2012-10-23 17:41:47'),
(382, 40, 6, 6, 9, 'haha', 'Haha', 'http://cawaii.buzoo.biz/images/50488dcdd11db5.01565537.jpg', 'http://cawaii.buzoo.biz/images/thumbnail/50488dcdda5199.14137381.jpg', 'http://', 0, 0, '', 1, '2012-10-23 17:41:47', '2012-10-23 17:41:47'),
(383, 127, 7, 7, 11, '上からマリコ', 'PV泣ける', 'http://cawaii.buzoo.biz/images/50489a34ce3125.58684773.jpg', 'http://cawaii.buzoo.biz/images/thumbnail/50489a34d82395.52443296.jpg', 'http://', 0, 0, '', 1, '2012-10-23 17:41:47', '2012-10-23 17:41:47'),
(384, 83, 11, 10, 19, 'ともちん', 'ともちんは、野菜のとき、ナスだよ！', 'http://cawaii.buzoo.biz/images/50495958cba870.96228174.jpg', 'http://cawaii.buzoo.biz/images/thumbnail/50495958d5ea98.78641194.jpg', 'http://www.akb48.co.jp', 0, 0, '', 1, '2012-10-23 17:41:47', '2012-10-23 17:41:47'),
(385, 83, 7, 7, 11, 'ぶにゃ', 'たろう', 'http://cawaii.buzoo.biz/images/50495b1d70be50.65365906.jpg', 'http://cawaii.buzoo.biz/images/thumbnail/50495b1d798b55.85643604.jpg', 'http://buzoo.jp', 43, 0, '', 1, '2012-10-23 17:41:47', '2012-10-23 17:41:47'),
(387, 40, 6, 6, 9, '旗な対応', 'きかたかた', 'http://cawaii.buzoo.biz/images/504969e1bbb0f3.83354977.jpg', 'http://cawaii.buzoo.biz/images/thumbnail/504969e1c58885.37547241.jpg', 'http://', 0, 0, '', 1, '2012-10-23 17:41:47', '2012-10-23 17:41:47'),
(388, 1, 0, 1, 2, 'かかkだskだsdkアsダsッワワワアワ', 'アsダjksダsdjカsdjカあsだあw打d', '', '', '', 0, 0, '', 1, '2012-10-23 17:41:47', '2012-10-23 17:41:47'),
(389, 40, 0, 0, 0, 'さな', 'なたかなか', 'http://cawaii.buzoo.biz/images/50499f57868996.81796130.jpg', 'http://cawaii.buzoo.biz/images/thumbnail/50499f57913777.52902728.jpg', 'http://', 0, 0, '', 1, '2012-10-23 17:41:47', '2012-10-23 17:41:47'),
(390, 40, 6, 6, 10, 'なた', 'なたに', 'http://cawaii.buzoo.biz/images/50499fbcc3b6e5.64191133.jpg', 'http://cawaii.buzoo.biz/images/thumbnail/50499fbcce3f17.20742546.jpg', 'http://', 0, 0, '', 1, '2012-10-23 17:41:47', '2012-10-23 17:41:47'),
(391, 40, 0, 0, 0, 'やた', 'やたひ', 'http://cawaii.buzoo.biz/images/50499fe60953c5.13417132.jpg', 'http://cawaii.buzoo.biz/images/thumbnail/50499fe6121945.86729247.jpg', 'http://', 0, 0, '', 1, '2012-10-23 17:41:47', '2012-10-23 17:41:47'),
(392, 40, 0, 0, 0, 'やた', 'はたはま', 'http://cawaii.buzoo.biz/images/5049a011588c54.57001272.jpg', 'http://cawaii.buzoo.biz/images/thumbnail/5049a01161ba82.53195463.jpg', 'http://', 0, 0, '', 1, '2012-10-23 17:41:47', '2012-10-23 17:41:47'),
(393, 40, 6, 6, 9, 'ラダは昌也なたは', 'たらたは', 'http://cawaii.buzoo.biz/images/5049a02ece9411.91968449.jpg', 'http://cawaii.buzoo.biz/images/thumbnail/5049a02ed85334.80234265.jpg', 'http://', 0, 0, '', 1, '2012-10-23 17:41:47', '2012-10-23 17:41:47'),
(394, 40, 6, 6, 9, 'リバース', 'にねまさ', 'http://cawaii.buzoo.biz/images/5049a0565b8cd9.92887050.jpg', 'http://cawaii.buzoo.biz/images/thumbnail/5049a056653657.82073714.jpg', 'http://', 0, 0, '', 1, '2012-10-23 17:41:47', '2012-10-23 17:41:47'),
(395, 40, 9, 7, 16, 'なはま', 'はまざ', 'http://cawaii.buzoo.biz/images/5049a07909eb74.88546285.jpg', 'http://cawaii.buzoo.biz/images/thumbnail/5049a079134351.39995726.jpg', 'http://', 0, 0, '', 1, '2012-10-23 17:41:47', '2012-10-23 17:41:47'),
(396, 40, 7, 7, 11, 'huなた', 'Jxjd', 'http://cawaii.buzoo.biz/images/5049a3e754d343.03361826.jpg', 'http://cawaii.buzoo.biz/images/thumbnail/5049a3e75ed1c8.37012065.jpg', 'http://', 0, 0, '', 1, '2012-10-23 17:41:47', '2012-10-23 17:41:47'),
(397, 40, 6, 6, 8, 'なかなか', 'やさ', 'http://cawaii.buzoo.biz/images/5049a412db5545.64065191.jpg', 'http://cawaii.buzoo.biz/images/thumbnail/5049a412e48f18.60212991.jpg', 'http://', 0, 1, 'aaaaa', 1, '2012-10-23 17:41:47', '2012-10-23 17:41:47'),
(398, 40, 6, 6, 9, 'ゆなな', 'やなか', 'http://cawaii.buzoo.biz/images/5049a534d3a558.81442857.jpg', 'http://cawaii.buzoo.biz/images/thumbnail/5049a534dc5db7.13343761.jpg', 'http://', 0, 0, '', 1, '2012-10-23 17:41:47', '2012-10-23 17:41:47'),
(399, 40, 6, 6, 10, 'はま', 'たはま', 'http://cawaii.buzoo.biz/images/5049bdca77f945.38503807.jpg', 'http://cawaii.buzoo.biz/images/thumbnail/5049bdca8111f1.91523200.jpg', 'http://', 0, 0, '', 1, '2012-10-23 17:41:47', '2012-10-23 17:41:47'),
(400, 40, 7, 7, 12, 'なた', 'まはま', 'http://cawaii.buzoo.biz/images/5049c1278e6877.65193656.jpg', 'http://cawaii.buzoo.biz/images/thumbnail/5049c127975dc3.65670868.jpg', 'http://', 0, 0, '', 1, '2012-10-23 17:41:47', '2012-10-23 17:41:47'),
(401, 40, 0, 0, 0, 'ハマは', 'たらまは', 'http://cawaii.buzoo.biz/images/5049c26f719352.95478117.jpg', 'http://cawaii.buzoo.biz/images/thumbnail/5049c26f7aad54.44961481.jpg', 'http://', 0, 0, '', 1, '2012-10-23 17:41:47', '2012-10-23 17:41:47'),
(402, 40, 7, 7, 12, 'たはさま', 'なたはま', 'http://cawaii.buzoo.biz/images/5049c67db5e7f2.71856968.jpg', 'http://cawaii.buzoo.biz/images/thumbnail/5049c67dbf67b9.00641061.jpg', 'http://', 0, 0, '', 1, '2012-10-23 17:41:47', '2012-10-23 17:41:47'),
(403, 40, 8, 7, 13, 'jd', 'Jfjd', 'http://cawaii.buzoo.biz/images/5049c897d70ec9.82407149.jpg', 'http://cawaii.buzoo.biz/images/thumbnail/5049c897e04946.47737399.jpg', 'http://', 0, 0, '', 1, '2012-10-23 17:41:47', '2012-10-23 17:41:47'),
(405, 40, 6, 6, 9, 'ghj', 'Gjj', 'http://cawaii.buzoo.biz/images/5049cab2f3e771.33636528.jpg', 'http://cawaii.buzoo.biz/images/thumbnail/5049cab307c0c7.00994498.jpg', 'http://', 0, 0, '', 1, '2012-10-23 17:41:47', '2012-10-23 17:41:47'),
(406, 40, 6, 6, 8, 'xh', 'Nx', 'http://cawaii.buzoo.biz/images/5049ce8e631026.03213006.jpg', 'http://cawaii.buzoo.biz/images/thumbnail/5049ce8e6d3c01.86734029.jpg', 'http://', 0, 0, '', 1, '2012-10-23 17:41:47', '2012-10-23 17:41:47'),
(408, 40, 6, 6, 8, 'jdd', 'Jdjd', 'http://cawaii.buzoo.biz/images/5049d035aef973.08368215.jpg', 'http://cawaii.buzoo.biz/images/thumbnail/5049d035b82749.65661092.jpg', 'http://', 0, 0, '', 1, '2012-10-23 17:41:47', '2012-10-23 17:41:47'),
(409, 40, 6, 6, 8, 'jdd', 'Jdjd', 'http://cawaii.buzoo.biz/images/5049d0549c46f8.51269010.jpg', 'http://cawaii.buzoo.biz/images/thumbnail/5049d054a59858.38475397.jpg', 'http://', 1, 0, '', 1, '2012-10-23 17:41:47', '2012-10-23 17:41:47'),
(410, 40, 8, 7, 13, 'ccd', 'Vhfg', 'http://cawaii.buzoo.biz/images/5049d132739401.65725981.jpg', 'http://cawaii.buzoo.biz/images/thumbnail/5049d1327cdbf8.66990610.jpg', 'http://', 0, 0, '', 1, '2012-10-23 17:41:47', '2012-10-23 17:41:47'),
(411, 40, 0, 0, 0, 'jdjx', 'Xjdj', 'http://cawaii.buzoo.biz/images/5049d1e9c74974.57743716.jpg', 'http://cawaii.buzoo.biz/images/thumbnail/5049d1e9d0bed2.70133483.jpg', 'http://', 0, 0, '', 1, '2012-10-23 17:41:47', '2012-10-23 17:41:47'),
(412, 40, 8, 7, 13, 'hz', 'Xh', 'http://cawaii.buzoo.biz/images/5049d34e10af33.23083507.jpg', 'http://cawaii.buzoo.biz/images/thumbnail/5049d34e19d4a7.42632950.jpg', 'http://', 0, 0, '', 1, '2012-10-23 17:41:47', '2012-10-23 17:41:47'),
(413, 40, 9, 7, 16, 'udud', 'Ydf', 'http://cawaii.buzoo.biz/images/5049d415208e25.51061363.jpg', 'http://cawaii.buzoo.biz/images/thumbnail/5049d4152a0211.78026232.jpg', 'http://', 0, 0, '', 1, '2012-10-23 17:41:47', '2012-10-23 17:41:47'),
(414, 40, 10, 7, 18, 'zhxu', 'Bxhx', 'http://cawaii.buzoo.biz/images/5049d4d81a91f2.23598145.jpg', 'http://cawaii.buzoo.biz/images/thumbnail/5049d4d823e216.98748570.jpg', 'http://', 0, 0, '', 1, '2012-10-23 17:41:47', '2012-10-23 17:41:47'),
(415, 40, 7, 7, 12, 'cc', ' Xf', 'http://cawaii.buzoo.biz/images/5049d6bdb2f3d5.90062824.jpg', 'http://cawaii.buzoo.biz/images/thumbnail/5049d6bdbc4408.09441423.jpg', 'http://', 0, 0, '', 1, '2012-10-23 17:41:47', '2012-10-23 17:41:47'),
(416, 40, 7, 7, 12, 'cc', ' Xf', 'http://cawaii.buzoo.biz/images/5049d6cf4e7df3.33755925.jpg', 'http://cawaii.buzoo.biz/images/thumbnail/5049d6cf57aad6.68129178.jpg', 'http://', 0, 0, '', 1, '2012-10-23 17:41:47', '2012-10-23 17:41:47'),
(417, 40, 0, 0, 0, 'jd', 'Hdf', 'http://cawaii.buzoo.biz/images/5049d78b14fff0.23955057.jpg', 'http://cawaii.buzoo.biz/images/thumbnail/5049d78b1da0c6.06570560.jpg', 'http://', 0, 0, '', 1, '2012-10-23 17:41:47', '2012-10-23 17:41:47'),
(418, 40, 0, 0, 0, 'jd', 'Uss', 'http://cawaii.buzoo.biz/images/5049d830282be7.48730914.jpg', 'http://cawaii.buzoo.biz/images/thumbnail/5049d830318783.97988084.jpg', 'http://', 0, 0, '', 1, '2012-10-23 17:41:47', '2012-10-23 17:41:47'),
(419, 40, 0, 0, 0, 'x', 'Xjx', 'http://cawaii.buzoo.biz/images/5049d8ed5d93f6.46869543.jpg', 'http://cawaii.buzoo.biz/images/thumbnail/5049d8ed666017.90933709.jpg', 'http://', 0, 0, '', 1, '2012-10-23 17:41:47', '2012-10-23 17:41:47'),
(420, 40, 8, 7, 13, 'nxjz', 'Hd', 'http://cawaii.buzoo.biz/images/5049da02ace962.38698217.jpg', 'http://cawaii.buzoo.biz/images/thumbnail/5049da02b5d799.47863862.jpg', 'http://', 0, 0, '', 1, '2012-10-23 17:41:47', '2012-10-23 17:41:47'),
(421, 40, 6, 6, 10, 'zk', 'Ns', 'http://cawaii.buzoo.biz/images/5049dac137deb8.33370316.jpg', 'http://cawaii.buzoo.biz/images/thumbnail/5049dac141d430.71659987.jpg', 'http://', 0, 0, '', 1, '2012-10-23 17:41:47', '2012-10-23 17:41:47'),
(422, 40, 0, 0, 0, 'ud', 'Sh', 'http://cawaii.buzoo.biz/images/5049dbcbdb7ab1.47160694.jpg', 'http://cawaii.buzoo.biz/images/thumbnail/5049dbcbe3ef65.21223081.jpg', 'http://', 0, 0, '', 1, '2012-10-23 17:41:47', '2012-10-23 17:41:47'),
(423, 40, 0, 0, 0, 'vg', 'Xbx', 'http://cawaii.buzoo.biz/images/5049dc93111e16.62237305.jpg', 'http://cawaii.buzoo.biz/images/thumbnail/5049dc931979f8.69106282.jpg', 'http://', 0, 0, '', 1, '2012-10-23 17:41:47', '2012-10-23 17:41:47'),
(424, 40, 6, 6, 10, 'xhz', 'Bzs', 'http://cawaii.buzoo.biz/images/5049dd08059313.20821814.jpg', 'http://cawaii.buzoo.biz/images/thumbnail/5049dd080f0800.14976168.jpg', 'http://', 0, 0, '', 1, '2012-10-23 17:41:47', '2012-10-23 17:41:47'),
(425, 40, 0, 0, 0, 'nx', 'Bx', 'http://cawaii.buzoo.biz/images/5049dd44c54fd1.43099006.jpg', 'http://cawaii.buzoo.biz/images/thumbnail/5049dd44ce8135.55504191.jpg', 'http://', 0, 0, '', 1, '2012-10-23 17:41:47', '2012-10-23 17:41:47'),
(426, 40, 7, 7, 11, 'xnjx', 'Ndjd', 'http://cawaii.buzoo.biz/images/5049dd623d19d6.26708464.jpg', 'http://cawaii.buzoo.biz/images/thumbnail/5049dd624663e2.43166852.jpg', 'http://', 0, 0, '', 1, '2012-10-23 17:41:47', '2012-10-23 17:41:47'),
(427, 40, 0, 0, 0, 'x', 'Hx', 'http://cawaii.buzoo.biz/images/5049ddc05f2553.47000041.jpg', 'http://cawaii.buzoo.biz/images/thumbnail/5049ddc0689b40.68373726.jpg', 'http://', 1, 0, '', 1, '2012-10-23 17:41:47', '2012-10-23 17:41:47'),
(428, 40, 0, 0, 0, 'hs', 'Gsd', 'http://cawaii.buzoo.biz/images/5049de883c5078.48468060.jpg', 'http://cawaii.buzoo.biz/images/thumbnail/5049de88453e07.14935977.jpg', 'http://', 0, 0, '', 1, '2012-10-23 17:41:47', '2012-10-23 17:41:47'),
(429, 40, 7, 7, 11, 'nzjx', 'Jd', 'http://cawaii.buzoo.biz/images/5049df0f41d5e2.03898093.jpg', 'http://cawaii.buzoo.biz/images/thumbnail/5049df0f4aa0f5.38171121.jpg', 'http://', 0, 0, '', 1, '2012-10-23 17:41:47', '2012-10-23 17:41:47'),
(430, 40, 0, 0, 0, 'ff', 'Cgg', 'http://cawaii.buzoo.biz/images/5049e0102e4057.00343819.jpg', 'http://cawaii.buzoo.biz/images/thumbnail/5049e01037c2d3.31675136.jpg', 'http://', 0, 0, '', 1, '2012-10-23 17:41:47', '2012-10-23 17:41:47'),
(431, 40, 0, 0, 0, 'zkz', 'Jx', 'http://cawaii.buzoo.biz/images/5049e0aa140252.60491308.jpg', 'http://cawaii.buzoo.biz/images/thumbnail/5049e0aa1d5fc8.90495716.jpg', 'http://', 0, 0, '', 1, '2012-10-23 17:41:47', '2012-10-23 17:41:47'),
(432, 40, 0, 0, 0, 'sks', 'Jdd', 'http://cawaii.buzoo.biz/images/5049e10a37a753.28906653.jpg', 'http://cawaii.buzoo.biz/images/thumbnail/5049e10a411c65.34788897.jpg', 'http://', 0, 0, '', 1, '2012-10-23 17:41:47', '2012-10-23 17:41:47'),
(433, 40, 0, 0, 0, 'bx', 'Gd', 'http://cawaii.buzoo.biz/images/5049e15922d797.12918115.jpg', 'http://cawaii.buzoo.biz/images/thumbnail/5049e1592c7fd0.80900146.jpg', 'http://', 0, 0, '', 1, '2012-10-23 17:41:47', '2012-10-23 17:41:47'),
(456, 105, 0, 0, 0, 'gshs', ' Dbdj', 'http://cawaii.buzoo.biz/images/504eb7dc338244.47780343.jpg', 'http://cawaii.buzoo.biz/images/thumbnail/504eb7dc3df9a2.28581339.jpg', 'http://', 0, 0, '', 1, '2012-10-23 17:41:47', '2012-10-23 17:41:47'),
(457, 105, 0, 0, 0, 'zhzj', 'Hdhd', 'http://cawaii.buzoo.biz/images/504eca4c2fb2e7.32348470.jpg', 'http://cawaii.buzoo.biz/images/thumbnail/504eca4c386b23.83207207.jpg', 'http://', 0, 0, '', 1, '2012-10-23 17:41:47', '2012-10-23 17:41:47'),
(459, 105, 8, 7, 13, 'zixjix', 'Bznxn', 'http://cawaii.buzoo.biz/images/504ee2645b57e0.25313372.jpg', 'http://cawaii.buzoo.biz/images/thumbnail/504ee264648776.77519431.jpg', 'http://', 0, 0, '', 1, '2012-10-23 17:41:47', '2012-10-23 17:41:47'),
(460, 105, 6, 6, 8, 'hdis', 'Tesy', 'http://cawaii.buzoo.biz/images/504ef5c7d11fb7.79784544.jpg', 'http://cawaii.buzoo.biz/images/thumbnail/504ef5c7dacba9.21220901.jpg', 'http://', 0, 0, '', 1, '2012-10-23 17:41:47', '2012-10-23 17:41:47'),
(461, 105, 7, 7, 12, 'bs', 'Ba', 'http://cawaii.buzoo.biz/images/504ef7d7a8faa7.52693839.jpg', 'http://cawaii.buzoo.biz/images/thumbnail/504ef7d7b31480.07162007.jpg', 'http://', 0, 0, '', 1, '2012-10-23 17:41:47', '2012-10-23 17:41:47'),
(462, 105, 6, 6, 8, 'sjs', 'Bshs', 'http://cawaii.buzoo.biz/images/504ef8f14b6f81.34355925.jpg', 'http://cawaii.buzoo.biz/images/thumbnail/504ef8f15535b2.74493758.jpg', 'http://', 0, 0, '', 1, '2012-10-23 17:41:47', '2012-10-23 17:41:47'),
(463, 105, 10, 7, 17, 'tes', 'Tes', 'http://cawaii.buzoo.biz/images/504ef92abba2a0.15259565.jpg', 'http://cawaii.buzoo.biz/images/thumbnail/504ef92ac554f2.33500677.jpg', 'http://', 0, 0, '', 1, '2012-10-23 17:41:47', '2012-10-23 17:41:47'),
(464, 105, 6, 6, 10, 'hshx', 'Vshxh', 'http://cawaii.buzoo.biz/images/50503f6119d847.54752800.jpg', 'http://cawaii.buzoo.biz/images/thumbnail/50503f61229c43.54338020.jpg', 'http://', 0, 0, '', 1, '2012-10-23 17:41:47', '2012-10-23 17:41:47'),
(465, 105, 9, 7, 16, 'haha', 'Jaha', 'http://cawaii.buzoo.biz/images/5050490036f8e1.81262898.jpg', 'http://cawaii.buzoo.biz/images/thumbnail/5050490040df57.67603180.jpg', 'http://', 0, 0, '', 1, '2012-10-23 17:41:47', '2012-10-23 17:41:47'),
(466, 105, 6, 6, 10, 'cd', 'Fh', 'http://cawaii.buzoo.biz/images/50504a5bbbbc02.30575529.jpg', 'http://cawaii.buzoo.biz/images/thumbnail/50504a5bc52ef1.80912406.jpg', 'http://', 0, 0, '', 1, '2012-10-23 17:41:47', '2012-10-23 17:41:47'),
(467, 105, 6, 6, 9, 'wqe', 'Q', 'http://cawaii.buzoo.biz/images/50504dfdbd7fc4.47649997.jpg', 'http://cawaii.buzoo.biz/images/thumbnail/50504dfdc61da2.21294706.jpg', 'http://', 0, 0, '', 1, '2012-10-23 17:41:47', '2012-10-23 17:41:47'),
(468, 105, 6, 6, 8, 'xd', 'F', 'http://cawaii.buzoo.biz/images/50505f7b18cef4.87226555.jpg', 'http://cawaii.buzoo.biz/images/thumbnail/50505f7b22c6a2.42219259.jpg', 'http://', 0, 0, '', 1, '2012-10-23 17:41:47', '2012-10-23 17:41:47'),
(469, 105, 6, 6, 9, '肉なたなた', 'なてたらた', 'http://cawaii.buzoo.biz/images/505062d094df43.19556939.jpg', 'http://cawaii.buzoo.biz/images/thumbnail/505062d09e0497.62904888.jpg', 'http://', 0, 0, '', 1, '2012-10-23 17:41:47', '2012-10-23 17:41:47'),
(470, 105, 6, 6, 10, 'らたはた', 'やたらまら', 'http://cawaii.buzoo.biz/images/50506446ea9495.75269465.jpg', 'http://cawaii.buzoo.biz/images/thumbnail/505064470085c3.14042719.jpg', 'http://', 0, 0, '', 1, '2012-10-23 17:41:47', '2012-10-23 17:41:47'),
(471, 40, 9, 7, 15, 'きた', 'はた', 'http://cawaii.buzoo.biz/images/50518a5d269a59.05731421.jpg', 'http://cawaii.buzoo.biz/images/thumbnail/50518a5d3051a2.21650071.jpg', 'http://', 0, 0, '', 1, '2012-10-23 17:41:47', '2012-10-23 17:41:47'),
(472, 119, 6, 6, 9, 'gd', 'Cj', 'http://cawaii.buzoo.biz/images/50519f93379d66.73700863.jpg', 'http://cawaii.buzoo.biz/images/thumbnail/50519f93410fa1.52520681.jpg', 'http://', 0, 0, '', 1, '2012-10-23 17:41:47', '2012-10-23 17:41:47'),
(473, 65, 6, 6, 9, 'aaaaa', 'Aaaaa', 'http://cawaii.buzoo.biz/images/5051bb3d056517.23662837.jpg', 'http://cawaii.buzoo.biz/images/thumbnail/5051bb3d0ee395.79388889.jpg', 'http://', 0, 0, '', 1, '2012-10-23 17:41:47', '2012-10-23 17:41:47'),
(474, 119, 6, 6, 8, 'fggh', 'Fhhjdd', 'http://cawaii.buzoo.biz/images/5051bf04a38be4.55548717.jpg', 'http://cawaii.buzoo.biz/images/thumbnail/5051bf04ad4d76.26891942.jpg', 'http://', 0, 0, '', 1, '2012-10-23 17:41:47', '2012-10-23 17:41:47'),
(475, 105, 6, 6, 10, 'mzkx', 'Nzx', 'http://cawaii.buzoo.biz/images/5051bf11ad6737.85796384.jpg', 'http://cawaii.buzoo.biz/images/thumbnail/5051bf11b6f1f0.75087379.jpg', 'http://', 0, 0, '', 1, '2012-10-23 17:41:47', '2012-10-23 17:41:47'),
(476, 105, 6, 6, 10, 'xhzvzh', 'Hxz', 'http://cawaii.buzoo.biz/images/5051c0ae9ad218.43408059.jpg', 'http://cawaii.buzoo.biz/images/thumbnail/5051c0aea397e6.74395761.jpg', 'http://', 0, 0, '', 1, '2012-10-23 17:41:47', '2012-10-23 17:41:47'),
(477, 105, 6, 6, 9, 'hhchc', 'Zbxh', 'http://cawaii.buzoo.biz/images/5051c1c21a5a98.37123859.jpg', 'http://cawaii.buzoo.biz/images/thumbnail/5051c1c22365f4.51519525.jpg', 'http://', 0, 0, '', 1, '2012-10-23 17:41:47', '2012-10-23 17:41:47'),
(478, 119, 8, 7, 14, 'tet', 'Test', 'http://cawaii.buzoo.biz/images/5051c5115856f3.15368855.jpg', 'http://cawaii.buzoo.biz/images/thumbnail/5051c511622412.03704413.jpg', 'http://', 0, 0, '', 1, '2012-10-23 17:41:47', '2012-10-23 17:41:47'),
(479, 119, 6, 6, 10, 'najx', 'Gad', 'http://cawaii.buzoo.biz/images/5051c54306bc96.35574171.jpg', 'http://cawaii.buzoo.biz/images/thumbnail/5051c5431063f6.24484517.jpg', 'http://', 0, 0, '', 1, '2012-10-23 17:41:47', '2012-10-23 17:41:47'),
(480, 119, 7, 7, 11, 'jschah', 'Hdhx', 'http://cawaii.buzoo.biz/images/5051c5682f1092.39799738.jpg', 'http://cawaii.buzoo.biz/images/thumbnail/5051c56838a0f2.94315280.jpg', 'http://', 0, 0, '', 1, '2012-10-23 17:41:47', '2012-10-23 17:41:47'),
(481, 119, 6, 6, 9, 'test', 'Yeat', 'http://cawaii.buzoo.biz/images/5051c59fcae961.43153049.jpg', 'http://cawaii.buzoo.biz/images/thumbnail/5051c59fd492d9.31083273.jpg', 'http://', 0, 0, '', 1, '2012-10-23 17:41:47', '2012-10-23 17:41:47'),
(482, 105, 7, 7, 11, 'te', 'Fshx', 'http://cawaii.buzoo.biz/images/5052e03489b3f7.66975291.jpg', 'http://cawaii.buzoo.biz/images/thumbnail/5052e034931d43.34321732.jpg', 'http://', 0, 0, '', 1, '2012-10-23 17:41:47', '2012-10-23 17:41:47'),
(483, 105, 11, 10, 19, 'se', 'Vtbh', 'http://cawaii.buzoo.biz/images/505304bbab0290.80704684.jpg', 'http://cawaii.buzoo.biz/images/thumbnail/505304bbb48d76.48055963.jpg', 'http://', 0, 0, '', 1, '2012-10-23 17:41:47', '2012-10-23 17:41:47'),
(484, 83, 8, 7, 14, 'test', 'Testちゅう', 'http://cawaii.buzoo.biz/images/505342c8cc91d3.84462745.jpg', 'http://cawaii.buzoo.biz/images/thumbnail/505342c8d770d6.62551567.jpg', 'www.ske48.co.jp', 1, 0, '', 1, '2012-10-23 17:41:47', '2012-10-23 17:41:47'),
(485, 105, 6, 6, 10, 'hah', 'Haha', 'http://cawaii.buzoo.biz/images/50596b8bc07f00.34949142.jpg', 'http://cawaii.buzoo.biz/images/thumbnail/50596b8bca02f4.43268546.jpg', 'http://', 0, 0, '', 1, '2012-10-23 17:41:47', '2012-10-23 17:41:47'),
(487, 83, 14, 8, 24, 'aas', 'Ddd', 'http://cawaii.buzoo.biz/images/50598fd071c1f7.52182508.jpg', 'http://cawaii.buzoo.biz/images/thumbnail/50598fd07abfb4.61898368.jpg', 'http://', 0, 0, '', 1, '2012-10-23 17:41:47', '2012-10-23 17:41:47'),
(488, 142, 11, 10, 20, 'r', 'R', 'http://cawaii.buzoo.biz/images/50599350136be5.14975218.jpg', 'http://cawaii.buzoo.biz/images/thumbnail/505993501d5366.95195960.jpg', 'http://', 0, 0, '', 1, '2012-10-23 17:41:47', '2012-10-23 17:41:47'),
(489, 146, 10, 7, 17, 'r', 'R', 'http://cawaii.buzoo.biz/images/505adbfd766895.11369158.jpg', NULL, 'http://', 1, 0, '', 1, '2012-10-23 17:41:47', '2012-10-23 17:41:47'),
(490, 0, 0, 0, 0, 'item_name', 'content', NULL, NULL, 'buy_url', 0, 0, 'memo', 0, '2012-10-23 17:41:47', '2012-10-23 17:41:47'),
(491, 1, 1, 1, 1, 'akb48', 'akb48', NULL, NULL, 'akb48', 16, 3, 'akb48', 1, '2012-10-23 17:41:47', '2012-10-23 17:41:47'),
(492, 1, 1, 1, 1, 'ske48', 'ske48', NULL, NULL, 'ske48', 16, 3, 'ske48', 1, '2012-10-23 17:41:47', '2012-10-23 17:41:47'),
(493, 0, 0, 0, 0, 'item_name', 'content', NULL, NULL, 'buy_url', 0, 0, 'memo', 0, '2012-10-23 17:41:47', '2012-10-23 17:41:47'),
(494, 1, 7, 8, 14, '松井玲奈', 'ske48のかすみ草', NULL, NULL, 'www.ske48.co.jp', 121, 0, 'ぶー', 1, '2012-10-23 17:41:47', '2012-10-23 17:41:47'),
(495, 1, 6, 12, 30, 'item tes', 'tes', '', '', '', 0, 0, '', 1, '2012-10-23 17:41:47', '2012-10-23 17:41:47'),
(496, 1, 6, 6, 9, 'tes item create', '', '', '', '', 0, 0, '', 1, '2012-10-23 17:41:47', '2012-10-23 17:41:47'),
(497, 1, 6, 11, 19, 'tes item create 2', '', 'http://cawaii.buzoo.biz/images/506176f24114f0.77410045.jpg', 'http://cawaii.buzoo.biz/images/thumbnail/506176f24114f0.77410045.jpg', '', 24, 1, '', 1, '2012-10-23 17:41:47', '2012-10-23 17:41:47');
INSERT INTO `dtb_item` (`id`, `member_id`, `genre_id`, `category_id`, `sub_category_id`, `item_name`, `content`, `image_url`, `thumb_url`, `buy_url`, `likes`, `reports`, `memo`, `disp_flag`, `create_date`, `update_date`) VALUES
(498, 1, 7, 7, 12, 'かわいいりっちゃん', 'cawaii!!!!', 'http://cawaii.buzoo.biz/images/50603e5002a309.79089508.jpg', 'http://cawaii.buzoo.biz/images/thumbnail/50603e5002a309.79089508.jpg', '', 24, 0, '', 1, '2012-10-23 17:41:47', '2012-10-23 17:41:47'),
(500, 1, 10, 18, 32, 'かわいいれなちゃん', 'れなれな', 'http://cawaii.buzoo.biz/images/5060431669a161.90228271.jpg', 'http://cawaii.buzoo.biz/images/thumbnail/5060431669a161.90228271.jpg', '', 3, 0, 'test123', 1, '2012-10-23 17:41:47', '2012-10-23 17:41:47'),
(501, 1, 7, 10, 17, 'プードル１', 'cawaiiプードル', 'http://cawaii.buzoo.biz/images/5061788605fea2.76407163.jpg', 'http://cawaii.buzoo.biz/images/thumbnail/5061788605fea2.76407163.jpg', '', 24, 0, '', 1, '2012-10-23 17:41:47', '2012-10-23 17:41:47'),
(502, 1, 8, 13, 23, 'ぶたた', 'ぶー', 'http://cawaii.buzoo.biz/images/50617a0c5d0a56.73008193.jpg', 'http://cawaii.buzoo.biz/images/thumbnail/50617a0c5d0a56.73008193.jpg', '', 13, 0, '', 1, '2012-10-23 17:41:47', '2012-10-23 17:41:47'),
(503, 83, 8, 7, 14, 'd', 'Db', 'http://cawaii.buzoo.biz/images/5062b81a2f0e60.04225220.jpg', 'http://cawaii.buzoo.biz/images/thumbnail/5062b81a390843.90335265.jpg', 'http://', 0, 0, '', 1, '2012-10-23 17:41:47', '2012-10-23 17:41:47'),
(504, 127, 6, 6, 8, 'あ', 'あ', 'http://cawaii.buzoo.biz/images/5063c69b6312d1.36169789.jpg', 'http://cawaii.buzoo.biz/images/thumbnail/5063c69b6c91b4.11082717.jpg', 'http://', 0, 0, '', 1, '2012-10-23 17:41:47', '2012-10-23 17:41:47'),
(508, 40, 6, 6, 8, 'dhgg', 'Chhg', 'http://cawaii.buzoo.biz/images/5063cce0816e26.85172198.jpg', 'http://cawaii.buzoo.biz/images/thumbnail/5063cce08bb5f7.04338340.jpg', 'http://', 0, 0, '', 1, '2012-10-23 17:41:47', '2012-10-23 17:41:47'),
(509, 40, 8, 7, 13, 'hsha', 'Haha', 'http://cawaii.buzoo.biz/images/5063cfb10294c8.23221113.jpg', 'http://cawaii.buzoo.biz/images/thumbnail/5063cfb10cb3e7.53654361.jpg', 'http://', 0, 0, '', 1, '2012-10-23 17:41:47', '2012-10-23 17:41:47'),
(510, 40, 6, 6, 10, 'ta', 'Tta', 'http://cawaii.buzoo.biz/images/5063d012423df9.96320109.jpg', 'http://cawaii.buzoo.biz/images/thumbnail/5063d0124c9ca6.14418787.jpg', 'http://', 0, 0, '', 1, '2012-10-23 17:41:47', '2012-10-23 17:41:47'),
(511, 40, 6, 6, 9, 'sisjs', 'Nhzjsj', 'http://cawaii.buzoo.biz/images/5063e02c19f606.15982190.jpg', 'http://cawaii.buzoo.biz/images/thumbnail/5063e02c239299.91958270.jpg', 'http://', 0, 0, '', 1, '2012-10-23 17:41:47', '2012-10-23 17:41:47'),
(512, 40, 8, 7, 14, 'cs', 'Ch', 'http://cawaii.buzoo.biz/images/5063e15b488636.85435019.jpg', 'http://cawaii.buzoo.biz/images/thumbnail/5063e15b525c77.38132943.jpg', 'http://', 0, 0, '', 1, '2012-10-23 17:41:47', '2012-10-23 17:41:47'),
(513, 40, 13, 8, 22, 'yeat', 'Tesy', 'http://cawaii.buzoo.biz/images/5063e1c4a54dd3.88601889.jpg', 'http://cawaii.buzoo.biz/images/thumbnail/5063e1c4aeee68.50538144.jpg', 'http://', 0, 0, '', 1, '2012-10-23 17:41:47', '2012-10-23 17:41:47'),
(514, 40, 6, 6, 8, 'gihjvh', 'Hjjh', 'http://cawaii.buzoo.biz/images/5063e23998f114.49987404.jpg', 'http://cawaii.buzoo.biz/images/thumbnail/5063e239a31c86.89458707.jpg', 'http://', 0, 0, '', 1, '2012-10-23 17:41:47', '2012-10-23 17:41:47'),
(515, 40, 6, 6, 10, 'hjgg', 'Gfff', 'http://cawaii.buzoo.biz/images/5063e270b010c1.21193326.jpg', 'http://cawaii.buzoo.biz/images/thumbnail/5063e270b9e811.95631614.jpg', 'http://', 0, 0, '', 1, '2012-10-23 17:41:47', '2012-10-23 17:41:47'),
(516, 40, 10, 7, 17, 'vii', 'Vhj', 'http://cawaii.buzoo.biz/images/5063e52f6453d9.40562722.jpg', 'http://cawaii.buzoo.biz/images/thumbnail/5063e52f6d3f44.64686486.jpg', 'http://', 0, 0, '', 1, '2012-10-23 17:41:47', '2012-10-23 17:41:47'),
(519, 40, 8, 7, 14, 'Dufan', 'Dufannn', 'http://cawaii.buzoo.biz/images/5063fa73f348c3.56153464.jpg', 'http://cawaii.buzoo.biz/images/thumbnail/5063fa7409a621.90990314.jpg', 'http://', 1, 0, '', 1, '2012-10-23 17:41:47', '2012-10-23 17:41:47'),
(528, 40, 9, 7, 16, 'gsus', 'Bbxh', 'http://cawaii.buzoo.biz/images/5069427391dc09.18306471.jpg', 'http://cawaii.buzoo.biz/images/thumbnail/506942739cdbf6.49259813.jpg', 'http://', 0, 0, '', 1, '2012-10-23 17:41:47', '2012-10-23 17:41:47'),
(529, 40, 7, 7, 11, 'zkjz', 'Hshsh', 'http://cawaii.buzoo.biz/images/506944960684d4.64115051.jpg', 'http://cawaii.buzoo.biz/images/thumbnail/50694496114a37.51741747.jpg', 'http://', 1, 0, '', 1, '2012-10-23 17:41:47', '2012-10-23 17:41:47'),
(530, 40, 8, 7, 13, 'jdjx', 'Hxbx', 'http://cawaii.buzoo.biz/images/50694a1e78a6b1.40345342.jpg', 'http://cawaii.buzoo.biz/images/thumbnail/50694a1e81aa17.53277294.jpg', 'http://', 0, 0, '', 1, '2012-10-23 17:41:47', '2012-10-23 17:41:47'),
(531, 40, 9, 7, 15, 'jsjs', 'Bsbsh', 'http://cawaii.buzoo.biz/images/50696ea274fda8.00888784.jpg', 'http://cawaii.buzoo.biz/images/thumbnail/50696ea27e8484.92558435.jpg', 'http://', 0, 0, '', 1, '2012-10-23 17:41:47', '2012-10-23 17:41:47'),
(532, 66, 13, 8, 21, 'jxjc', 'Hxhxhucc', 'http://cawaii.buzoo.biz/images/506971a6ad0e00.89921422.jpg', 'http://cawaii.buzoo.biz/images/thumbnail/506971a6b5cf09.23631309.jpg', 'http://', 0, 0, '', 1, '2012-10-23 17:41:47', '2012-10-23 17:41:47'),
(533, 66, 7, 7, 11, 'gshz', 'Hzhdj', 'http://cawaii.buzoo.biz/images/50697a18bbc7c4.64773113.jpg', 'http://cawaii.buzoo.biz/images/thumbnail/50697a18c4ebf1.38791243.jpg', 'http://', 0, 0, '', 1, '2012-10-23 17:41:47', '2012-10-23 17:41:47'),
(534, 66, 6, 6, 9, 'gsz', 'Hzh', 'http://cawaii.buzoo.biz/images/506981a27aaa11.95292825.jpg', 'http://cawaii.buzoo.biz/images/thumbnail/506981a2831173.66289583.jpg', 'http://', 0, 0, '', 1, '2012-10-23 17:41:47', '2012-10-23 17:41:47'),
(536, 40, 11, 10, 20, 'isiz', 'Jzbzj', 'http://cawaii.buzoo.biz/images/506aac7f1c6fc5.55592725.jpg', 'http://cawaii.buzoo.biz/images/thumbnail/506aac7f26f647.41431516.jpg', 'http://', 0, 0, '', 1, '2012-10-23 17:41:47', '2012-10-23 17:41:47'),
(538, 40, 6, 6, 10, 'jUz', 'Hhzh', 'http://cawaii.buzoo.biz/images/506ad0b8157227.56012338.jpg', 'http://cawaii.buzoo.biz/images/thumbnail/506ad0b81f2110.20268452.jpg', 'http://', 0, 0, '', 1, '2012-10-23 17:41:47', '2012-10-23 17:41:47'),
(539, 83, 6, 6, 9, 'r', 'F', 'http://cawaii.buzoo.biz/images/506ad2a7a04fe2.42177578.jpg', 'http://cawaii.buzoo.biz/images/thumbnail/506ad2a7aa10c0.19773052.jpg', 'http://', 0, 0, '', 1, '2012-10-23 17:41:47', '2012-10-23 17:41:47'),
(540, 40, 10, 7, 18, 'vzhz', 'Jsjs', 'http://cawaii.buzoo.biz/images/506ad2e2dc3c17.84869801.jpg', 'http://cawaii.buzoo.biz/images/thumbnail/506ad2e2e5e007.73956332.jpg', 'http://', 0, 0, '', 1, '2012-10-23 17:41:47', '2012-10-23 17:41:47'),
(541, 83, 8, 7, 13, 'f', 'F', 'http://cawaii.buzoo.biz/images/506ad3c291cee0.22632002.jpg', 'http://cawaii.buzoo.biz/images/thumbnail/506ad3c29b3fe4.05808700.jpg', 'http://', 0, 0, '', 1, '2012-10-23 17:41:47', '2012-10-23 17:41:47'),
(542, 83, 10, 7, 17, 'ぶー', 'ぶーぶー', 'http://cawaii.buzoo.biz/images/506bf5662a5be1.40923555.jpg', 'http://cawaii.buzoo.biz/images/thumbnail/506bf566348e02.21791252.jpg', 'http://', 0, 0, '', 1, '2012-10-23 17:41:47', '2012-10-23 17:41:47'),
(543, 83, 16, 9, 26, 'あ', 'た', 'http://cawaii.buzoo.biz/images/506bf5e6b757c3.53069611.jpg', 'http://cawaii.buzoo.biz/images/thumbnail/506bf5e6c0e130.75930224.jpg', 'http://', 0, 0, '', 1, '2012-10-23 17:41:47', '2012-10-23 17:41:47'),
(544, 1, 7, 9, 33, 'eeee', 'asdasdadsa', '', '', '', 0, 0, 'asdsadada', 1, '2012-10-23 17:41:47', '2012-10-23 17:41:47'),
(545, 83, 11, 10, 20, 'な', 'とー', 'http://cawaii.buzoo.biz/images/506c0988b43290.10833274.jpg', 'http://cawaii.buzoo.biz/images/thumbnail/506c0988bdb2e8.19980378.jpg', 'http://', 0, 0, '', 1, '2012-10-23 17:41:47', '2012-10-23 17:41:47'),
(546, 40, 11, 6, 34, 'hsgs', 'Bzjxjx', 'http://cawaii.buzoo.biz/images/506c0b8d6ef375.94428464.jpg', 'http://cawaii.buzoo.biz/images/thumbnail/506c0b8d78b109.30337030.jpg', 'http://', 0, 0, '', 1, '2012-10-23 17:41:47', '2012-10-23 17:41:47'),
(547, 40, 10, 18, 35, 'znjz', 'Bzhz', 'http://cawaii.buzoo.biz/images/506c0c7002bda1.70222379.jpg', 'http://cawaii.buzoo.biz/images/thumbnail/506c0c700bdc81.01227151.jpg', 'http://', 0, 0, '', 1, '2012-10-23 17:41:47', '2012-10-23 17:41:47'),
(548, 83, 18, 10, 32, 'か', 'な', 'http://cawaii.buzoo.biz/images/506c0d46adf6c7.78321573.jpg', 'http://cawaii.buzoo.biz/images/thumbnail/506c0d46b6dd11.04201135.jpg', 'http://', 0, 0, '', 1, '2012-10-23 17:41:47', '2012-10-23 17:41:47'),
(549, 83, 8, 13, 21, 'あ', 'か', 'http://cawaii.buzoo.biz/images/506c11a3958c68.55063159.jpg', 'http://cawaii.buzoo.biz/images/thumbnail/506c11a39f83b3.53324386.jpg', 'http://', 0, 0, '', 1, '2012-10-23 17:41:47', '2012-10-23 17:41:47'),
(550, 83, 7, 9, 15, 'あかさたなは', 'あかさたなは', 'http://cawaii.buzoo.biz/images/506c120b22e449.62631565.jpg', 'http://cawaii.buzoo.biz/images/thumbnail/506c120b2d15a3.12562542.jpg', 'http://', 0, 0, '', 1, '2012-10-23 17:41:47', '2012-10-23 17:41:47'),
(551, 0, 0, 0, 0, 'サブカテゴリID', 'アイテム名', NULL, NULL, '内容', 0, 0, '管理者メモ', 0, '2012-10-23 17:41:47', '2012-10-23 17:41:47'),
(552, 7, 1, 1, 1, '1', 'sdfdsdfs', NULL, NULL, 'sdfdsffds', 0, 16, 'sadasdasd', 1, '2012-10-23 17:41:47', '2012-10-23 17:41:47'),
(553, 12, 1, 1, 1, '1', 'sdfdsdfs', NULL, NULL, 'sdfdsffds', 0, 20, 'sadasdasd', 1, '2012-10-23 17:41:47', '2012-10-23 17:41:47'),
(554, 17, 1, 1, 1, '1', 'sdfdsdfs', NULL, NULL, 'sdfdsffds', 0, 6, 'sadasdasd', 1, '2012-10-23 17:41:47', '2012-10-23 17:41:47'),
(555, 22, 1, 1, 1, '1', 'sdfdsdfs', NULL, NULL, 'sdfdsffds', 0, 5, 'sadasdasd', 1, '2012-10-23 17:41:47', '2012-10-23 17:41:47'),
(556, 27, 1, 1, 1, '1', 'sdfdsdfs', NULL, NULL, 'sdfdsffds', 0, 6, 'sadasdasd', 1, '2012-10-23 17:41:47', '2012-10-23 17:41:47'),
(557, 32, 1, 1, 1, '1', 'sdfdsdfs', NULL, NULL, 'sdfdsffds', 0, 5, 'sadasdasd', 1, '2012-10-23 17:41:47', '2012-10-23 17:41:47'),
(558, 37, 9, 1, 1, '1', 'itemName', NULL, NULL, 'item desc', 0, 0, '', 1, '2012-10-23 17:41:47', '2012-10-23 17:41:47'),
(559, 38, 9, 1, 1, '1', 'ItemNameTest', NULL, NULL, 'desc Test', 0, 0, '', 1, '2012-10-23 17:41:47', '2012-10-23 17:41:47'),
(560, 39, 10, 1, 1, '2', 'miyopon', NULL, NULL, 'test', 0, 1, '', 1, '2012-10-23 17:41:47', '2012-10-23 17:41:47'),
(561, 40, 9, 1, 1, '1', 'ItemNameTest2', NULL, NULL, 'testing only', 0, 0, '', 1, '2012-10-23 17:41:47', '2012-10-23 17:41:47'),
(562, 41, 1, 2, 3, '4', 'asdasda', NULL, NULL, 'sadasd', 0, 0, '', 1, '2012-10-23 17:41:47', '2012-10-23 17:41:47'),
(563, 42, 1, 2, 3, '4', 'asdasda', NULL, NULL, 'sadasd', 0, 0, '', 1, '2012-10-23 17:41:47', '2012-10-23 17:41:47'),
(564, 43, 9, 1, 1, '1', 'itemName', NULL, NULL, 'testing only', 0, 0, '', 1, '2012-10-23 17:41:47', '2012-10-23 17:41:47'),
(565, 44, 1, 2, 3, '4', 'asdasda', NULL, NULL, 'sadasd', 0, 0, '', 1, '2012-10-23 17:41:47', '2012-10-23 17:41:47'),
(566, 45, 1, 2, 3, '4', 'asdasda', NULL, NULL, 'sadasd', 0, 1, '', 1, '2012-10-23 17:41:47', '2012-10-23 17:41:47'),
(567, 46, 1, 2, 3, '4', 'asdasda', NULL, NULL, 'sadasd', 0, 1, '', 1, '2012-10-23 17:41:47', '2012-10-23 17:41:47'),
(568, 47, 1, 2, 3, '4', 'asdasda', NULL, NULL, 'sadasd', 0, 2, '', 1, '2012-10-23 17:41:47', '2012-10-23 17:41:47'),
(569, 48, 1, 5, 5, '5', 'asdasda', NULL, NULL, 'sadsada', 0, 2, '', 1, '2012-10-23 17:41:47', '2012-10-23 17:41:47'),
(570, 49, 1, 5, 5, '5', 'asdasda', NULL, NULL, 'sadsada', 0, 1, '', 1, '2012-10-23 17:41:47', '2012-10-23 17:41:47'),
(571, 50, 1, 5, 5, '5', 'asdasda', NULL, NULL, 'sadsada', 0, 1, '', 1, '2012-10-23 17:41:47', '2012-10-23 17:41:47'),
(572, 51, 1, 5, 5, '5', 'asdasda', NULL, NULL, 'sadsada', 0, 0, '', 1, '2012-10-23 17:41:47', '2012-10-23 17:41:47'),
(573, 52, 1, 1, 1, '1', 'asd', NULL, NULL, 'qwe', 0, 0, '', 1, '2012-10-23 17:41:47', '2012-10-23 17:41:47'),
(574, 53, 1, 5, 5, '5', 'asdasda', NULL, NULL, 'sadsada', 0, 0, '', 1, '2012-10-23 17:41:47', '2012-10-23 17:41:47'),
(575, 56, 10, 5, 5, '5', 'test', NULL, NULL, 'test', 0, 0, '', 1, '2012-10-23 17:41:47', '2012-10-23 17:41:47'),
(576, 57, 10, 0, 0, '0', 'fsdfds', NULL, NULL, '', 0, 0, '', 1, '2012-10-23 17:41:47', '2012-10-23 17:41:47'),
(577, 58, 10, 7, 7, '7', '7', NULL, NULL, '7', 7, 0, '', 1, '2012-10-23 17:41:47', '2012-10-23 17:41:47'),
(578, 59, 10, 0, 0, '0', '', NULL, NULL, '', 0, 0, '', 1, '2012-10-23 17:41:47', '2012-10-23 17:41:47'),
(579, 60, 22, 1, 1, '1', 'ccItem', NULL, NULL, 'cc', 0, 0, '', 1, '2012-10-23 17:41:47', '2012-10-23 17:41:47'),
(580, 61, 1, 1, 1, '1', 'yoyoyoyo', NULL, NULL, 'aaaa', 0, 1, 'wwww', 1, '2012-10-23 17:41:47', '2012-10-23 17:41:47'),
(581, 62, 1, 2, 1, '1', 'asd', NULL, NULL, 'asd', 0, 0, '', 0, '2012-10-23 17:41:47', '2012-10-23 17:41:47'),
(582, 67, 1, 1, 1, '1', 'wwwwwwwww', NULL, NULL, '', 0, 1, '', 1, '2012-10-23 17:41:47', '2012-10-23 17:41:47'),
(583, 68, 1, 1, 1, '1', 'qweqwewqqeqw', NULL, NULL, '', 0, 1, '', 1, '2012-10-23 17:41:47', '2012-10-23 17:41:47'),
(584, 69, 65, 1, 11, '0', 'adasd', NULL, NULL, 'asdasdada', 0, 0, '', 1, '2012-10-23 17:41:47', '2012-10-23 17:41:47'),
(585, 70, 65, 1, 11, '0', 'adasdasdsad', NULL, NULL, 'asdasdada', 0, 0, '', 1, '2012-10-23 17:41:47', '2012-10-23 17:41:47'),
(586, 71, 65, 1, 11, '0', 'adasdasdsad', NULL, NULL, 'asdasdada', 0, 0, '', 1, '2012-10-23 17:41:47', '2012-10-23 17:41:47'),
(587, 82, 82, 1, 1, '1', 'CAWAIIIII', NULL, NULL, 'HPサポートエンジェル', 0, 1, '', 1, '2012-10-23 17:41:47', '2012-10-23 17:41:47'),
(588, 83, 82, 1, 1, '1', 'CAWAIIIII', NULL, NULL, 'Q', 0, 1, '', 1, '2012-10-23 17:41:47', '2012-10-23 17:41:47'),
(589, 86, 82, 1, 1, '1', 'CAWAIIIII', NULL, NULL, 'あ', 0, 1, '', 1, '2012-10-23 17:41:47', '2012-10-23 17:41:47'),
(590, 89, 102, 1, 1, '1', 'くまくま', NULL, NULL, 'おなかすいたー', 0, 3, '', 1, '2012-10-23 17:41:47', '2012-10-23 17:41:47'),
(591, 90, 40, 1, 1, '1', 'ffx', NULL, NULL, 'Cgcxf', 0, 2, '', 1, '2012-10-23 17:41:47', '2012-10-23 17:41:47'),
(592, 91, 85, 1, 1, '1', 'benito', NULL, NULL, 'Ben', 0, 5, '', 1, '2012-10-23 17:41:47', '2012-10-23 17:41:47'),
(593, 93, 85, 1, 1, '1', '私のコンピュータ', NULL, NULL, 'きゃあああ', 0, 2, '', 1, '2012-10-23 17:41:47', '2012-10-23 17:41:47'),
(594, 94, 85, 1, 1, '1', 'filter cartoon', NULL, NULL, 'Hdhx', 0, 1, '', 1, '2012-10-23 17:41:47', '2012-10-23 17:41:47'),
(595, 96, 106, 1, 1, '1', 'naiiit', NULL, NULL, 'Aaaaaaaaaaa', 0, 0, '', 1, '2012-10-23 17:41:47', '2012-10-23 17:41:47'),
(596, 97, 106, 1, 1, '1', 'ggvb', NULL, NULL, 'ゅ fvvcccccccccchyfcucuuccucucuccucucuucchcuuccucucujvcjcjvjcjcjcjjccucuhchcchjccj', 0, 0, '', 1, '2012-10-23 17:41:47', '2012-10-23 17:41:47'),
(597, 98, 83, 1, 1, '1', 'くまたんの彼女', NULL, NULL, 'ぶーたん', 0, 3, 'aaaaaa', 1, '2012-10-23 17:41:47', '2012-10-23 17:41:47'),
(598, 103, 40, 1, 1, '1', '(^-^)/', NULL, NULL, 'やゆ', 0, 0, '', 1, '2012-10-23 17:41:47', '2012-10-23 17:41:47'),
(599, 114, 105, 0, 0, '0', 'aaaaaa', NULL, NULL, 'aaaaaa', 0, 0, '', 1, '2012-10-23 17:41:47', '2012-10-23 17:41:47'),
(600, 118, 40, 0, 0, '0', 'hutg', NULL, NULL, 'Hvv', 0, 0, '', 1, '2012-10-23 17:41:47', '2012-10-23 17:41:47'),
(601, 124, 127, 6, 6, '7', 'ギンガムチェック最高！', NULL, NULL, 'マニッシュだね～', 0, 2, '', 1, '2012-10-23 17:41:47', '2012-10-23 17:41:47'),
(602, 125, 83, 6, 6, '7', 'クリームあんみつ', NULL, NULL, 'おいしい', 0, 1, '', 1, '2012-10-23 17:41:47', '2012-10-23 17:41:47'),
(603, 126, 127, 0, 0, '0', 'a', NULL, NULL, 'A', 0, 0, '', 1, '2012-10-23 17:41:47', '2012-10-23 17:41:47'),
(604, 130, 105, 1, 1, '4', 'tuuuu', NULL, NULL, 'Hp', 0, 0, '', 1, '2012-10-23 17:41:47', '2012-10-23 17:41:47'),
(605, 131, 105, 6, 6, '7', 'testy', NULL, NULL, 'Teat', 0, 0, '', 1, '2012-10-23 17:41:47', '2012-10-23 17:41:47'),
(606, 132, 105, 0, 0, '0', 'hhh', NULL, NULL, 'Hhh', 0, 0, '', 1, '2012-10-23 17:41:47', '2012-10-23 17:41:47'),
(607, 137, 105, 6, 6, '7', 'jsx', NULL, NULL, 'Nsjd', 0, 0, '', 1, '2012-10-23 17:41:47', '2012-10-23 17:41:47'),
(608, 138, 105, 1, 1, '4', 'kdjd', NULL, NULL, 'Hdd', 0, 0, '', 1, '2012-10-23 17:41:47', '2012-10-23 17:41:47'),
(609, 139, 105, 0, 0, '0', 'md', NULL, NULL, 'Nxx', 0, 0, '', 1, '2012-10-23 17:41:47', '2012-10-23 17:41:47'),
(610, 140, 105, 6, 6, '7', 'jd', NULL, NULL, 'Xc', 0, 0, '', 1, '2012-10-23 17:41:47', '2012-10-23 17:41:47'),
(611, 141, 105, 0, 0, '0', 'hdx', NULL, NULL, 'Bxhdjc', 0, 0, '', 1, '2012-10-23 17:41:47', '2012-10-23 17:41:47'),
(612, 142, 105, 0, 0, '0', 'bzhz', NULL, NULL, 'Zbbx', 0, 0, '', 1, '2012-10-23 17:41:47', '2012-10-23 17:41:47'),
(613, 143, 105, 6, 6, '7', 'dan', NULL, NULL, 'New employee', 0, 0, '', 1, '2012-10-23 17:41:47', '2012-10-23 17:41:47'),
(614, 144, 105, 0, 0, '0', 'vcxc', NULL, NULL, 'Vccb', 0, 0, '', 1, '2012-10-23 17:41:47', '2012-10-23 17:41:47'),
(615, 145, 105, 0, 0, '0', 'jzhd', NULL, NULL, 'Jsjd', 0, 0, '', 1, '2012-10-23 17:41:47', '2012-10-23 17:41:47'),
(616, 146, 105, 0, 0, '0', 'zonbkz', NULL, NULL, 'Obzvia', 0, 0, '', 1, '2012-10-23 17:41:47', '2012-10-23 17:41:47'),
(617, 147, 105, 0, 0, '0', 'lsndb', NULL, NULL, 'Bzhx', 0, 1, '', 1, '2012-10-23 17:41:47', '2012-10-23 17:41:47'),
(618, 148, 105, 1, 1, '3', 'fcc ', NULL, NULL, 'Vcxcn', 0, 0, '', 1, '2012-10-23 17:41:47', '2012-10-23 17:41:47'),
(619, 149, 105, 6, 6, '7', 'jdjf', NULL, NULL, 'Hdhd', 0, 0, '', 1, '2012-10-23 17:41:47', '2012-10-23 17:41:47'),
(620, 150, 105, 0, 0, '0', 'vf', NULL, NULL, 'Cg', 0, 0, '', 1, '2012-10-23 17:41:47', '2012-10-23 17:41:47'),
(621, 151, 105, 0, 0, '0', 'vg', NULL, NULL, 'Vh', 0, 0, '', 1, '2012-10-23 17:41:47', '2012-10-23 17:41:47'),
(622, 152, 105, 0, 0, '0', 'zios', NULL, NULL, 'HHz', 0, 0, '', 1, '2012-10-23 17:41:47', '2012-10-23 17:41:47'),
(623, 153, 105, 0, 0, '0', 'jxhx', NULL, NULL, 'Zhbx', 0, 0, '', 1, '2012-10-23 17:41:47', '2012-10-23 17:41:47'),
(624, 154, 65, 1, 1, '1', 'asda', NULL, NULL, 'asasada', 0, 0, '', 1, '2012-10-23 17:41:47', '2012-10-23 17:41:47'),
(625, 155, 105, 6, 6, '7', 'ndjd', NULL, NULL, 'Jdbbc', 0, 0, '', 1, '2012-10-23 17:41:47', '2012-10-23 17:41:47'),
(626, 156, 105, 6, 6, '7', 'jxxj', NULL, NULL, 'Hxhx', 0, 0, '', 1, '2012-10-23 17:41:47', '2012-10-23 17:41:47'),
(627, 157, 105, 0, 0, '0', 'znjz', NULL, NULL, 'Bsbd', 0, 0, '', 1, '2012-10-23 17:41:47', '2012-10-23 17:41:47'),
(628, 158, 105, 0, 0, '0', 'cf', NULL, NULL, 'Ff', 0, 0, '', 1, '2012-10-23 17:41:47', '2012-10-23 17:41:47'),
(629, 159, 105, 0, 0, '0', 'skjd', NULL, NULL, 'Bxhx', 0, 0, '', 1, '2012-10-23 17:41:47', '2012-10-23 17:41:47'),
(630, 160, 105, 0, 0, '0', 'x x', NULL, NULL, 'Bxhx', 0, 0, '', 1, '2012-10-23 17:41:47', '2012-10-23 17:41:47'),
(631, 161, 105, 0, 0, '0', 'zbx', NULL, NULL, 'Xbbx', 0, 0, '', 1, '2012-10-23 17:41:47', '2012-10-23 17:41:47'),
(632, 162, 105, 0, 0, '0', 'jzhzh', NULL, NULL, 'Bzhzhx', 0, 0, '', 1, '2012-10-23 17:41:47', '2012-10-23 17:41:47'),
(633, 163, 105, 0, 0, '0', 'hshgd', NULL, NULL, 'Bshxhd', 0, 0, '', 1, '2012-10-23 17:41:47', '2012-10-23 17:41:47'),
(634, 164, 105, 0, 0, '0', 'shud', NULL, NULL, 'Hxhx', 0, 0, '', 1, '2012-10-23 17:41:47', '2012-10-23 17:41:47'),
(635, 165, 105, 1, 1, '3', 'ye', NULL, NULL, 'Yeeee', 0, 0, '', 1, '2012-10-23 17:41:47', '2012-10-23 17:41:47'),
(636, 166, 105, 1, 1, '3', 'chanchan', NULL, NULL, 'Chan', 0, 1, '', 1, '2012-10-23 17:41:47', '2012-10-23 17:41:47'),
(637, 167, 105, 0, 0, '0', 'channn', NULL, NULL, 'Channnn', 0, 0, '', 1, '2012-10-23 17:41:47', '2012-10-23 17:41:47'),
(638, 168, 83, 6, 6, '7', 'くまちゃんず', NULL, NULL, 'クアラルンプールだったかなー？', 0, 0, '', 1, '2012-10-23 17:41:47', '2012-10-23 17:41:47'),
(639, 169, 83, 6, 6, '7', 'more try', NULL, NULL, 'なんでー？', 0, 0, '', 1, '2012-10-23 17:41:47', '2012-10-23 17:41:47'),
(640, 170, 127, 6, 6, '7', 'マイナビのあっちゃん', NULL, NULL, 'ソロでもがんばれー', 0, 1, '', 1, '2012-10-23 17:41:47', '2012-10-23 17:41:47'),
(641, 171, 83, 1, 1, '3', 'ともちん', NULL, NULL, 'ヨーカドー', 0, 0, '', 1, '2012-10-23 17:41:47', '2012-10-23 17:41:47'),
(642, 173, 83, 1, 1, '4', 'こじはる', NULL, NULL, 'こじはるるー', 0, 0, '', 1, '2012-10-23 17:41:47', '2012-10-23 17:41:47'),
(643, 177, 127, 6, 6, '7', 'テスト', NULL, NULL, 'コメント', 0, 1, '', 1, '2012-10-23 17:41:47', '2012-10-23 17:41:47'),
(644, 178, 127, 6, 6, '7', 'a', NULL, NULL, 'A', 0, 0, 'あああ', 1, '2012-10-23 17:41:47', '2012-10-23 17:41:47'),
(645, 181, 40, 1, 1, '4', '鉈かな', NULL, NULL, 'ぬかなや 霊屋な 多生に', 0, 0, '', 1, '2012-10-23 17:41:47', '2012-10-23 17:41:47'),
(646, 184, 1, 3, 3, '3', 'adad', NULL, NULL, 'asdadsa', 0, 1, 'asdadsa', 1, '2012-10-23 17:41:47', '2012-10-23 17:41:47'),
(647, 185, 1, 3, 3, '3', 'asdas', NULL, NULL, 'asdad', 0, 1, 'asdad', 1, '2012-10-23 17:41:47', '2012-10-23 17:41:47'),
(648, 189, 40, 10, 7, '17', 'なな', NULL, NULL, 'かかかぅき', 0, 0, '', 1, '2012-10-23 17:41:47', '2012-10-23 17:41:47'),
(649, 193, 40, 8, 7, '14', 'ななな', NULL, NULL, 'けぇけ', 0, 0, '', 1, '2012-10-23 17:41:47', '2012-10-23 17:41:47'),
(650, 194, 40, 10, 7, '18', 'gk', NULL, NULL, 'く', 0, 0, '', 1, '2012-10-23 17:41:47', '2012-10-23 17:41:47'),
(651, 195, 40, 9, 7, '15', 'hehe', NULL, NULL, 'Haha', 0, 0, '', 1, '2012-10-23 17:41:47', '2012-10-23 17:41:47'),
(652, 196, 40, 11, 10, '19', 'なまな', NULL, NULL, 'ななななななまままーーーー', 0, 0, '', 1, '2012-10-23 17:41:47', '2012-10-23 17:41:47'),
(653, 197, 40, 6, 6, '8', 'bxk', NULL, NULL, 'jfkf', 0, 0, '', 1, '2012-10-23 17:41:47', '2012-10-23 17:41:47'),
(654, 199, 40, 0, 0, '0', 'cy', NULL, NULL, 'Bhu', 0, 0, '', 1, '2012-10-23 17:41:47', '2012-10-23 17:41:47'),
(655, 200, 40, 0, 0, '0', 'haha', NULL, NULL, 'Shzusu', 0, 0, '', 1, '2012-10-23 17:41:47', '2012-10-23 17:41:47'),
(656, 201, 40, 0, 0, '0', 'hz', NULL, NULL, 'Gsyx', 0, 0, '', 1, '2012-10-23 17:41:47', '2012-10-23 17:41:47'),
(657, 202, 40, 0, 0, '0', 'hdhd', NULL, NULL, 'Ss', 0, 0, '', 1, '2012-10-23 17:41:47', '2012-10-23 17:41:47'),
(658, 221, 40, 0, 0, '0', 'bai', NULL, NULL, 'Nai', 0, 0, '', 1, '2012-10-23 17:41:47', '2012-10-23 17:41:47'),
(659, 222, 40, 0, 0, '0', 'ja', NULL, NULL, 'Jaj', 0, 0, '', 1, '2012-10-23 17:41:47', '2012-10-23 17:41:47'),
(660, 223, 40, 0, 0, '0', 'sc', NULL, NULL, 'Vh', 0, 0, '', 1, '2012-10-23 17:41:47', '2012-10-23 17:41:47'),
(661, 224, 40, 0, 0, '0', 'bbz', NULL, NULL, 'Bahdh', 0, 0, '', 1, '2012-10-23 17:41:47', '2012-10-23 17:41:47'),
(662, 225, 40, 6, 6, '9', 'hahahah', NULL, NULL, 'Hahaha', 0, 0, '', 1, '2012-10-23 17:41:47', '2012-10-23 17:41:47'),
(663, 226, 40, 0, 0, '0', 'tee', NULL, NULL, 'Ass', 0, 0, '', 1, '2012-10-23 17:41:47', '2012-10-23 17:41:47'),
(664, 227, 40, 0, 0, '0', 'bb', NULL, NULL, 'Hdd', 0, 0, '', 1, '2012-10-23 17:41:47', '2012-10-23 17:41:47'),
(665, 228, 40, 0, 0, '0', 'combine', NULL, NULL, 'Kom', 0, 0, '', 1, '2012-10-23 17:41:47', '2012-10-23 17:41:47'),
(666, 229, 40, 0, 0, '0', 'ja', NULL, NULL, 'Jaja', 0, 0, '', 1, '2012-10-23 17:41:47', '2012-10-23 17:41:47'),
(667, 230, 40, 0, 0, '0', 'cbnx', NULL, NULL, 'Dhhd', 0, 0, '', 1, '2012-10-23 17:41:47', '2012-10-23 17:41:47'),
(668, 231, 40, 0, 0, '0', 'jsd', NULL, NULL, 'Hdhd', 0, 0, '', 1, '2012-10-23 17:41:47', '2012-10-23 17:41:47'),
(669, 232, 40, 0, 0, '0', 'jdid', NULL, NULL, 'Hahsu', 0, 0, '', 1, '2012-10-23 17:41:47', '2012-10-23 17:41:47'),
(670, 234, 40, 0, 0, '0', 'jsid', NULL, NULL, 'Hdisic', 0, 0, '', 1, '2012-10-23 17:41:47', '2012-10-23 17:41:47'),
(671, 235, 40, 0, 0, '0', 'Ha', NULL, NULL, 'Ha', 0, 0, '', 1, '2012-10-23 17:41:47', '2012-10-23 17:41:47'),
(672, 236, 40, 0, 0, '0', 'hdhd', NULL, NULL, 'Hxhxu', 0, 0, '', 1, '2012-10-23 17:41:47', '2012-10-23 17:41:47'),
(673, 237, 0, 0, 0, '0', 'item_name', NULL, NULL, 'content', 0, 0, 'memo', 0, '2012-10-23 17:41:47', '2012-10-23 17:41:47'),
(674, 381, 40, 0, 0, '0', 'bs', NULL, NULL, 'Shz', 0, 0, '', 1, '2012-10-23 17:41:47', '2012-10-23 17:41:47'),
(675, 382, 40, 6, 6, '9', 'haha', NULL, NULL, 'Haha', 0, 0, '', 1, '2012-10-23 17:41:47', '2012-10-23 17:41:47'),
(676, 383, 127, 7, 7, '11', '上からマリコ', NULL, NULL, 'PV泣ける', 0, 0, '', 1, '2012-10-23 17:41:47', '2012-10-23 17:41:47'),
(677, 384, 83, 11, 10, '19', 'ともちん', NULL, NULL, 'ともちんは、野菜のとき、ナスだよ！', 0, 0, '', 1, '2012-10-23 17:41:47', '2012-10-23 17:41:47'),
(678, 385, 83, 7, 7, '11', 'ぶにゃ', NULL, NULL, 'たろう', 0, 43, '', 1, '2012-10-23 17:41:47', '2012-10-23 17:41:47'),
(679, 387, 40, 6, 6, '9', '旗な対応', NULL, NULL, 'きかたかた', 0, 0, '', 1, '2012-10-23 17:41:47', '2012-10-23 17:41:47'),
(680, 388, 1, 0, 1, '2', 'かかkだskだsdkアsダsッワワワアワ', NULL, NULL, 'アsダjksダsdjカsdjカあsだあw打d', 0, 0, '', 1, '2012-10-23 17:41:47', '2012-10-23 17:41:47'),
(681, 389, 40, 0, 0, '0', 'さな', NULL, NULL, 'なたかなか', 0, 0, '', 1, '2012-10-23 17:41:47', '2012-10-23 17:41:47'),
(682, 390, 40, 6, 6, '10', 'なた', NULL, NULL, 'なたに', 0, 0, '', 1, '2012-10-23 17:41:47', '2012-10-23 17:41:47'),
(683, 391, 40, 0, 0, '0', 'やた', NULL, NULL, 'やたひ', 0, 0, '', 1, '2012-10-23 17:41:47', '2012-10-23 17:41:47'),
(684, 392, 40, 0, 0, '0', 'やた', NULL, NULL, 'はたはま', 0, 0, '', 1, '2012-10-23 17:41:47', '2012-10-23 17:41:47'),
(685, 393, 40, 6, 6, '9', 'ラダは昌也なたは', NULL, NULL, 'たらたは', 0, 0, '', 1, '2012-10-23 17:41:47', '2012-10-23 17:41:47'),
(686, 394, 40, 6, 6, '9', 'リバース', NULL, NULL, 'にねまさ', 0, 0, '', 1, '2012-10-23 17:41:47', '2012-10-23 17:41:47'),
(687, 395, 40, 9, 7, '16', 'なはま', NULL, NULL, 'はまざ', 0, 0, '', 1, '2012-10-23 17:41:47', '2012-10-23 17:41:47'),
(688, 396, 40, 7, 7, '11', 'huなた', NULL, NULL, 'Jxjd', 0, 0, '', 1, '2012-10-23 17:41:47', '2012-10-23 17:41:47'),
(689, 397, 40, 6, 6, '8', 'なかなか', NULL, NULL, 'やさ', 0, 0, 'aaaaa', 1, '2012-10-23 17:41:47', '2012-10-23 17:41:47'),
(690, 398, 40, 6, 6, '9', 'ゆなな', NULL, NULL, 'やなか', 0, 0, '', 1, '2012-10-23 17:41:47', '2012-10-23 17:41:47'),
(691, 399, 40, 6, 6, '10', 'はま', NULL, NULL, 'たはま', 0, 0, '', 1, '2012-10-23 17:41:47', '2012-10-23 17:41:47'),
(692, 400, 40, 7, 7, '12', 'なた', NULL, NULL, 'まはま', 0, 0, '', 1, '2012-10-23 17:41:47', '2012-10-23 17:41:47'),
(693, 401, 40, 0, 0, '0', 'ハマは', NULL, NULL, 'たらまは', 0, 0, '', 1, '2012-10-23 17:41:47', '2012-10-23 17:41:47'),
(694, 402, 40, 7, 7, '12', 'たはさま', NULL, NULL, 'なたはま', 0, 0, '', 1, '2012-10-23 17:41:47', '2012-10-23 17:41:47'),
(695, 403, 40, 8, 7, '13', 'jd', NULL, NULL, 'Jfjd', 0, 0, '', 1, '2012-10-23 17:41:47', '2012-10-23 17:41:47'),
(696, 405, 40, 6, 6, '9', 'ghj', NULL, NULL, 'Gjj', 0, 0, '', 1, '2012-10-23 17:41:47', '2012-10-23 17:41:47'),
(697, 406, 40, 6, 6, '8', 'xh', NULL, NULL, 'Nx', 0, 0, '', 1, '2012-10-23 17:41:47', '2012-10-23 17:41:47'),
(698, 408, 40, 6, 6, '8', 'jdd', NULL, NULL, 'Jdjd', 0, 0, '', 1, '2012-10-23 17:41:47', '2012-10-23 17:41:47'),
(699, 409, 40, 6, 6, '8', 'jdd', NULL, NULL, 'Jdjd', 0, 1, '', 1, '2012-10-23 17:41:47', '2012-10-23 17:41:47'),
(700, 410, 40, 8, 7, '13', 'ccd', NULL, NULL, 'Vhfg', 0, 0, '', 1, '2012-10-23 17:41:47', '2012-10-23 17:41:47'),
(701, 411, 40, 0, 0, '0', 'jdjx', NULL, NULL, 'Xjdj', 0, 0, '', 1, '2012-10-23 17:41:47', '2012-10-23 17:41:47'),
(702, 412, 40, 8, 7, '13', 'hz', NULL, NULL, 'Xh', 0, 0, '', 1, '2012-10-23 17:41:47', '2012-10-23 17:41:47'),
(703, 413, 40, 9, 7, '16', 'udud', NULL, NULL, 'Ydf', 0, 0, '', 1, '2012-10-23 17:41:47', '2012-10-23 17:41:47'),
(704, 414, 40, 10, 7, '18', 'zhxu', NULL, NULL, 'Bxhx', 0, 0, '', 1, '2012-10-23 17:41:47', '2012-10-23 17:41:47'),
(705, 415, 40, 7, 7, '12', 'cc', NULL, NULL, ' Xf', 0, 0, '', 1, '2012-10-23 17:41:47', '2012-10-23 17:41:47'),
(706, 416, 40, 7, 7, '12', 'cc', NULL, NULL, ' Xf', 0, 0, '', 1, '2012-10-23 17:41:47', '2012-10-23 17:41:47'),
(707, 417, 40, 0, 0, '0', 'jd', NULL, NULL, 'Hdf', 0, 0, '', 1, '2012-10-23 17:41:47', '2012-10-23 17:41:47'),
(708, 418, 40, 0, 0, '0', 'jd', NULL, NULL, 'Uss', 0, 0, '', 1, '2012-10-23 17:41:47', '2012-10-23 17:41:47'),
(709, 419, 40, 0, 0, '0', 'x', NULL, NULL, 'Xjx', 0, 0, '', 1, '2012-10-23 17:41:47', '2012-10-23 17:41:47'),
(710, 420, 40, 8, 7, '13', 'nxjz', NULL, NULL, 'Hd', 0, 0, '', 1, '2012-10-23 17:41:47', '2012-10-23 17:41:47'),
(711, 421, 40, 6, 6, '10', 'zk', NULL, NULL, 'Ns', 0, 0, '', 1, '2012-10-23 17:41:47', '2012-10-23 17:41:47'),
(712, 422, 40, 0, 0, '0', 'ud', NULL, NULL, 'Sh', 0, 0, '', 1, '2012-10-23 17:41:47', '2012-10-23 17:41:47'),
(713, 423, 40, 0, 0, '0', 'vg', NULL, NULL, 'Xbx', 0, 0, '', 1, '2012-10-23 17:41:47', '2012-10-23 17:41:47'),
(714, 424, 40, 6, 6, '10', 'xhz', NULL, NULL, 'Bzs', 0, 0, '', 1, '2012-10-23 17:41:47', '2012-10-23 17:41:47'),
(715, 425, 40, 0, 0, '0', 'nx', NULL, NULL, 'Bx', 0, 0, '', 1, '2012-10-23 17:41:47', '2012-10-23 17:41:47'),
(716, 426, 40, 7, 7, '11', 'xnjx', NULL, NULL, 'Ndjd', 0, 0, '', 1, '2012-10-23 17:41:47', '2012-10-23 17:41:47'),
(717, 427, 40, 0, 0, '0', 'x', NULL, NULL, 'Hx', 0, 1, '', 1, '2012-10-23 17:41:47', '2012-10-23 17:41:47'),
(718, 428, 40, 0, 0, '0', 'hs', NULL, NULL, 'Gsd', 0, 0, '', 1, '2012-10-23 17:41:47', '2012-10-23 17:41:47'),
(719, 429, 40, 7, 7, '11', 'nzjx', NULL, NULL, 'Jd', 0, 0, '', 1, '2012-10-23 17:41:47', '2012-10-23 17:41:47'),
(720, 430, 40, 0, 0, '0', 'ff', NULL, NULL, 'Cgg', 0, 0, '', 1, '2012-10-23 17:41:47', '2012-10-23 17:41:47'),
(721, 431, 40, 0, 0, '0', 'zkz', NULL, NULL, 'Jx', 0, 0, '', 1, '2012-10-23 17:41:47', '2012-10-23 17:41:47'),
(722, 432, 40, 0, 0, '0', 'sks', NULL, NULL, 'Jdd', 0, 0, '', 1, '2012-10-23 17:41:47', '2012-10-23 17:41:47'),
(723, 433, 40, 0, 0, '0', 'bx', NULL, NULL, 'Gd', 0, 0, '', 1, '2012-10-23 17:41:47', '2012-10-23 17:41:47'),
(724, 456, 105, 0, 0, '0', 'gshs', NULL, NULL, ' Dbdj', 0, 0, '', 1, '2012-10-23 17:41:47', '2012-10-23 17:41:47'),
(725, 457, 105, 0, 0, '0', 'zhzj', NULL, NULL, 'Hdhd', 0, 0, '', 1, '2012-10-23 17:41:47', '2012-10-23 17:41:47'),
(726, 459, 105, 8, 7, '13', 'zixjix', NULL, NULL, 'Bznxn', 0, 0, '', 1, '2012-10-23 17:41:47', '2012-10-23 17:41:47'),
(727, 460, 105, 6, 6, '8', 'hdis', NULL, NULL, 'Tesy', 0, 0, '', 1, '2012-10-23 17:41:47', '2012-10-23 17:41:47'),
(728, 461, 105, 7, 7, '12', 'bs', NULL, NULL, 'Ba', 0, 0, '', 1, '2012-10-23 17:41:47', '2012-10-23 17:41:47'),
(729, 462, 105, 6, 6, '8', 'sjs', NULL, NULL, 'Bshs', 0, 0, '', 1, '2012-10-23 17:41:47', '2012-10-23 17:41:47'),
(730, 463, 105, 10, 7, '17', 'tes', NULL, NULL, 'Tes', 0, 0, '', 1, '2012-10-23 17:41:47', '2012-10-23 17:41:47'),
(731, 464, 105, 6, 6, '10', 'hshx', NULL, NULL, 'Vshxh', 0, 0, '', 1, '2012-10-23 17:41:47', '2012-10-23 17:41:47'),
(732, 465, 105, 9, 7, '16', 'haha', NULL, NULL, 'Jaha', 0, 0, '', 1, '2012-10-23 17:41:47', '2012-10-23 17:41:47'),
(733, 466, 105, 6, 6, '10', 'cd', NULL, NULL, 'Fh', 0, 0, '', 1, '2012-10-23 17:41:47', '2012-10-23 17:41:47'),
(734, 467, 105, 6, 6, '9', 'wqe', NULL, NULL, 'Q', 0, 0, '', 1, '2012-10-23 17:41:47', '2012-10-23 17:41:47'),
(735, 468, 105, 6, 6, '8', 'xd', NULL, NULL, 'F', 0, 0, '', 1, '2012-10-23 17:41:47', '2012-10-23 17:41:47'),
(736, 469, 105, 6, 6, '9', '肉なたなた', NULL, NULL, 'なてたらた', 0, 0, '', 1, '2012-10-23 17:41:47', '2012-10-23 17:41:47'),
(737, 470, 105, 6, 6, '10', 'らたはた', NULL, NULL, 'やたらまら', 0, 0, '', 1, '2012-10-23 17:41:47', '2012-10-23 17:41:47'),
(738, 471, 40, 9, 7, '15', 'きた', NULL, NULL, 'はた', 0, 0, '', 1, '2012-10-23 17:41:47', '2012-10-23 17:41:47'),
(739, 472, 119, 6, 6, '9', 'gd', NULL, NULL, 'Cj', 0, 0, '', 1, '2012-10-23 17:41:47', '2012-10-23 17:41:47'),
(740, 473, 65, 6, 6, '9', 'aaaaa', NULL, NULL, 'Aaaaa', 0, 0, '', 1, '2012-10-23 17:41:47', '2012-10-23 17:41:47'),
(741, 474, 119, 6, 6, '8', 'fggh', NULL, NULL, 'Fhhjdd', 0, 0, '', 1, '2012-10-23 17:41:47', '2012-10-23 17:41:47'),
(742, 475, 105, 6, 6, '10', 'mzkx', NULL, NULL, 'Nzx', 0, 0, '', 1, '2012-10-23 17:41:47', '2012-10-23 17:41:47'),
(743, 476, 105, 6, 6, '10', 'xhzvzh', NULL, NULL, 'Hxz', 0, 0, '', 1, '2012-10-23 17:41:47', '2012-10-23 17:41:47'),
(744, 477, 105, 6, 6, '9', 'hhchc', NULL, NULL, 'Zbxh', 0, 0, '', 1, '2012-10-23 17:41:47', '2012-10-23 17:41:47'),
(745, 478, 119, 8, 7, '14', 'tet', NULL, NULL, 'Test', 0, 0, '', 1, '2012-10-23 17:41:47', '2012-10-23 17:41:47'),
(746, 479, 119, 6, 6, '10', 'najx', NULL, NULL, 'Gad', 0, 0, '', 1, '2012-10-23 17:41:47', '2012-10-23 17:41:47'),
(747, 480, 119, 7, 7, '11', 'jschah', NULL, NULL, 'Hdhx', 0, 0, '', 1, '2012-10-23 17:41:47', '2012-10-23 17:41:47'),
(748, 481, 119, 6, 6, '9', 'test', NULL, NULL, 'Yeat', 0, 0, '', 1, '2012-10-23 17:41:47', '2012-10-23 17:41:47'),
(749, 482, 105, 7, 7, '11', 'te', NULL, NULL, 'Fshx', 0, 0, '', 1, '2012-10-23 17:41:47', '2012-10-23 17:41:47'),
(750, 483, 105, 11, 10, '19', 'se', NULL, NULL, 'Vtbh', 0, 0, '', 1, '2012-10-23 17:41:47', '2012-10-23 17:41:47'),
(751, 484, 83, 8, 7, '14', 'test', NULL, NULL, 'Testちゅう', 0, 1, '', 1, '2012-10-23 17:41:47', '2012-10-23 17:41:47'),
(752, 485, 105, 6, 6, '10', 'hah', NULL, NULL, 'Haha', 0, 0, '', 1, '2012-10-23 17:41:47', '2012-10-23 17:41:47'),
(753, 487, 83, 14, 8, '24', 'aas', NULL, NULL, 'Ddd', 0, 0, '', 1, '2012-10-23 17:41:47', '2012-10-23 17:41:47'),
(754, 488, 142, 11, 10, '20', 'r', NULL, NULL, 'R', 0, 0, '', 1, '2012-10-23 17:41:47', '2012-10-23 17:41:47'),
(755, 489, 146, 10, 7, '17', 'r', NULL, NULL, 'R', 0, 1, '', 1, '2012-10-23 17:41:47', '2012-10-23 17:41:47'),
(756, 490, 0, 0, 0, '0', 'item_name', NULL, NULL, 'content', 0, 0, 'memo', 0, '2012-10-23 17:41:47', '2012-10-23 17:41:47'),
(757, 491, 1, 1, 1, '1', 'akb48', NULL, NULL, 'akb48', 0, 16, 'akb48', 1, '2012-10-23 17:41:47', '2012-10-23 17:41:47'),
(758, 492, 1, 1, 1, '1', 'ske48', NULL, NULL, 'ske48', 0, 16, 'ske48', 1, '2012-10-23 17:41:47', '2012-10-23 17:41:47'),
(759, 493, 0, 0, 0, '0', 'item_name', NULL, NULL, 'content', 0, 0, 'memo', 0, '2012-10-23 17:41:47', '2012-10-23 17:41:47'),
(760, 494, 1, 7, 8, '14', '松井玲奈', NULL, NULL, 'ske48のかすみ草', 0, 121, 'ぶー', 1, '2012-10-23 17:41:47', '2012-10-23 17:41:47'),
(761, 495, 1, 6, 12, '30', 'item tes', NULL, NULL, 'tes', 0, 0, '', 1, '2012-10-23 17:41:47', '2012-10-23 17:41:47'),
(762, 496, 1, 6, 6, '9', 'tes item create', NULL, NULL, '', 0, 0, '', 1, '2012-10-23 17:41:47', '2012-10-23 17:41:47'),
(763, 497, 1, 6, 11, '19', 'tes item create 2', NULL, NULL, '', 0, 24, '', 1, '2012-10-23 17:41:47', '2012-10-23 17:41:47'),
(764, 498, 1, 7, 7, '12', 'かわいいりっちゃん', NULL, NULL, 'cawaii!!!!', 0, 24, '', 1, '2012-10-23 17:41:47', '2012-10-23 17:41:47'),
(765, 500, 1, 10, 18, '32', 'かわいいれなちゃん', NULL, NULL, 'れなれな', 0, 2, 'test123', 1, '2012-10-23 17:41:47', '2012-10-23 17:41:47'),
(766, 501, 1, 7, 10, '17', 'プードル１', NULL, NULL, 'cawaiiプードル', 0, 24, '', 1, '2012-10-23 17:41:47', '2012-10-23 17:41:47'),
(767, 502, 1, 8, 13, '23', 'ぶたた', NULL, NULL, 'ぶー', 0, 13, '', 1, '2012-10-23 17:41:47', '2012-10-23 17:41:47'),
(768, 503, 83, 8, 7, '14', 'd', NULL, NULL, 'Db', 0, 0, '', 1, '2012-10-23 17:41:47', '2012-10-23 17:41:47'),
(769, 504, 127, 6, 6, '8', 'あ', NULL, NULL, 'あ', 0, 0, '', 1, '2012-10-23 17:41:47', '2012-10-23 17:41:47'),
(770, 508, 40, 6, 6, '8', 'dhgg', NULL, NULL, 'Chhg', 0, 0, '', 1, '2012-10-23 17:41:47', '2012-10-23 17:41:47'),
(771, 509, 40, 8, 7, '13', 'hsha', NULL, NULL, 'Haha', 0, 0, '', 1, '2012-10-23 17:41:47', '2012-10-23 17:41:47'),
(772, 510, 40, 6, 6, '10', 'ta', NULL, NULL, 'Tta', 0, 0, '', 1, '2012-10-23 17:41:47', '2012-10-23 17:41:47'),
(773, 511, 40, 6, 6, '9', 'sisjs', NULL, NULL, 'Nhzjsj', 0, 0, '', 1, '2012-10-23 17:41:47', '2012-10-23 17:41:47'),
(774, 512, 40, 8, 7, '14', 'cs', NULL, NULL, 'Ch', 0, 0, '', 1, '2012-10-23 17:41:47', '2012-10-23 17:41:47'),
(775, 513, 40, 13, 8, '22', 'yeat', NULL, NULL, 'Tesy', 0, 0, '', 1, '2012-10-23 17:41:47', '2012-10-23 17:41:47'),
(776, 514, 40, 6, 6, '8', 'gihjvh', NULL, NULL, 'Hjjh', 0, 0, '', 1, '2012-10-23 17:41:47', '2012-10-23 17:41:47'),
(777, 515, 40, 6, 6, '10', 'hjgg', NULL, NULL, 'Gfff', 0, 0, '', 1, '2012-10-23 17:41:47', '2012-10-23 17:41:47'),
(778, 516, 40, 10, 7, '17', 'vii', NULL, NULL, 'Vhj', 0, 0, '', 1, '2012-10-23 17:41:47', '2012-10-23 17:41:47'),
(779, 519, 40, 8, 7, '14', 'Dufan', NULL, NULL, 'Dufannn', 0, 1, '', 1, '2012-10-23 17:41:47', '2012-10-23 17:41:47'),
(780, 528, 40, 9, 7, '16', 'gsus', NULL, NULL, 'Bbxh', 0, 0, '', 1, '2012-10-23 17:41:47', '2012-10-23 17:41:47'),
(781, 529, 40, 7, 7, '11', 'zkjz', NULL, NULL, 'Hshsh', 0, 1, '', 1, '2012-10-23 17:41:47', '2012-10-23 17:41:47'),
(782, 530, 40, 8, 7, '13', 'jdjx', NULL, NULL, 'Hxbx', 0, 0, '', 1, '2012-10-23 17:41:47', '2012-10-23 17:41:47'),
(783, 531, 40, 9, 7, '15', 'jsjs', NULL, NULL, 'Bsbsh', 0, 0, '', 1, '2012-10-23 17:41:47', '2012-10-23 17:41:47'),
(784, 532, 66, 13, 8, '21', 'jxjc', NULL, NULL, 'Hxhxhucc', 0, 0, '', 1, '2012-10-23 17:41:47', '2012-10-23 17:41:47'),
(785, 533, 66, 7, 7, '11', 'gshz', NULL, NULL, 'Hzhdj', 0, 0, '', 1, '2012-10-23 17:41:47', '2012-10-23 17:41:47'),
(786, 534, 66, 6, 6, '9', 'gsz', NULL, NULL, 'Hzh', 0, 0, '', 1, '2012-10-23 17:41:47', '2012-10-23 17:41:47'),
(787, 536, 40, 11, 10, '20', 'isiz', NULL, NULL, 'Jzbzj', 0, 0, '', 1, '2012-10-23 17:41:47', '2012-10-23 17:41:47'),
(788, 538, 40, 6, 6, '10', 'jUz', NULL, NULL, 'Hhzh', 0, 0, '', 1, '2012-10-23 17:41:47', '2012-10-23 17:41:47'),
(789, 539, 83, 6, 6, '9', 'r', NULL, NULL, 'F', 0, 0, '', 1, '2012-10-23 17:41:47', '2012-10-23 17:41:47'),
(790, 540, 40, 10, 7, '18', 'vzhz', NULL, NULL, 'Jsjs', 0, 0, '', 1, '2012-10-23 17:41:47', '2012-10-23 17:41:47'),
(791, 541, 83, 8, 7, '13', 'f', NULL, NULL, 'F', 0, 0, '', 1, '2012-10-23 17:41:47', '2012-10-23 17:41:47'),
(792, 542, 83, 10, 7, '17', 'ぶー', NULL, NULL, 'ぶーぶー', 0, 0, '', 1, '2012-10-23 17:41:47', '2012-10-23 17:41:47'),
(793, 543, 83, 16, 9, '26', 'あ', NULL, NULL, 'た', 0, 0, '', 1, '2012-10-23 17:41:47', '2012-10-23 17:41:47'),
(794, 544, 1, 7, 9, '33', 'eeee', NULL, NULL, 'asdasdadsa', 0, 0, 'asdsadada', 1, '2012-10-23 17:41:47', '2012-10-23 17:41:47'),
(795, 545, 83, 11, 10, '20', 'な', NULL, NULL, 'とー', 0, 0, '', 1, '2012-10-23 17:41:47', '2012-10-23 17:41:47'),
(796, 546, 40, 11, 6, '34', 'hsgs', NULL, NULL, 'Bzjxjx', 0, 0, '', 1, '2012-10-23 17:41:47', '2012-10-23 17:41:47'),
(797, 547, 40, 10, 18, '35', 'znjz', NULL, NULL, 'Bzhz', 0, 0, '', 1, '2012-10-23 17:41:47', '2012-10-23 17:41:47'),
(798, 548, 83, 18, 10, '32', 'か', NULL, NULL, 'な', 0, 0, '', 1, '2012-10-23 17:41:47', '2012-10-23 17:41:47'),
(799, 549, 83, 8, 13, '21', 'あ', NULL, NULL, 'か', 0, 0, '', 1, '2012-10-23 17:41:47', '2012-10-23 17:41:47'),
(800, 550, 83, 7, 9, '15', 'あかさたなは', NULL, NULL, 'あかさたなは', 0, 0, '', 1, '2012-10-23 17:41:47', '2012-10-23 17:41:47'),
(801, 0, 0, 0, 0, 'アイテム名', '内容', NULL, NULL, '購入先URL', 0, 0, '表示フラグ', 0, '2012-10-23 17:41:47', '2012-10-23 17:41:47'),
(802, 1, 1, 1, 1, 'sdfdsdfs', 'sdfdsffds', NULL, NULL, 'dsfsdfds', 16, 0, '1', 0, '2012-10-23 17:41:47', '2012-10-23 17:41:47'),
(803, 1, 1, 1, 1, 'sdfdsdfs', 'sdfdsffds', NULL, NULL, 'dsfsdfds', 20, 0, '1', 0, '2012-10-23 17:41:47', '2012-10-23 17:41:47'),
(804, 1, 1, 1, 1, 'sdfdsdfs', 'sdfdsffds', NULL, NULL, 'dsfsdfds', 6, 0, '1', 0, '2012-10-23 17:41:47', '2012-10-23 17:41:47'),
(805, 1, 1, 1, 1, 'sdfdsdfs', 'sdfdsffds', NULL, NULL, 'dsfsdfds', 5, 0, '1', 0, '2012-10-23 17:41:47', '2012-10-23 17:41:47'),
(806, 1, 1, 1, 1, 'sdfdsdfs', 'sdfdsffds', NULL, NULL, 'dsfsdfds', 6, 0, '1', 0, '2012-10-23 17:41:47', '2012-10-23 17:41:47'),
(807, 1, 1, 1, 1, 'sdfdsdfs', 'sdfdsffds', NULL, NULL, 'dsfsdfds', 5, 0, '1', 0, '2012-10-23 17:41:47', '2012-10-23 17:41:47'),
(808, 9, 1, 1, 1, 'itemName', 'item desc', NULL, NULL, 'buzoo.jp', 0, 0, '1', 0, '2012-10-23 17:41:47', '2012-10-23 17:41:47'),
(809, 9, 1, 1, 1, 'ItemNameTest', 'desc Test', NULL, NULL, 'buzoo.jp', 0, 0, '1', 0, '2012-10-23 17:41:47', '2012-10-23 17:41:47'),
(810, 10, 1, 1, 2, 'miyopon', 'test', NULL, NULL, 'http://cawaii.buzoo.biz/test', 1, 0, '1', 0, '2012-10-23 17:41:47', '2012-10-23 17:41:47'),
(811, 9, 1, 1, 1, 'ItemNameTest2', 'testing only', NULL, NULL, 'buzoo.jp', 0, 0, '1', 0, '2012-10-23 17:41:47', '2012-10-23 17:41:47'),
(812, 1, 2, 3, 4, 'asdasda', 'sadasd', NULL, NULL, 'asdasd', 0, 0, '1', 0, '2012-10-23 17:41:47', '2012-10-23 17:41:47'),
(813, 1, 2, 3, 4, 'asdasda', 'sadasd', NULL, NULL, 'asdasd', 0, 0, '1', 0, '2012-10-23 17:41:47', '2012-10-23 17:41:47'),
(814, 9, 1, 1, 1, 'itemName', 'testing only', NULL, NULL, 'buzoo.jp', 0, 0, '1', 0, '2012-10-23 17:41:47', '2012-10-23 17:41:47'),
(815, 1, 2, 3, 4, 'asdasda', 'sadasd', NULL, NULL, 'asdasd', 0, 0, '1', 0, '2012-10-23 17:41:47', '2012-10-23 17:41:47'),
(816, 1, 2, 3, 4, 'asdasda', 'sadasd', NULL, NULL, 'asdasd', 1, 0, '1', 0, '2012-10-23 17:41:47', '2012-10-23 17:41:47'),
(817, 1, 2, 3, 4, 'asdasda', 'sadasd', NULL, NULL, 'asdasd', 1, 0, '1', 0, '2012-10-23 17:41:47', '2012-10-23 17:41:47'),
(818, 1, 2, 3, 4, 'asdasda', 'sadasd', NULL, NULL, 'asdasd', 2, 0, '1', 0, '2012-10-23 17:41:47', '2012-10-23 17:41:47'),
(819, 1, 5, 5, 5, 'asdasda', 'sadsada', NULL, NULL, 'adsasdsa', 2, 0, '1', 0, '2012-10-23 17:41:47', '2012-10-23 17:41:47'),
(820, 1, 5, 5, 5, 'asdasda', 'sadsada', NULL, NULL, 'adsasdsa', 1, 0, '1', 0, '2012-10-23 17:41:47', '2012-10-23 17:41:47'),
(821, 1, 5, 5, 5, 'asdasda', 'sadsada', NULL, NULL, 'adsasdsa', 1, 0, '1', 0, '2012-10-23 17:41:47', '2012-10-23 17:41:47'),
(822, 1, 5, 5, 5, 'asdasda', 'sadsada', NULL, NULL, 'adsasdsa', 0, 0, '1', 0, '2012-10-23 17:41:47', '2012-10-23 17:41:47'),
(823, 1, 1, 1, 1, 'asd', 'qwe', NULL, NULL, 'asd', 0, 0, '1', 0, '2012-10-23 17:41:47', '2012-10-23 17:41:47'),
(824, 1, 5, 5, 5, 'asdasda', 'sadsada', NULL, NULL, 'adsasdsa', 0, 0, '1', 0, '2012-10-23 17:41:47', '2012-10-23 17:41:47'),
(825, 10, 5, 5, 5, 'test', 'test', NULL, NULL, '', 0, 0, '1', 0, '2012-10-23 17:41:47', '2012-10-23 17:41:47'),
(826, 10, 0, 0, 0, 'fsdfds', '', NULL, NULL, '', 0, 0, '1', 0, '2012-10-23 17:41:47', '2012-10-23 17:41:47'),
(827, 10, 7, 7, 7, '7', '7', NULL, NULL, '7', 0, 0, '1', 0, '2012-10-23 17:41:47', '2012-10-23 17:41:47'),
(828, 10, 0, 0, 0, '', '', NULL, NULL, '', 0, 0, '1', 0, '2012-10-23 17:41:47', '2012-10-23 17:41:47'),
(829, 22, 1, 1, 1, 'ccItem', 'cc', NULL, NULL, 'buzoo.jp', 0, 0, '1', 0, '2012-10-23 17:41:47', '2012-10-23 17:41:47'),
(830, 1, 1, 1, 1, 'yoyoyoyo', 'aaaa', NULL, NULL, '', 1, 0, '1', 0, '2012-10-23 17:41:47', '2012-10-23 17:41:47'),
(831, 1, 2, 1, 1, 'asd', 'asd', NULL, NULL, '', 0, 0, '0', 0, '2012-10-23 17:41:47', '2012-10-23 17:41:47'),
(832, 1, 1, 1, 1, 'wwwwwwwww', '', NULL, NULL, '', 1, 0, '1', 0, '2012-10-23 17:41:47', '2012-10-23 17:41:47'),
(833, 1, 1, 1, 1, 'qweqwewqqeqw', '', NULL, NULL, '', 1, 0, '1', 0, '2012-10-23 17:41:47', '2012-10-23 17:41:47'),
(834, 65, 1, 11, 0, 'adasd', 'asdasdada', NULL, NULL, '', 0, 0, '1', 0, '2012-10-23 17:41:47', '2012-10-23 17:41:47'),
(835, 65, 1, 11, 0, 'adasdasdsad', 'asdasdada', NULL, NULL, '', 0, 0, '1', 0, '2012-10-23 17:41:47', '2012-10-23 17:41:47'),
(836, 65, 1, 11, 0, 'adasdasdsad', 'asdasdada', NULL, NULL, '', 0, 0, '1', 0, '2012-10-23 17:41:47', '2012-10-23 17:41:47'),
(837, 82, 1, 1, 1, 'CAWAIIIII', 'HPサポートエンジェル', NULL, NULL, 'http://www.akb48.co.jp', 1, 0, '1', 0, '2012-10-23 17:41:47', '2012-10-23 17:41:47'),
(838, 82, 1, 1, 1, 'CAWAIIIII', 'Q', NULL, NULL, 'http://q', 1, 0, '1', 0, '2012-10-23 17:41:47', '2012-10-23 17:41:47'),
(839, 82, 1, 1, 1, 'CAWAIIIII', 'あ', NULL, NULL, 'http://q', 1, 0, '1', 0, '2012-10-23 17:41:47', '2012-10-23 17:41:47'),
(840, 102, 1, 1, 1, 'くまくま', 'おなかすいたー', NULL, NULL, 'http://', 3, 0, '1', 0, '2012-10-23 17:41:47', '2012-10-23 17:41:47'),
(841, 40, 1, 1, 1, 'ffx', 'Cgcxf', NULL, NULL, 'http://', 2, 0, '1', 0, '2012-10-23 17:41:47', '2012-10-23 17:41:47'),
(842, 85, 1, 1, 1, 'benito', 'Ben', NULL, NULL, 'http://', 5, 0, '1', 0, '2012-10-23 17:41:47', '2012-10-23 17:41:47'),
(843, 85, 1, 1, 1, '私のコンピュータ', 'きゃあああ', NULL, NULL, 'http://', 2, 0, '1', 0, '2012-10-23 17:41:47', '2012-10-23 17:41:47'),
(844, 85, 1, 1, 1, 'filter cartoon', 'Hdhx', NULL, NULL, 'http://', 1, 0, '1', 0, '2012-10-23 17:41:47', '2012-10-23 17:41:47'),
(845, 106, 1, 1, 1, 'naiiit', 'Aaaaaaaaaaa', NULL, NULL, 'http://', 0, 0, '1', 0, '2012-10-23 17:41:47', '2012-10-23 17:41:47'),
(846, 106, 1, 1, 1, 'ggvb', 'ゅ fvvcccccccccchyfcucuuccucucuccucucuucchcuuccucucujvcjcjvjcjcjcjjccucuhchcchjccj', NULL, NULL, 'http://vhj', 0, 0, '1', 0, '2012-10-23 17:41:47', '2012-10-23 17:41:47'),
(847, 83, 1, 1, 1, 'くまたんの彼女', 'ぶーたん', NULL, NULL, 'http://wakatsuki-chinatsu-wc.jp', 3, 0, '1', 0, '2012-10-23 17:41:47', '2012-10-23 17:41:47'),
(848, 40, 1, 1, 1, '(^-^)/', 'やゆ', NULL, NULL, 'http://', 0, 0, '1', 0, '2012-10-23 17:41:47', '2012-10-23 17:41:47'),
(849, 105, 0, 0, 0, 'aaaaaa', 'aaaaaa', NULL, NULL, 'http://', 0, 0, '1', 0, '2012-10-23 17:41:47', '2012-10-23 17:41:47'),
(850, 40, 0, 0, 0, 'hutg', 'Hvv', NULL, NULL, 'http://', 0, 0, '1', 0, '2012-10-23 17:41:47', '2012-10-23 17:41:47'),
(851, 127, 6, 6, 7, 'ギンガムチェック最高！', 'マニッシュだね～', NULL, NULL, 'http://www.akb48.co.jp', 2, 0, '1', 0, '2012-10-23 17:41:47', '2012-10-23 17:41:47'),
(852, 83, 6, 6, 7, 'クリームあんみつ', 'おいしい', NULL, NULL, 'http://', 1, 0, '1', 0, '2012-10-23 17:41:47', '2012-10-23 17:41:47'),
(853, 127, 0, 0, 0, 'a', 'A', NULL, NULL, 'http://', 0, 0, '1', 0, '2012-10-23 17:41:47', '2012-10-23 17:41:47'),
(854, 105, 1, 1, 4, 'tuuuu', 'Hp', NULL, NULL, 'http://', 0, 0, '1', 0, '2012-10-23 17:41:47', '2012-10-23 17:41:47'),
(855, 105, 6, 6, 7, 'testy', 'Teat', NULL, NULL, 'http://', 0, 0, '1', 0, '2012-10-23 17:41:47', '2012-10-23 17:41:47'),
(856, 105, 0, 0, 0, 'hhh', 'Hhh', NULL, NULL, 'http://', 0, 0, '1', 0, '2012-10-23 17:41:47', '2012-10-23 17:41:47'),
(857, 105, 6, 6, 7, 'jsx', 'Nsjd', NULL, NULL, 'http://', 0, 0, '1', 0, '2012-10-23 17:41:47', '2012-10-23 17:41:47'),
(858, 105, 1, 1, 4, 'kdjd', 'Hdd', NULL, NULL, 'http://', 0, 0, '1', 0, '2012-10-23 17:41:47', '2012-10-23 17:41:47'),
(859, 105, 0, 0, 0, 'md', 'Nxx', NULL, NULL, 'http://', 0, 0, '1', 0, '2012-10-23 17:41:47', '2012-10-23 17:41:47'),
(860, 105, 6, 6, 7, 'jd', 'Xc', NULL, NULL, 'http://', 0, 0, '1', 0, '2012-10-23 17:41:47', '2012-10-23 17:41:47'),
(861, 105, 0, 0, 0, 'hdx', 'Bxhdjc', NULL, NULL, 'http://', 0, 0, '1', 0, '2012-10-23 17:41:47', '2012-10-23 17:41:47'),
(862, 105, 0, 0, 0, 'bzhz', 'Zbbx', NULL, NULL, 'http://', 0, 0, '1', 0, '2012-10-23 17:41:47', '2012-10-23 17:41:47'),
(863, 105, 6, 6, 7, 'dan', 'New employee', NULL, NULL, 'http://', 0, 0, '1', 0, '2012-10-23 17:41:47', '2012-10-23 17:41:47'),
(864, 105, 0, 0, 0, 'vcxc', 'Vccb', NULL, NULL, 'http://', 0, 0, '1', 0, '2012-10-23 17:41:47', '2012-10-23 17:41:47'),
(865, 105, 0, 0, 0, 'jzhd', 'Jsjd', NULL, NULL, 'http://', 0, 0, '1', 0, '2012-10-23 17:41:47', '2012-10-23 17:41:47'),
(866, 105, 0, 0, 0, 'zonbkz', 'Obzvia', NULL, NULL, 'http://', 0, 0, '1', 0, '2012-10-23 17:41:47', '2012-10-23 17:41:47'),
(867, 105, 0, 0, 0, 'lsndb', 'Bzhx', NULL, NULL, 'http://', 1, 0, '1', 0, '2012-10-23 17:41:47', '2012-10-23 17:41:47'),
(868, 105, 1, 1, 3, 'fcc ', 'Vcxcn', NULL, NULL, 'http://', 0, 0, '1', 0, '2012-10-23 17:41:47', '2012-10-23 17:41:47'),
(869, 105, 6, 6, 7, 'jdjf', 'Hdhd', NULL, NULL, 'http://', 0, 0, '1', 0, '2012-10-23 17:41:47', '2012-10-23 17:41:47'),
(870, 105, 0, 0, 0, 'vf', 'Cg', NULL, NULL, 'http://', 0, 0, '1', 0, '2012-10-23 17:41:47', '2012-10-23 17:41:47'),
(871, 105, 0, 0, 0, 'vg', 'Vh', NULL, NULL, 'http://', 0, 0, '1', 0, '2012-10-23 17:41:47', '2012-10-23 17:41:47'),
(872, 105, 0, 0, 0, 'zios', 'HHz', NULL, NULL, 'http://', 0, 0, '1', 0, '2012-10-23 17:41:47', '2012-10-23 17:41:47'),
(873, 105, 0, 0, 0, 'jxhx', 'Zhbx', NULL, NULL, 'http://', 0, 0, '1', 0, '2012-10-23 17:41:47', '2012-10-23 17:41:47'),
(874, 65, 1, 1, 1, 'asda', 'asasada', NULL, NULL, '', 0, 0, '1', 0, '2012-10-23 17:41:47', '2012-10-23 17:41:47'),
(875, 105, 6, 6, 7, 'ndjd', 'Jdbbc', NULL, NULL, 'http://', 0, 0, '1', 0, '2012-10-23 17:41:47', '2012-10-23 17:41:47'),
(876, 105, 6, 6, 7, 'jxxj', 'Hxhx', NULL, NULL, 'http://', 0, 0, '1', 0, '2012-10-23 17:41:47', '2012-10-23 17:41:47'),
(877, 105, 0, 0, 0, 'znjz', 'Bsbd', NULL, NULL, 'http://', 0, 0, '1', 0, '2012-10-23 17:41:47', '2012-10-23 17:41:47'),
(878, 105, 0, 0, 0, 'cf', 'Ff', NULL, NULL, 'http://', 0, 0, '1', 0, '2012-10-23 17:41:47', '2012-10-23 17:41:47'),
(879, 105, 0, 0, 0, 'skjd', 'Bxhx', NULL, NULL, 'http://', 0, 0, '1', 0, '2012-10-23 17:41:47', '2012-10-23 17:41:47'),
(880, 105, 0, 0, 0, 'x x', 'Bxhx', NULL, NULL, 'http://', 0, 0, '1', 0, '2012-10-23 17:41:47', '2012-10-23 17:41:47'),
(881, 105, 0, 0, 0, 'zbx', 'Xbbx', NULL, NULL, 'http://', 0, 0, '1', 0, '2012-10-23 17:41:47', '2012-10-23 17:41:47'),
(882, 105, 0, 0, 0, 'jzhzh', 'Bzhzhx', NULL, NULL, 'http://', 0, 0, '1', 0, '2012-10-23 17:41:47', '2012-10-23 17:41:47'),
(883, 105, 0, 0, 0, 'hshgd', 'Bshxhd', NULL, NULL, 'http://', 0, 0, '1', 0, '2012-10-23 17:41:47', '2012-10-23 17:41:47'),
(884, 105, 0, 0, 0, 'shud', 'Hxhx', NULL, NULL, 'http://', 0, 0, '1', 0, '2012-10-23 17:41:47', '2012-10-23 17:41:47'),
(885, 105, 1, 1, 3, 'ye', 'Yeeee', NULL, NULL, 'http://', 0, 0, '1', 0, '2012-10-23 17:41:47', '2012-10-23 17:41:47'),
(886, 105, 1, 1, 3, 'chanchan', 'Chan', NULL, NULL, 'http://', 1, 0, '1', 0, '2012-10-23 17:41:47', '2012-10-23 17:41:47'),
(887, 105, 0, 0, 0, 'channn', 'Channnn', NULL, NULL, 'http://', 0, 0, '1', 0, '2012-10-23 17:41:47', '2012-10-23 17:41:47'),
(888, 83, 6, 6, 7, 'くまちゃんず', 'クアラルンプールだったかなー？', NULL, NULL, 'http://', 0, 0, '1', 0, '2012-10-23 17:41:47', '2012-10-23 17:41:47'),
(889, 83, 6, 6, 7, 'more try', 'なんでー？', NULL, NULL, 'http://', 0, 0, '1', 0, '2012-10-23 17:41:47', '2012-10-23 17:41:47'),
(890, 127, 6, 6, 7, 'マイナビのあっちゃん', 'ソロでもがんばれー', NULL, NULL, 'http://', 1, 0, '1', 0, '2012-10-23 17:41:47', '2012-10-23 17:41:47'),
(891, 83, 1, 1, 3, 'ともちん', 'ヨーカドー', NULL, NULL, 'http://', 0, 0, '1', 0, '2012-10-23 17:41:47', '2012-10-23 17:41:47');
INSERT INTO `dtb_item` (`id`, `member_id`, `genre_id`, `category_id`, `sub_category_id`, `item_name`, `content`, `image_url`, `thumb_url`, `buy_url`, `likes`, `reports`, `memo`, `disp_flag`, `create_date`, `update_date`) VALUES
(892, 83, 1, 1, 4, 'こじはる', 'こじはるるー', NULL, NULL, 'http://', 0, 0, '1', 0, '2012-10-23 17:41:47', '2012-10-23 17:41:47'),
(893, 127, 6, 6, 7, 'テスト', 'コメント', NULL, NULL, 'http://aaa', 1, 0, '1', 0, '2012-10-23 17:41:47', '2012-10-23 17:41:47'),
(894, 127, 6, 6, 7, 'a', 'A', NULL, NULL, 'http://', 0, 0, '1', 0, '2012-10-23 17:41:47', '2012-10-23 17:41:47'),
(895, 40, 1, 1, 4, '鉈かな', 'ぬかなや 霊屋な 多生に', NULL, NULL, 'http://', 0, 0, '1', 0, '2012-10-23 17:41:47', '2012-10-23 17:41:47'),
(896, 1, 3, 3, 3, 'adad', 'asdadsa', NULL, NULL, '', 1, 0, '1', 0, '2012-10-23 17:41:47', '2012-10-23 17:41:47'),
(897, 1, 3, 3, 3, 'asdas', 'asdad', NULL, NULL, '', 1, 0, '1', 0, '2012-10-23 17:41:47', '2012-10-23 17:41:47'),
(898, 40, 10, 7, 17, 'なな', 'かかかぅき', NULL, NULL, 'http://', 0, 0, '1', 0, '2012-10-23 17:41:47', '2012-10-23 17:41:47'),
(899, 40, 8, 7, 14, 'ななな', 'けぇけ', NULL, NULL, 'http://', 0, 0, '1', 0, '2012-10-23 17:41:47', '2012-10-23 17:41:47'),
(900, 40, 10, 7, 18, 'gk', 'く', NULL, NULL, 'http://', 0, 0, '1', 0, '2012-10-23 17:41:47', '2012-10-23 17:41:47'),
(901, 40, 9, 7, 15, 'hehe', 'Haha', NULL, NULL, 'http://', 0, 0, '1', 0, '2012-10-23 17:41:47', '2012-10-23 17:41:47'),
(902, 40, 11, 10, 19, 'なまな', 'ななななななまままーーーー', NULL, NULL, 'http://', 0, 0, '1', 0, '2012-10-23 17:41:47', '2012-10-23 17:41:47'),
(903, 40, 6, 6, 8, 'bxk', 'jfkf', NULL, NULL, 'http://', 0, 0, '1', 0, '2012-10-23 17:41:47', '2012-10-23 17:41:47'),
(904, 40, 0, 0, 0, 'cy', 'Bhu', NULL, NULL, 'http://', 0, 0, '1', 0, '2012-10-23 17:41:47', '2012-10-23 17:41:47'),
(905, 40, 0, 0, 0, 'haha', 'Shzusu', NULL, NULL, 'http://', 0, 0, '1', 0, '2012-10-23 17:41:47', '2012-10-23 17:41:47'),
(906, 40, 0, 0, 0, 'hz', 'Gsyx', NULL, NULL, 'http://', 0, 0, '1', 0, '2012-10-23 17:41:47', '2012-10-23 17:41:47'),
(907, 40, 0, 0, 0, 'hdhd', 'Ss', NULL, NULL, 'http://', 0, 0, '1', 0, '2012-10-23 17:41:47', '2012-10-23 17:41:47'),
(908, 40, 0, 0, 0, 'bai', 'Nai', NULL, NULL, 'http://', 0, 0, '1', 0, '2012-10-23 17:41:47', '2012-10-23 17:41:47'),
(909, 40, 0, 0, 0, 'ja', 'Jaj', NULL, NULL, 'http://', 0, 0, '1', 0, '2012-10-23 17:41:47', '2012-10-23 17:41:47'),
(910, 40, 0, 0, 0, 'sc', 'Vh', NULL, NULL, 'http://', 0, 0, '1', 0, '2012-10-23 17:41:47', '2012-10-23 17:41:47'),
(911, 40, 0, 0, 0, 'bbz', 'Bahdh', NULL, NULL, 'http://', 0, 0, '1', 0, '2012-10-23 17:41:47', '2012-10-23 17:41:47'),
(912, 40, 6, 6, 9, 'hahahah', 'Hahaha', NULL, NULL, 'http://', 0, 0, '1', 0, '2012-10-23 17:41:47', '2012-10-23 17:41:47'),
(913, 40, 0, 0, 0, 'tee', 'Ass', NULL, NULL, 'http://', 0, 0, '1', 0, '2012-10-23 17:41:47', '2012-10-23 17:41:47'),
(914, 40, 0, 0, 0, 'bb', 'Hdd', NULL, NULL, 'http://', 0, 0, '1', 0, '2012-10-23 17:41:47', '2012-10-23 17:41:47'),
(915, 40, 0, 0, 0, 'combine', 'Kom', NULL, NULL, 'http://', 0, 0, '1', 0, '2012-10-23 17:41:47', '2012-10-23 17:41:47'),
(916, 40, 0, 0, 0, 'ja', 'Jaja', NULL, NULL, 'http://', 0, 0, '1', 0, '2012-10-23 17:41:47', '2012-10-23 17:41:47'),
(917, 40, 0, 0, 0, 'cbnx', 'Dhhd', NULL, NULL, 'http://', 0, 0, '1', 0, '2012-10-23 17:41:47', '2012-10-23 17:41:47'),
(918, 40, 0, 0, 0, 'jsd', 'Hdhd', NULL, NULL, 'http://', 0, 0, '1', 0, '2012-10-23 17:41:47', '2012-10-23 17:41:47'),
(919, 40, 0, 0, 0, 'jdid', 'Hahsu', NULL, NULL, 'http://', 0, 0, '1', 0, '2012-10-23 17:41:47', '2012-10-23 17:41:47'),
(920, 40, 0, 0, 0, 'jsid', 'Hdisic', NULL, NULL, 'http://', 0, 0, '1', 0, '2012-10-23 17:41:47', '2012-10-23 17:41:47'),
(921, 40, 0, 0, 0, 'Ha', 'Ha', NULL, NULL, 'http://', 0, 0, '1', 0, '2012-10-23 17:41:47', '2012-10-23 17:41:47'),
(922, 40, 0, 0, 0, 'hdhd', 'Hxhxu', NULL, NULL, 'http://', 0, 0, '1', 0, '2012-10-23 17:41:47', '2012-10-23 17:41:47'),
(923, 0, 0, 0, 0, 'item_name', 'content', NULL, NULL, 'buy_url', 0, 0, '0', 0, '2012-10-23 17:41:47', '2012-10-23 17:41:47'),
(924, 40, 0, 0, 0, 'bs', 'Shz', NULL, NULL, 'http://', 0, 0, '1', 0, '2012-10-23 17:41:47', '2012-10-23 17:41:47'),
(925, 40, 6, 6, 9, 'haha', 'Haha', NULL, NULL, 'http://', 0, 0, '1', 0, '2012-10-23 17:41:47', '2012-10-23 17:41:47'),
(926, 127, 7, 7, 11, '上からマリコ', 'PV泣ける', NULL, NULL, 'http://', 0, 0, '1', 0, '2012-10-23 17:41:47', '2012-10-23 17:41:47'),
(927, 83, 11, 10, 19, 'ともちん', 'ともちんは、野菜のとき、ナスだよ！', NULL, NULL, 'http://www.akb48.co.jp', 0, 0, '1', 0, '2012-10-23 17:41:47', '2012-10-23 17:41:47'),
(928, 83, 7, 7, 11, 'ぶにゃ', 'たろう', NULL, NULL, 'http://buzoo.jp', 43, 0, '1', 0, '2012-10-23 17:41:47', '2012-10-23 17:41:47'),
(929, 40, 6, 6, 9, '旗な対応', 'きかたかた', NULL, NULL, 'http://', 0, 0, '1', 0, '2012-10-23 17:41:47', '2012-10-23 17:41:47'),
(930, 1, 0, 1, 2, 'かかkだskだsdkアsダsッワワワアワ', 'アsダjksダsdjカsdjカあsだあw打d', NULL, NULL, '', 0, 0, '1', 0, '2012-10-23 17:41:47', '2012-10-23 17:41:47'),
(931, 40, 0, 0, 0, 'さな', 'なたかなか', NULL, NULL, 'http://', 0, 0, '1', 0, '2012-10-23 17:41:47', '2012-10-23 17:41:47'),
(932, 40, 6, 6, 10, 'なた', 'なたに', NULL, NULL, 'http://', 0, 0, '1', 0, '2012-10-23 17:41:47', '2012-10-23 17:41:47'),
(933, 40, 0, 0, 0, 'やた', 'やたひ', NULL, NULL, 'http://', 0, 0, '1', 0, '2012-10-23 17:41:47', '2012-10-23 17:41:47'),
(934, 40, 0, 0, 0, 'やた', 'はたはま', NULL, NULL, 'http://', 0, 0, '1', 0, '2012-10-23 17:41:47', '2012-10-23 17:41:47'),
(935, 40, 6, 6, 9, 'ラダは昌也なたは', 'たらたは', NULL, NULL, 'http://', 0, 0, '1', 0, '2012-10-23 17:41:47', '2012-10-23 17:41:47'),
(936, 40, 6, 6, 9, 'リバース', 'にねまさ', NULL, NULL, 'http://', 0, 0, '1', 0, '2012-10-23 17:41:47', '2012-10-23 17:41:47'),
(937, 40, 9, 7, 16, 'なはま', 'はまざ', NULL, NULL, 'http://', 0, 0, '1', 0, '2012-10-23 17:41:47', '2012-10-23 17:41:47'),
(938, 40, 7, 7, 11, 'huなた', 'Jxjd', NULL, NULL, 'http://', 0, 0, '1', 0, '2012-10-23 17:41:47', '2012-10-23 17:41:47'),
(939, 40, 6, 6, 8, 'なかなか', 'やさ', NULL, NULL, 'http://', 0, 0, '1', 0, '2012-10-23 17:41:47', '2012-10-23 17:41:47'),
(940, 40, 6, 6, 9, 'ゆなな', 'やなか', NULL, NULL, 'http://', 0, 0, '1', 0, '2012-10-23 17:41:47', '2012-10-23 17:41:47'),
(941, 40, 6, 6, 10, 'はま', 'たはま', NULL, NULL, 'http://', 0, 0, '1', 0, '2012-10-23 17:41:47', '2012-10-23 17:41:47'),
(942, 40, 7, 7, 12, 'なた', 'まはま', NULL, NULL, 'http://', 0, 0, '1', 0, '2012-10-23 17:41:47', '2012-10-23 17:41:47'),
(943, 40, 0, 0, 0, 'ハマは', 'たらまは', NULL, NULL, 'http://', 0, 0, '1', 0, '2012-10-23 17:41:47', '2012-10-23 17:41:47'),
(944, 40, 7, 7, 12, 'たはさま', 'なたはま', NULL, NULL, 'http://', 0, 0, '1', 0, '2012-10-23 17:41:47', '2012-10-23 17:41:47'),
(945, 40, 8, 7, 13, 'jd', 'Jfjd', NULL, NULL, 'http://', 0, 0, '1', 0, '2012-10-23 17:41:47', '2012-10-23 17:41:47'),
(946, 40, 6, 6, 9, 'ghj', 'Gjj', NULL, NULL, 'http://', 0, 0, '1', 0, '2012-10-23 17:41:47', '2012-10-23 17:41:47'),
(947, 40, 6, 6, 8, 'xh', 'Nx', NULL, NULL, 'http://', 0, 0, '1', 0, '2012-10-23 17:41:47', '2012-10-23 17:41:47'),
(948, 40, 6, 6, 8, 'jdd', 'Jdjd', NULL, NULL, 'http://', 0, 0, '1', 0, '2012-10-23 17:41:47', '2012-10-23 17:41:47'),
(949, 40, 6, 6, 8, 'jdd', 'Jdjd', NULL, NULL, 'http://', 1, 0, '1', 0, '2012-10-23 17:41:47', '2012-10-23 17:41:47'),
(950, 40, 8, 7, 13, 'ccd', 'Vhfg', NULL, NULL, 'http://', 0, 0, '1', 0, '2012-10-23 17:41:47', '2012-10-23 17:41:47'),
(951, 40, 0, 0, 0, 'jdjx', 'Xjdj', NULL, NULL, 'http://', 0, 0, '1', 0, '2012-10-23 17:41:47', '2012-10-23 17:41:47'),
(952, 40, 8, 7, 13, 'hz', 'Xh', NULL, NULL, 'http://', 0, 0, '1', 0, '2012-10-23 17:41:47', '2012-10-23 17:41:47'),
(953, 40, 9, 7, 16, 'udud', 'Ydf', NULL, NULL, 'http://', 0, 0, '1', 0, '2012-10-23 17:41:47', '2012-10-23 17:41:47'),
(954, 40, 10, 7, 18, 'zhxu', 'Bxhx', NULL, NULL, 'http://', 0, 0, '1', 0, '2012-10-23 17:41:47', '2012-10-23 17:41:47'),
(955, 40, 7, 7, 12, 'cc', ' Xf', NULL, NULL, 'http://', 0, 0, '1', 0, '2012-10-23 17:41:47', '2012-10-23 17:41:47'),
(956, 40, 7, 7, 12, 'cc', ' Xf', NULL, NULL, 'http://', 0, 0, '1', 0, '2012-10-23 17:41:47', '2012-10-23 17:41:47'),
(957, 40, 0, 0, 0, 'jd', 'Hdf', NULL, NULL, 'http://', 0, 0, '1', 0, '2012-10-23 17:41:47', '2012-10-23 17:41:47'),
(958, 40, 0, 0, 0, 'jd', 'Uss', NULL, NULL, 'http://', 0, 0, '1', 0, '2012-10-23 17:41:47', '2012-10-23 17:41:47'),
(959, 40, 0, 0, 0, 'x', 'Xjx', NULL, NULL, 'http://', 0, 0, '1', 0, '2012-10-23 17:41:47', '2012-10-23 17:41:47'),
(960, 40, 8, 7, 13, 'nxjz', 'Hd', NULL, NULL, 'http://', 0, 0, '1', 0, '2012-10-23 17:41:47', '2012-10-23 17:41:47'),
(961, 40, 6, 6, 10, 'zk', 'Ns', NULL, NULL, 'http://', 0, 0, '1', 0, '2012-10-23 17:41:47', '2012-10-23 17:41:47'),
(962, 40, 0, 0, 0, 'ud', 'Sh', NULL, NULL, 'http://', 0, 0, '1', 0, '2012-10-23 17:41:47', '2012-10-23 17:41:47'),
(963, 40, 0, 0, 0, 'vg', 'Xbx', NULL, NULL, 'http://', 0, 0, '1', 0, '2012-10-23 17:41:47', '2012-10-23 17:41:47'),
(964, 40, 6, 6, 10, 'xhz', 'Bzs', NULL, NULL, 'http://', 0, 0, '1', 0, '2012-10-23 17:41:47', '2012-10-23 17:41:47'),
(965, 40, 0, 0, 0, 'nx', 'Bx', NULL, NULL, 'http://', 0, 0, '1', 0, '2012-10-23 17:41:47', '2012-10-23 17:41:47'),
(966, 40, 7, 7, 11, 'xnjx', 'Ndjd', NULL, NULL, 'http://', 0, 0, '1', 0, '2012-10-23 17:41:47', '2012-10-23 17:41:47'),
(967, 40, 0, 0, 0, 'x', 'Hx', NULL, NULL, 'http://', 1, 0, '1', 0, '2012-10-23 17:41:47', '2012-10-23 17:41:47'),
(968, 40, 0, 0, 0, 'hs', 'Gsd', NULL, NULL, 'http://', 0, 0, '1', 0, '2012-10-23 17:41:47', '2012-10-23 17:41:47'),
(969, 40, 7, 7, 11, 'nzjx', 'Jd', NULL, NULL, 'http://', 0, 0, '1', 0, '2012-10-23 17:41:47', '2012-10-23 17:41:47'),
(970, 40, 0, 0, 0, 'ff', 'Cgg', NULL, NULL, 'http://', 0, 0, '1', 0, '2012-10-23 17:41:47', '2012-10-23 17:41:47'),
(971, 40, 0, 0, 0, 'zkz', 'Jx', NULL, NULL, 'http://', 0, 0, '1', 0, '2012-10-23 17:41:47', '2012-10-23 17:41:47'),
(972, 40, 0, 0, 0, 'sks', 'Jdd', NULL, NULL, 'http://', 0, 0, '1', 0, '2012-10-23 17:41:47', '2012-10-23 17:41:47'),
(973, 40, 0, 0, 0, 'bx', 'Gd', NULL, NULL, 'http://', 0, 0, '1', 0, '2012-10-23 17:41:47', '2012-10-23 17:41:47'),
(974, 105, 0, 0, 0, 'gshs', ' Dbdj', NULL, NULL, 'http://', 0, 0, '1', 0, '2012-10-23 17:41:47', '2012-10-23 17:41:47'),
(975, 105, 0, 0, 0, 'zhzj', 'Hdhd', NULL, NULL, 'http://', 0, 0, '1', 0, '2012-10-23 17:41:47', '2012-10-23 17:41:47'),
(976, 105, 8, 7, 13, 'zixjix', 'Bznxn', NULL, NULL, 'http://', 0, 0, '1', 0, '2012-10-23 17:41:47', '2012-10-23 17:41:47'),
(977, 105, 6, 6, 8, 'hdis', 'Tesy', NULL, NULL, 'http://', 0, 0, '1', 0, '2012-10-23 17:41:47', '2012-10-23 17:41:47'),
(978, 105, 7, 7, 12, 'bs', 'Ba', NULL, NULL, 'http://', 0, 0, '1', 0, '2012-10-23 17:41:47', '2012-10-23 17:41:47'),
(979, 105, 6, 6, 8, 'sjs', 'Bshs', NULL, NULL, 'http://', 0, 0, '1', 0, '2012-10-23 17:41:47', '2012-10-23 17:41:47'),
(980, 105, 10, 7, 17, 'tes', 'Tes', NULL, NULL, 'http://', 0, 0, '1', 0, '2012-10-23 17:41:47', '2012-10-23 17:41:47'),
(981, 105, 6, 6, 10, 'hshx', 'Vshxh', NULL, NULL, 'http://', 0, 0, '1', 0, '2012-10-23 17:41:47', '2012-10-23 17:41:47'),
(982, 105, 9, 7, 16, 'haha', 'Jaha', NULL, NULL, 'http://', 0, 0, '1', 0, '2012-10-23 17:41:47', '2012-10-23 17:41:47'),
(983, 105, 6, 6, 10, 'cd', 'Fh', NULL, NULL, 'http://', 0, 0, '1', 0, '2012-10-23 17:41:47', '2012-10-23 17:41:47'),
(984, 105, 6, 6, 9, 'wqe', 'Q', NULL, NULL, 'http://', 0, 0, '1', 0, '2012-10-23 17:41:47', '2012-10-23 17:41:47'),
(985, 105, 6, 6, 8, 'xd', 'F', NULL, NULL, 'http://', 0, 0, '1', 0, '2012-10-23 17:41:47', '2012-10-23 17:41:47'),
(986, 105, 6, 6, 9, '肉なたなた', 'なてたらた', NULL, NULL, 'http://', 0, 0, '1', 0, '2012-10-23 17:41:47', '2012-10-23 17:41:47'),
(987, 105, 6, 6, 10, 'らたはた', 'やたらまら', NULL, NULL, 'http://', 0, 0, '1', 0, '2012-10-23 17:41:47', '2012-10-23 17:41:47'),
(988, 40, 9, 7, 15, 'きた', 'はた', NULL, NULL, 'http://', 0, 0, '1', 0, '2012-10-23 17:41:47', '2012-10-23 17:41:47'),
(989, 119, 6, 6, 9, 'gd', 'Cj', NULL, NULL, 'http://', 0, 0, '1', 0, '2012-10-23 17:41:47', '2012-10-23 17:41:47'),
(990, 65, 6, 6, 9, 'aaaaa', 'Aaaaa', NULL, NULL, 'http://', 0, 0, '1', 0, '2012-10-23 17:41:47', '2012-10-23 17:41:47'),
(991, 119, 6, 6, 8, 'fggh', 'Fhhjdd', NULL, NULL, 'http://', 0, 0, '1', 0, '2012-10-23 17:41:47', '2012-10-23 17:41:47'),
(992, 105, 6, 6, 10, 'mzkx', 'Nzx', NULL, NULL, 'http://', 0, 0, '1', 0, '2012-10-23 17:41:47', '2012-10-23 17:41:47'),
(993, 105, 6, 6, 10, 'xhzvzh', 'Hxz', NULL, NULL, 'http://', 0, 0, '1', 0, '2012-10-23 17:41:47', '2012-10-23 17:41:47'),
(994, 105, 6, 6, 9, 'hhchc', 'Zbxh', NULL, NULL, 'http://', 0, 0, '1', 0, '2012-10-23 17:41:47', '2012-10-23 17:41:47'),
(995, 119, 8, 7, 14, 'tet', 'Test', NULL, NULL, 'http://', 0, 0, '1', 0, '2012-10-23 17:41:47', '2012-10-23 17:41:47'),
(996, 119, 6, 6, 10, 'najx', 'Gad', NULL, NULL, 'http://', 0, 0, '1', 0, '2012-10-23 17:41:47', '2012-10-23 17:41:47'),
(997, 119, 7, 7, 11, 'jschah', 'Hdhx', NULL, NULL, 'http://', 0, 0, '1', 0, '2012-10-23 17:41:47', '2012-10-23 17:41:47'),
(998, 119, 6, 6, 9, 'test', 'Yeat', NULL, NULL, 'http://', 0, 0, '1', 0, '2012-10-23 17:41:47', '2012-10-23 17:41:47'),
(999, 105, 7, 7, 11, 'te', 'Fshx', NULL, NULL, 'http://', 0, 0, '1', 0, '2012-10-23 17:41:47', '2012-10-23 17:41:47'),
(1000, 105, 11, 10, 19, 'se', 'Vtbh', NULL, NULL, 'http://', 0, 0, '1', 0, '2012-10-23 17:41:47', '2012-10-23 17:41:47'),
(1001, 83, 8, 7, 14, 'test', 'Testちゅう', NULL, NULL, 'www.ske48.co.jp', 1, 0, '1', 0, '2012-10-23 17:41:47', '2012-10-23 17:41:47'),
(1002, 105, 6, 6, 10, 'hah', 'Haha', NULL, NULL, 'http://', 0, 0, '1', 0, '2012-10-23 17:41:47', '2012-10-23 17:41:47'),
(1003, 83, 14, 8, 24, 'aas', 'Ddd', NULL, NULL, 'http://', 0, 0, '1', 0, '2012-10-23 17:41:47', '2012-10-23 17:41:47'),
(1004, 142, 11, 10, 20, 'r', 'R', NULL, NULL, 'http://', 0, 0, '1', 0, '2012-10-23 17:41:47', '2012-10-23 17:41:47'),
(1005, 146, 10, 7, 17, 'r', 'R', NULL, NULL, 'http://', 1, 0, '1', 0, '2012-10-23 17:41:47', '2012-10-23 17:41:47'),
(1006, 0, 0, 0, 0, 'item_name', 'content', NULL, NULL, 'buy_url', 0, 0, '0', 0, '2012-10-23 17:41:47', '2012-10-23 17:41:47'),
(1007, 1, 1, 1, 1, 'akb48', 'akb48', NULL, NULL, 'akb48', 16, 0, '1', 0, '2012-10-23 17:41:47', '2012-10-23 17:41:47'),
(1008, 1, 1, 1, 1, 'ske48', 'ske48', NULL, NULL, 'ske48', 16, 0, '1', 0, '2012-10-23 17:41:47', '2012-10-23 17:41:47'),
(1009, 0, 0, 0, 0, 'item_name', 'content', NULL, NULL, 'buy_url', 0, 0, '0', 0, '2012-10-23 17:41:47', '2012-10-23 17:41:47'),
(1010, 1, 7, 8, 14, '松井玲奈', 'ske48のかすみ草', NULL, NULL, 'www.ske48.co.jp', 121, 0, '1', 0, '2012-10-23 17:41:47', '2012-10-23 17:41:47'),
(1011, 1, 6, 12, 30, 'item tes', 'tes', NULL, NULL, '', 0, 0, '1', 0, '2012-10-23 17:41:47', '2012-10-23 17:41:47'),
(1012, 1, 6, 6, 9, 'tes item create', '', NULL, NULL, '', 0, 0, '1', 0, '2012-10-23 17:41:47', '2012-10-23 17:41:47'),
(1013, 1, 6, 11, 19, 'tes item create 2', '', NULL, NULL, '', 24, 0, '1', 0, '2012-10-23 17:41:47', '2012-10-23 17:41:47'),
(1014, 1, 7, 7, 12, 'かわいいりっちゃん', 'cawaii!!!!', NULL, NULL, '', 24, 0, '1', 0, '2012-10-23 17:41:47', '2012-10-23 17:41:47'),
(1015, 1, 10, 18, 32, 'かわいいれなちゃん', 'れなれな', NULL, NULL, '', 2, 0, '1', 0, '2012-10-23 17:41:47', '2012-10-23 17:41:47'),
(1016, 1, 7, 10, 17, 'プードル１', 'cawaiiプードル', NULL, NULL, '', 24, 0, '1', 0, '2012-10-23 17:41:47', '2012-10-23 17:41:47'),
(1017, 1, 8, 13, 23, 'ぶたた', 'ぶー', NULL, NULL, '', 13, 0, '1', 0, '2012-10-23 17:41:47', '2012-10-23 17:41:47'),
(1018, 83, 8, 7, 14, 'd', 'Db', NULL, NULL, 'http://', 0, 0, '1', 0, '2012-10-23 17:41:47', '2012-10-23 17:41:47'),
(1019, 127, 6, 6, 8, 'あ', 'あ', NULL, NULL, 'http://', 0, 0, '1', 0, '2012-10-23 17:41:47', '2012-10-23 17:41:47'),
(1020, 40, 6, 6, 8, 'dhgg', 'Chhg', NULL, NULL, 'http://', 0, 0, '1', 0, '2012-10-23 17:41:47', '2012-10-23 17:41:47'),
(1021, 40, 8, 7, 13, 'hsha', 'Haha', NULL, NULL, 'http://', 0, 0, '1', 0, '2012-10-23 17:41:47', '2012-10-23 17:41:47'),
(1022, 40, 6, 6, 10, 'ta', 'Tta', NULL, NULL, 'http://', 0, 0, '1', 0, '2012-10-23 17:41:47', '2012-10-23 17:41:47'),
(1023, 40, 6, 6, 9, 'sisjs', 'Nhzjsj', NULL, NULL, 'http://', 0, 0, '1', 0, '2012-10-23 17:41:47', '2012-10-23 17:41:47'),
(1024, 40, 8, 7, 14, 'cs', 'Ch', NULL, NULL, 'http://', 0, 0, '1', 0, '2012-10-23 17:41:47', '2012-10-23 17:41:47'),
(1025, 40, 13, 8, 22, 'yeat', 'Tesy', NULL, NULL, 'http://', 0, 0, '1', 0, '2012-10-23 17:41:47', '2012-10-23 17:41:47'),
(1026, 40, 6, 6, 8, 'gihjvh', 'Hjjh', NULL, NULL, 'http://', 0, 0, '1', 0, '2012-10-23 17:41:47', '2012-10-23 17:41:47'),
(1027, 40, 6, 6, 10, 'hjgg', 'Gfff', NULL, NULL, 'http://', 0, 0, '1', 0, '2012-10-23 17:41:47', '2012-10-23 17:41:47'),
(1028, 40, 10, 7, 17, 'vii', 'Vhj', NULL, NULL, 'http://', 0, 0, '1', 0, '2012-10-23 17:41:47', '2012-10-23 17:41:47'),
(1029, 40, 8, 7, 14, 'Dufan', 'Dufannn', NULL, NULL, 'http://', 1, 0, '1', 0, '2012-10-23 17:41:47', '2012-10-23 17:41:47'),
(1030, 40, 9, 7, 16, 'gsus', 'Bbxh', NULL, NULL, 'http://', 0, 0, '1', 0, '2012-10-23 17:41:47', '2012-10-23 17:41:47'),
(1031, 40, 7, 7, 11, 'zkjz', 'Hshsh', NULL, NULL, 'http://', 1, 0, '1', 0, '2012-10-23 17:41:47', '2012-10-23 17:41:47'),
(1032, 40, 8, 7, 13, 'jdjx', 'Hxbx', NULL, NULL, 'http://', 0, 0, '1', 0, '2012-10-23 17:41:47', '2012-10-23 17:41:47'),
(1033, 40, 9, 7, 15, 'jsjs', 'Bsbsh', NULL, NULL, 'http://', 0, 0, '1', 0, '2012-10-23 17:41:47', '2012-10-23 17:41:47'),
(1034, 66, 13, 8, 21, 'jxjc', 'Hxhxhucc', NULL, NULL, 'http://', 0, 0, '1', 0, '2012-10-23 17:41:47', '2012-10-23 17:41:47'),
(1035, 66, 7, 7, 11, 'gshz', 'Hzhdj', NULL, NULL, 'http://', 0, 0, '1', 0, '2012-10-23 17:41:47', '2012-10-23 17:41:47'),
(1036, 66, 6, 6, 9, 'gsz', 'Hzh', NULL, NULL, 'http://', 0, 0, '1', 0, '2012-10-23 17:41:47', '2012-10-23 17:41:47'),
(1037, 40, 11, 10, 20, 'isiz', 'Jzbzj', NULL, NULL, 'http://', 0, 0, '1', 0, '2012-10-23 17:41:47', '2012-10-23 17:41:47'),
(1038, 40, 6, 6, 10, 'jUz', 'Hhzh', NULL, NULL, 'http://', 0, 0, '1', 0, '2012-10-23 17:41:47', '2012-10-23 17:41:47'),
(1039, 83, 6, 6, 9, 'r', 'F', NULL, NULL, 'http://', 0, 0, '1', 0, '2012-10-23 17:41:47', '2012-10-23 17:41:47'),
(1040, 40, 10, 7, 18, 'vzhz', 'Jsjs', NULL, NULL, 'http://', 0, 0, '1', 0, '2012-10-23 17:41:47', '2012-10-23 17:41:47'),
(1041, 83, 8, 7, 13, 'f', 'F', NULL, NULL, 'http://', 0, 0, '1', 0, '2012-10-23 17:41:47', '2012-10-23 17:41:47'),
(1042, 83, 10, 7, 17, 'ぶー', 'ぶーぶー', NULL, NULL, 'http://', 0, 0, '1', 0, '2012-10-23 17:41:47', '2012-10-23 17:41:47'),
(1043, 83, 16, 9, 26, 'あ', 'た', NULL, NULL, 'http://', 0, 0, '1', 0, '2012-10-23 17:41:47', '2012-10-23 17:41:47'),
(1044, 1, 7, 9, 33, 'eeee', 'asdasdadsa', NULL, NULL, '', 0, 0, '1', 0, '2012-10-23 17:41:47', '2012-10-23 17:41:47'),
(1045, 83, 11, 10, 20, 'な', 'とー', NULL, NULL, 'http://', 0, 0, '1', 0, '2012-10-23 17:41:47', '2012-10-23 17:41:47'),
(1046, 40, 11, 6, 34, 'hsgs', 'Bzjxjx', NULL, NULL, 'http://', 0, 0, '1', 0, '2012-10-23 17:41:47', '2012-10-23 17:41:47'),
(1047, 40, 10, 18, 35, 'znjz', 'Bzhz', NULL, NULL, 'http://', 0, 0, '1', 0, '2012-10-23 17:41:47', '2012-10-23 17:41:47'),
(1048, 83, 18, 10, 32, 'か', 'な', NULL, NULL, 'http://', 0, 0, '1', 0, '2012-10-23 17:41:47', '2012-10-23 17:41:47'),
(1049, 83, 8, 13, 21, 'あ', 'か', NULL, NULL, 'http://', 0, 0, '1', 0, '2012-10-23 17:41:47', '2012-10-23 17:41:47'),
(1050, 83, 7, 9, 15, 'あかさたなは', 'あかさたなは', NULL, NULL, 'http://', 0, 0, '1', 0, '2012-10-23 17:41:47', '2012-10-23 17:41:47'),
(1051, 0, 0, 0, 0, 'サブカテゴリID', 'アイテム名', NULL, NULL, '内容', 0, 0, '0', 0, '2012-10-23 17:41:47', '2012-10-23 17:41:47'),
(1052, 7, 1, 1, 1, '1', 'sdfdsdfs', NULL, NULL, 'sdfdsffds', 0, 0, '1', 0, '2012-10-23 17:41:47', '2012-10-23 17:41:47'),
(1053, 12, 1, 1, 1, '1', 'sdfdsdfs', NULL, NULL, 'sdfdsffds', 0, 0, '1', 0, '2012-10-23 17:41:47', '2012-10-23 17:41:47'),
(1054, 17, 1, 1, 1, '1', 'sdfdsdfs', NULL, NULL, 'sdfdsffds', 0, 0, '1', 0, '2012-10-23 17:41:47', '2012-10-23 17:41:47'),
(1055, 22, 1, 1, 1, '1', 'sdfdsdfs', NULL, NULL, 'sdfdsffds', 0, 0, '1', 0, '2012-10-23 17:41:47', '2012-10-23 17:41:47'),
(1056, 27, 1, 1, 1, '1', 'sdfdsdfs', NULL, NULL, 'sdfdsffds', 0, 0, '1', 0, '2012-10-23 17:41:47', '2012-10-23 17:41:47'),
(1057, 32, 1, 1, 1, '1', 'sdfdsdfs', NULL, NULL, 'sdfdsffds', 0, 0, '1', 0, '2012-10-23 17:41:47', '2012-10-23 17:41:47'),
(1058, 37, 9, 1, 1, '1', 'itemName', NULL, NULL, 'item desc', 0, 0, '1', 0, '2012-10-23 17:41:47', '2012-10-23 17:41:47'),
(1059, 38, 9, 1, 1, '1', 'ItemNameTest', NULL, NULL, 'desc Test', 0, 0, '1', 0, '2012-10-23 17:41:47', '2012-10-23 17:41:47'),
(1060, 39, 10, 1, 1, '2', 'miyopon', NULL, NULL, 'test', 0, 0, '1', 0, '2012-10-23 17:41:47', '2012-10-23 17:41:47'),
(1061, 40, 9, 1, 1, '1', 'ItemNameTest2', NULL, NULL, 'testing only', 0, 0, '1', 0, '2012-10-23 17:41:47', '2012-10-23 17:41:47'),
(1062, 41, 1, 2, 3, '4', 'asdasda', NULL, NULL, 'sadasd', 0, 0, '1', 0, '2012-10-23 17:41:47', '2012-10-23 17:41:47'),
(1063, 42, 1, 2, 3, '4', 'asdasda', NULL, NULL, 'sadasd', 0, 0, '1', 0, '2012-10-23 17:41:47', '2012-10-23 17:41:47'),
(1064, 43, 9, 1, 1, '1', 'itemName', NULL, NULL, 'testing only', 0, 0, '1', 0, '2012-10-23 17:41:47', '2012-10-23 17:41:47'),
(1065, 44, 1, 2, 3, '4', 'asdasda', NULL, NULL, 'sadasd', 0, 0, '1', 0, '2012-10-23 17:41:47', '2012-10-23 17:41:47'),
(1066, 45, 1, 2, 3, '4', 'asdasda', NULL, NULL, 'sadasd', 0, 0, '1', 0, '2012-10-23 17:41:47', '2012-10-23 17:41:47'),
(1067, 46, 1, 2, 3, '4', 'asdasda', NULL, NULL, 'sadasd', 0, 0, '1', 0, '2012-10-23 17:41:47', '2012-10-23 17:41:47'),
(1068, 47, 1, 2, 3, '4', 'asdasda', NULL, NULL, 'sadasd', 0, 0, '1', 0, '2012-10-23 17:41:47', '2012-10-23 17:41:47'),
(1069, 48, 1, 5, 5, '5', 'asdasda', NULL, NULL, 'sadsada', 0, 0, '1', 0, '2012-10-23 17:41:47', '2012-10-23 17:41:47'),
(1070, 49, 1, 5, 5, '5', 'asdasda', NULL, NULL, 'sadsada', 0, 0, '1', 0, '2012-10-23 17:41:47', '2012-10-23 17:41:47'),
(1071, 50, 1, 5, 5, '5', 'asdasda', NULL, NULL, 'sadsada', 0, 0, '1', 0, '2012-10-23 17:41:47', '2012-10-23 17:41:47'),
(1072, 51, 1, 5, 5, '5', 'asdasda', NULL, NULL, 'sadsada', 0, 0, '1', 0, '2012-10-23 17:41:47', '2012-10-23 17:41:47'),
(1073, 52, 1, 1, 1, '1', 'asd', NULL, NULL, 'qwe', 0, 0, '1', 0, '2012-10-23 17:41:47', '2012-10-23 17:41:47'),
(1074, 53, 1, 5, 5, '5', 'asdasda', NULL, NULL, 'sadsada', 0, 0, '1', 0, '2012-10-23 17:41:47', '2012-10-23 17:41:47'),
(1075, 56, 10, 5, 5, '5', 'test', NULL, NULL, 'test', 0, 0, '1', 0, '2012-10-23 17:41:47', '2012-10-23 17:41:47'),
(1076, 57, 10, 0, 0, '0', 'fsdfds', NULL, NULL, '', 0, 0, '1', 0, '2012-10-23 17:41:47', '2012-10-23 17:41:47'),
(1077, 58, 10, 7, 7, '7', '7', NULL, NULL, '7', 7, 0, '1', 0, '2012-10-23 17:41:47', '2012-10-23 17:41:47'),
(1078, 59, 10, 0, 0, '0', '', NULL, NULL, '', 0, 0, '1', 0, '2012-10-23 17:41:47', '2012-10-23 17:41:47'),
(1079, 60, 22, 1, 1, '1', 'ccItem', NULL, NULL, 'cc', 0, 0, '1', 0, '2012-10-23 17:41:47', '2012-10-23 17:41:47'),
(1080, 61, 1, 1, 1, '1', 'yoyoyoyo', NULL, NULL, 'aaaa', 0, 0, '1', 0, '2012-10-23 17:41:47', '2012-10-23 17:41:47'),
(1081, 62, 1, 2, 1, '1', 'asd', NULL, NULL, 'asd', 0, 0, '0', 0, '2012-10-23 17:41:47', '2012-10-23 17:41:47'),
(1082, 67, 1, 1, 1, '1', 'wwwwwwwww', NULL, NULL, '', 0, 0, '1', 0, '2012-10-23 17:41:47', '2012-10-23 17:41:47'),
(1083, 68, 1, 1, 1, '1', 'qweqwewqqeqw', NULL, NULL, '', 0, 0, '1', 0, '2012-10-23 17:41:47', '2012-10-23 17:41:47'),
(1084, 69, 65, 1, 11, '0', 'adasd', NULL, NULL, 'asdasdada', 0, 0, '1', 0, '2012-10-23 17:41:47', '2012-10-23 17:41:47'),
(1085, 70, 65, 1, 11, '0', 'adasdasdsad', NULL, NULL, 'asdasdada', 0, 0, '1', 0, '2012-10-23 17:41:47', '2012-10-23 17:41:47'),
(1086, 71, 65, 1, 11, '0', 'adasdasdsad', NULL, NULL, 'asdasdada', 0, 0, '1', 0, '2012-10-23 17:41:47', '2012-10-23 17:41:47'),
(1087, 82, 82, 1, 1, '1', 'CAWAIIIII', NULL, NULL, 'HPサポートエンジェル', 0, 0, '1', 0, '2012-10-23 17:41:47', '2012-10-23 17:41:47'),
(1088, 83, 82, 1, 1, '1', 'CAWAIIIII', NULL, NULL, 'Q', 0, 0, '1', 0, '2012-10-23 17:41:47', '2012-10-23 17:41:47'),
(1089, 86, 82, 1, 1, '1', 'CAWAIIIII', NULL, NULL, 'あ', 0, 0, '1', 0, '2012-10-23 17:41:47', '2012-10-23 17:41:47'),
(1090, 89, 102, 1, 1, '1', 'くまくま', NULL, NULL, 'おなかすいたー', 0, 0, '1', 0, '2012-10-23 17:41:47', '2012-10-23 17:41:47'),
(1091, 90, 40, 1, 1, '1', 'ffx', NULL, NULL, 'Cgcxf', 0, 0, '1', 0, '2012-10-23 17:41:47', '2012-10-23 17:41:47'),
(1092, 91, 85, 1, 1, '1', 'benito', NULL, NULL, 'Ben', 0, 0, '1', 0, '2012-10-23 17:41:47', '2012-10-23 17:41:47'),
(1093, 93, 85, 1, 1, '1', '私のコンピュータ', NULL, NULL, 'きゃあああ', 0, 0, '1', 0, '2012-10-23 17:41:47', '2012-10-23 17:41:47'),
(1094, 94, 85, 1, 1, '1', 'filter cartoon', NULL, NULL, 'Hdhx', 0, 0, '1', 0, '2012-10-23 17:41:47', '2012-10-23 17:41:47'),
(1095, 96, 106, 1, 1, '1', 'naiiit', NULL, NULL, 'Aaaaaaaaaaa', 0, 0, '1', 0, '2012-10-23 17:41:47', '2012-10-23 17:41:47'),
(1096, 97, 106, 1, 1, '1', 'ggvb', NULL, NULL, 'ゅ fvvcccccccccchyfcucuuccucucuccucucuucchcuuccucucujvcjcjvjcjcjcjjccucuhchcchjccj', 0, 0, '1', 0, '2012-10-23 17:41:47', '2012-10-23 17:41:47'),
(1097, 98, 83, 1, 1, '1', 'くまたんの彼女', NULL, NULL, 'ぶーたん', 0, 0, '1', 0, '2012-10-23 17:41:47', '2012-10-23 17:41:47'),
(1098, 103, 40, 1, 1, '1', '(^-^)/', NULL, NULL, 'やゆ', 0, 0, '1', 0, '2012-10-23 17:41:47', '2012-10-23 17:41:47'),
(1099, 114, 105, 0, 0, '0', 'aaaaaa', NULL, NULL, 'aaaaaa', 0, 0, '1', 0, '2012-10-23 17:41:47', '2012-10-23 17:41:47'),
(1100, 118, 40, 0, 0, '0', 'hutg', NULL, NULL, 'Hvv', 0, 0, '1', 0, '2012-10-23 17:41:47', '2012-10-23 17:41:47'),
(1101, 124, 127, 6, 6, '7', 'ギンガムチェック最高！', NULL, NULL, 'マニッシュだね～', 0, 0, '1', 0, '2012-10-23 17:41:47', '2012-10-23 17:41:47'),
(1102, 125, 83, 6, 6, '7', 'クリームあんみつ', NULL, NULL, 'おいしい', 0, 0, '1', 0, '2012-10-23 17:41:47', '2012-10-23 17:41:47'),
(1103, 126, 127, 0, 0, '0', 'a', NULL, NULL, 'A', 0, 0, '1', 0, '2012-10-23 17:41:47', '2012-10-23 17:41:47'),
(1104, 130, 105, 1, 1, '4', 'tuuuu', NULL, NULL, 'Hp', 0, 0, '1', 0, '2012-10-23 17:41:47', '2012-10-23 17:41:47'),
(1105, 131, 105, 6, 6, '7', 'testy', NULL, NULL, 'Teat', 0, 0, '1', 0, '2012-10-23 17:41:47', '2012-10-23 17:41:47'),
(1106, 132, 105, 0, 0, '0', 'hhh', NULL, NULL, 'Hhh', 0, 0, '1', 0, '2012-10-23 17:41:47', '2012-10-23 17:41:47'),
(1107, 137, 105, 6, 6, '7', 'jsx', NULL, NULL, 'Nsjd', 0, 0, '1', 0, '2012-10-23 17:41:47', '2012-10-23 17:41:47'),
(1108, 138, 105, 1, 1, '4', 'kdjd', NULL, NULL, 'Hdd', 0, 0, '1', 0, '2012-10-23 17:41:47', '2012-10-23 17:41:47'),
(1109, 139, 105, 0, 0, '0', 'md', NULL, NULL, 'Nxx', 0, 0, '1', 0, '2012-10-23 17:41:47', '2012-10-23 17:41:47'),
(1110, 140, 105, 6, 6, '7', 'jd', NULL, NULL, 'Xc', 0, 0, '1', 0, '2012-10-23 17:41:47', '2012-10-23 17:41:47'),
(1111, 141, 105, 0, 0, '0', 'hdx', NULL, NULL, 'Bxhdjc', 0, 0, '1', 0, '2012-10-23 17:41:47', '2012-10-23 17:41:47'),
(1112, 142, 105, 0, 0, '0', 'bzhz', NULL, NULL, 'Zbbx', 0, 0, '1', 0, '2012-10-23 17:41:47', '2012-10-23 17:41:47'),
(1113, 143, 105, 6, 6, '7', 'dan', NULL, NULL, 'New employee', 0, 0, '1', 0, '2012-10-23 17:41:47', '2012-10-23 17:41:47'),
(1114, 144, 105, 0, 0, '0', 'vcxc', NULL, NULL, 'Vccb', 0, 0, '1', 0, '2012-10-23 17:41:47', '2012-10-23 17:41:47'),
(1115, 145, 105, 0, 0, '0', 'jzhd', NULL, NULL, 'Jsjd', 0, 0, '1', 0, '2012-10-23 17:41:47', '2012-10-23 17:41:47'),
(1116, 146, 105, 0, 0, '0', 'zonbkz', NULL, NULL, 'Obzvia', 0, 0, '1', 0, '2012-10-23 17:41:47', '2012-10-23 17:41:47'),
(1117, 147, 105, 0, 0, '0', 'lsndb', NULL, NULL, 'Bzhx', 0, 0, '1', 0, '2012-10-23 17:41:47', '2012-10-23 17:41:47'),
(1118, 148, 105, 1, 1, '3', 'fcc ', NULL, NULL, 'Vcxcn', 0, 0, '1', 0, '2012-10-23 17:41:47', '2012-10-23 17:41:47'),
(1119, 149, 105, 6, 6, '7', 'jdjf', NULL, NULL, 'Hdhd', 0, 0, '1', 0, '2012-10-23 17:41:47', '2012-10-23 17:41:47'),
(1120, 150, 105, 0, 0, '0', 'vf', NULL, NULL, 'Cg', 0, 0, '1', 0, '2012-10-23 17:41:47', '2012-10-23 17:41:47'),
(1121, 151, 105, 0, 0, '0', 'vg', NULL, NULL, 'Vh', 0, 0, '1', 0, '2012-10-23 17:41:47', '2012-10-23 17:41:47'),
(1122, 152, 105, 0, 0, '0', 'zios', NULL, NULL, 'HHz', 0, 0, '1', 0, '2012-10-23 17:41:47', '2012-10-23 17:41:47'),
(1123, 153, 105, 0, 0, '0', 'jxhx', NULL, NULL, 'Zhbx', 0, 0, '1', 0, '2012-10-23 17:41:47', '2012-10-23 17:41:47'),
(1124, 154, 65, 1, 1, '1', 'asda', NULL, NULL, 'asasada', 0, 0, '1', 0, '2012-10-23 17:41:47', '2012-10-23 17:41:47'),
(1125, 155, 105, 6, 6, '7', 'ndjd', NULL, NULL, 'Jdbbc', 0, 0, '1', 0, '2012-10-23 17:41:47', '2012-10-23 17:41:47'),
(1126, 156, 105, 6, 6, '7', 'jxxj', NULL, NULL, 'Hxhx', 0, 0, '1', 0, '2012-10-23 17:41:47', '2012-10-23 17:41:47'),
(1127, 157, 105, 0, 0, '0', 'znjz', NULL, NULL, 'Bsbd', 0, 0, '1', 0, '2012-10-23 17:41:47', '2012-10-23 17:41:47'),
(1128, 158, 105, 0, 0, '0', 'cf', NULL, NULL, 'Ff', 0, 0, '1', 0, '2012-10-23 17:41:47', '2012-10-23 17:41:47'),
(1129, 159, 105, 0, 0, '0', 'skjd', NULL, NULL, 'Bxhx', 0, 0, '1', 0, '2012-10-23 17:41:47', '2012-10-23 17:41:47'),
(1130, 160, 105, 0, 0, '0', 'x x', NULL, NULL, 'Bxhx', 0, 0, '1', 0, '2012-10-23 17:41:47', '2012-10-23 17:41:47'),
(1131, 161, 105, 0, 0, '0', 'zbx', NULL, NULL, 'Xbbx', 0, 0, '1', 0, '2012-10-23 17:41:47', '2012-10-23 17:41:47'),
(1132, 162, 105, 0, 0, '0', 'jzhzh', NULL, NULL, 'Bzhzhx', 0, 0, '1', 0, '2012-10-23 17:41:47', '2012-10-23 17:41:47'),
(1133, 163, 105, 0, 0, '0', 'hshgd', NULL, NULL, 'Bshxhd', 0, 0, '1', 0, '2012-10-23 17:41:47', '2012-10-23 17:41:47'),
(1134, 164, 105, 0, 0, '0', 'shud', NULL, NULL, 'Hxhx', 0, 0, '1', 0, '2012-10-23 17:41:47', '2012-10-23 17:41:47'),
(1135, 165, 105, 1, 1, '3', 'ye', NULL, NULL, 'Yeeee', 0, 0, '1', 0, '2012-10-23 17:41:47', '2012-10-23 17:41:47'),
(1136, 166, 105, 1, 1, '3', 'chanchan', NULL, NULL, 'Chan', 0, 0, '1', 0, '2012-10-23 17:41:47', '2012-10-23 17:41:47'),
(1137, 167, 105, 0, 0, '0', 'channn', NULL, NULL, 'Channnn', 0, 0, '1', 0, '2012-10-23 17:41:47', '2012-10-23 17:41:47'),
(1138, 168, 83, 6, 6, '7', 'くまちゃんず', NULL, NULL, 'クアラルンプールだったかなー？', 0, 0, '1', 0, '2012-10-23 17:41:47', '2012-10-23 17:41:47'),
(1139, 169, 83, 6, 6, '7', 'more try', NULL, NULL, 'なんでー？', 0, 0, '1', 0, '2012-10-23 17:41:47', '2012-10-23 17:41:47'),
(1140, 170, 127, 6, 6, '7', 'マイナビのあっちゃん', NULL, NULL, 'ソロでもがんばれー', 0, 0, '1', 0, '2012-10-23 17:41:47', '2012-10-23 17:41:47'),
(1141, 171, 83, 1, 1, '3', 'ともちん', NULL, NULL, 'ヨーカドー', 0, 0, '1', 0, '2012-10-23 17:41:47', '2012-10-23 17:41:47'),
(1142, 173, 83, 1, 1, '4', 'こじはる', NULL, NULL, 'こじはるるー', 0, 0, '1', 0, '2012-10-23 17:41:47', '2012-10-23 17:41:47'),
(1143, 177, 127, 6, 6, '7', 'テスト', NULL, NULL, 'コメント', 0, 0, '1', 0, '2012-10-23 17:41:47', '2012-10-23 17:41:47'),
(1144, 178, 127, 6, 6, '7', 'a', NULL, NULL, 'A', 0, 0, '1', 0, '2012-10-23 17:41:47', '2012-10-23 17:41:47'),
(1145, 181, 40, 1, 1, '4', '鉈かな', NULL, NULL, 'ぬかなや 霊屋な 多生に', 0, 0, '1', 0, '2012-10-23 17:41:47', '2012-10-23 17:41:47'),
(1146, 184, 1, 3, 3, '3', 'adad', NULL, NULL, 'asdadsa', 0, 0, '1', 0, '2012-10-23 17:41:47', '2012-10-23 17:41:47'),
(1147, 185, 1, 3, 3, '3', 'asdas', NULL, NULL, 'asdad', 0, 0, '1', 0, '2012-10-23 17:41:47', '2012-10-23 17:41:47'),
(1148, 189, 40, 10, 7, '17', 'なな', NULL, NULL, 'かかかぅき', 0, 0, '1', 0, '2012-10-23 17:41:47', '2012-10-23 17:41:47'),
(1149, 193, 40, 8, 7, '14', 'ななな', NULL, NULL, 'けぇけ', 0, 0, '1', 0, '2012-10-23 17:41:47', '2012-10-23 17:41:47'),
(1150, 194, 40, 10, 7, '18', 'gk', NULL, NULL, 'く', 0, 0, '1', 0, '2012-10-23 17:41:47', '2012-10-23 17:41:47'),
(1151, 195, 40, 9, 7, '15', 'hehe', NULL, NULL, 'Haha', 0, 0, '1', 0, '2012-10-23 17:41:47', '2012-10-23 17:41:47'),
(1152, 196, 40, 11, 10, '19', 'なまな', NULL, NULL, 'ななななななまままーーーー', 0, 0, '1', 0, '2012-10-23 17:41:47', '2012-10-23 17:41:47'),
(1153, 197, 40, 6, 6, '8', 'bxk', NULL, NULL, 'jfkf', 0, 0, '1', 0, '2012-10-23 17:41:47', '2012-10-23 17:41:47'),
(1154, 199, 40, 0, 0, '0', 'cy', NULL, NULL, 'Bhu', 0, 0, '1', 0, '2012-10-23 17:41:47', '2012-10-23 17:41:47'),
(1155, 200, 40, 0, 0, '0', 'haha', NULL, NULL, 'Shzusu', 0, 0, '1', 0, '2012-10-23 17:41:47', '2012-10-23 17:41:47'),
(1156, 201, 40, 0, 0, '0', 'hz', NULL, NULL, 'Gsyx', 0, 0, '1', 0, '2012-10-23 17:41:47', '2012-10-23 17:41:47'),
(1157, 202, 40, 0, 0, '0', 'hdhd', NULL, NULL, 'Ss', 0, 0, '1', 0, '2012-10-23 17:41:47', '2012-10-23 17:41:47'),
(1158, 221, 40, 0, 0, '0', 'bai', NULL, NULL, 'Nai', 0, 0, '1', 0, '2012-10-23 17:41:47', '2012-10-23 17:41:47'),
(1159, 222, 40, 0, 0, '0', 'ja', NULL, NULL, 'Jaj', 0, 0, '1', 0, '2012-10-23 17:41:47', '2012-10-23 17:41:47'),
(1160, 223, 40, 0, 0, '0', 'sc', NULL, NULL, 'Vh', 0, 0, '1', 0, '2012-10-23 17:41:47', '2012-10-23 17:41:47'),
(1161, 224, 40, 0, 0, '0', 'bbz', NULL, NULL, 'Bahdh', 0, 0, '1', 0, '2012-10-23 17:41:47', '2012-10-23 17:41:47'),
(1162, 225, 40, 6, 6, '9', 'hahahah', NULL, NULL, 'Hahaha', 0, 0, '1', 0, '2012-10-23 17:41:47', '2012-10-23 17:41:47'),
(1163, 226, 40, 0, 0, '0', 'tee', NULL, NULL, 'Ass', 0, 0, '1', 0, '2012-10-23 17:41:47', '2012-10-23 17:41:47'),
(1164, 227, 40, 0, 0, '0', 'bb', NULL, NULL, 'Hdd', 0, 0, '1', 0, '2012-10-23 17:41:47', '2012-10-23 17:41:47'),
(1165, 228, 40, 0, 0, '0', 'combine', NULL, NULL, 'Kom', 0, 0, '1', 0, '2012-10-23 17:41:47', '2012-10-23 17:41:47'),
(1166, 229, 40, 0, 0, '0', 'ja', NULL, NULL, 'Jaja', 0, 0, '1', 0, '2012-10-23 17:41:47', '2012-10-23 17:41:47'),
(1167, 230, 40, 0, 0, '0', 'cbnx', NULL, NULL, 'Dhhd', 0, 0, '1', 0, '2012-10-23 17:41:47', '2012-10-23 17:41:47'),
(1168, 231, 40, 0, 0, '0', 'jsd', NULL, NULL, 'Hdhd', 0, 0, '1', 0, '2012-10-23 17:41:47', '2012-10-23 17:41:47'),
(1169, 232, 40, 0, 0, '0', 'jdid', NULL, NULL, 'Hahsu', 0, 0, '1', 0, '2012-10-23 17:41:47', '2012-10-23 17:41:47'),
(1170, 234, 40, 0, 0, '0', 'jsid', NULL, NULL, 'Hdisic', 0, 0, '1', 0, '2012-10-23 17:41:47', '2012-10-23 17:41:47'),
(1171, 235, 40, 0, 0, '0', 'Ha', NULL, NULL, 'Ha', 0, 0, '1', 0, '2012-10-23 17:41:47', '2012-10-23 17:41:47'),
(1172, 236, 40, 0, 0, '0', 'hdhd', NULL, NULL, 'Hxhxu', 0, 0, '1', 0, '2012-10-23 17:41:47', '2012-10-23 17:41:47'),
(1173, 237, 0, 0, 0, '0', 'item_name', NULL, NULL, 'content', 0, 0, '0', 0, '2012-10-23 17:41:47', '2012-10-23 17:41:47'),
(1174, 381, 40, 0, 0, '0', 'bs', NULL, NULL, 'Shz', 0, 0, '1', 0, '2012-10-23 17:41:47', '2012-10-23 17:41:47'),
(1175, 382, 40, 6, 6, '9', 'haha', NULL, NULL, 'Haha', 0, 0, '1', 0, '2012-10-23 17:41:47', '2012-10-23 17:41:47'),
(1176, 383, 127, 7, 7, '11', '上からマリコ', NULL, NULL, 'PV泣ける', 0, 0, '1', 0, '2012-10-23 17:41:47', '2012-10-23 17:41:47'),
(1177, 384, 83, 11, 10, '19', 'ともちん', NULL, NULL, 'ともちんは、野菜のとき、ナスだよ！', 0, 0, '1', 0, '2012-10-23 17:41:47', '2012-10-23 17:41:47'),
(1178, 385, 83, 7, 7, '11', 'ぶにゃ', NULL, NULL, 'たろう', 0, 0, '1', 0, '2012-10-23 17:41:47', '2012-10-23 17:41:47'),
(1179, 387, 40, 6, 6, '9', '旗な対応', NULL, NULL, 'きかたかた', 0, 0, '1', 0, '2012-10-23 17:41:47', '2012-10-23 17:41:47'),
(1180, 388, 1, 0, 1, '2', 'かかkだskだsdkアsダsッワワワアワ', NULL, NULL, 'アsダjksダsdjカsdjカあsだあw打d', 0, 0, '1', 0, '2012-10-23 17:41:47', '2012-10-23 17:41:47'),
(1181, 389, 40, 0, 0, '0', 'さな', NULL, NULL, 'なたかなか', 0, 0, '1', 0, '2012-10-23 17:41:47', '2012-10-23 17:41:47'),
(1182, 390, 40, 6, 6, '10', 'なた', NULL, NULL, 'なたに', 0, 0, '1', 0, '2012-10-23 17:41:47', '2012-10-23 17:41:47'),
(1183, 391, 40, 0, 0, '0', 'やた', NULL, NULL, 'やたひ', 0, 0, '1', 0, '2012-10-23 17:41:47', '2012-10-23 17:41:47'),
(1184, 392, 40, 0, 0, '0', 'やた', NULL, NULL, 'はたはま', 0, 0, '1', 0, '2012-10-23 17:41:47', '2012-10-23 17:41:47'),
(1185, 393, 40, 6, 6, '9', 'ラダは昌也なたは', NULL, NULL, 'たらたは', 0, 0, '1', 0, '2012-10-23 17:41:47', '2012-10-23 17:41:47'),
(1186, 394, 40, 6, 6, '9', 'リバース', NULL, NULL, 'にねまさ', 0, 0, '1', 0, '2012-10-23 17:41:47', '2012-10-23 17:41:47'),
(1187, 395, 40, 9, 7, '16', 'なはま', NULL, NULL, 'はまざ', 0, 0, '1', 0, '2012-10-23 17:41:47', '2012-10-23 17:41:47'),
(1188, 396, 40, 7, 7, '11', 'huなた', NULL, NULL, 'Jxjd', 0, 0, '1', 0, '2012-10-23 17:41:47', '2012-10-23 17:41:47'),
(1189, 397, 40, 6, 6, '8', 'なかなか', NULL, NULL, 'やさ', 0, 0, '1', 0, '2012-10-23 17:41:47', '2012-10-23 17:41:47'),
(1190, 398, 40, 6, 6, '9', 'ゆなな', NULL, NULL, 'やなか', 0, 0, '1', 0, '2012-10-23 17:41:47', '2012-10-23 17:41:47'),
(1191, 399, 40, 6, 6, '10', 'はま', NULL, NULL, 'たはま', 0, 0, '1', 0, '2012-10-23 17:41:47', '2012-10-23 17:41:47'),
(1192, 400, 40, 7, 7, '12', 'なた', NULL, NULL, 'まはま', 0, 0, '1', 0, '2012-10-23 17:41:47', '2012-10-23 17:41:47'),
(1193, 401, 40, 0, 0, '0', 'ハマは', NULL, NULL, 'たらまは', 0, 0, '1', 0, '2012-10-23 17:41:47', '2012-10-23 17:41:47'),
(1194, 402, 40, 7, 7, '12', 'たはさま', NULL, NULL, 'なたはま', 0, 0, '1', 0, '2012-10-23 17:41:47', '2012-10-23 17:41:47'),
(1195, 403, 40, 8, 7, '13', 'jd', NULL, NULL, 'Jfjd', 0, 0, '1', 0, '2012-10-23 17:41:47', '2012-10-23 17:41:47'),
(1196, 405, 40, 6, 6, '9', 'ghj', NULL, NULL, 'Gjj', 0, 0, '1', 0, '2012-10-23 17:41:47', '2012-10-23 17:41:47'),
(1197, 406, 40, 6, 6, '8', 'xh', NULL, NULL, 'Nx', 0, 0, '1', 0, '2012-10-23 17:41:47', '2012-10-23 17:41:47'),
(1198, 408, 40, 6, 6, '8', 'jdd', NULL, NULL, 'Jdjd', 0, 0, '1', 0, '2012-10-23 17:41:47', '2012-10-23 17:41:47'),
(1199, 409, 40, 6, 6, '8', 'jdd', NULL, NULL, 'Jdjd', 0, 0, '1', 0, '2012-10-23 17:41:47', '2012-10-23 17:41:47'),
(1200, 410, 40, 8, 7, '13', 'ccd', NULL, NULL, 'Vhfg', 0, 0, '1', 0, '2012-10-23 17:41:47', '2012-10-23 17:41:47'),
(1201, 411, 40, 0, 0, '0', 'jdjx', NULL, NULL, 'Xjdj', 0, 0, '1', 0, '2012-10-23 17:41:47', '2012-10-23 17:41:47'),
(1202, 412, 40, 8, 7, '13', 'hz', NULL, NULL, 'Xh', 0, 0, '1', 0, '2012-10-23 17:41:47', '2012-10-23 17:41:47'),
(1203, 413, 40, 9, 7, '16', 'udud', NULL, NULL, 'Ydf', 0, 0, '1', 0, '2012-10-23 17:41:47', '2012-10-23 17:41:47'),
(1204, 414, 40, 10, 7, '18', 'zhxu', NULL, NULL, 'Bxhx', 0, 0, '1', 0, '2012-10-23 17:41:47', '2012-10-23 17:41:47'),
(1205, 415, 40, 7, 7, '12', 'cc', NULL, NULL, ' Xf', 0, 0, '1', 0, '2012-10-23 17:41:47', '2012-10-23 17:41:47'),
(1206, 416, 40, 7, 7, '12', 'cc', NULL, NULL, ' Xf', 0, 0, '1', 0, '2012-10-23 17:41:47', '2012-10-23 17:41:47'),
(1207, 417, 40, 0, 0, '0', 'jd', NULL, NULL, 'Hdf', 0, 0, '1', 0, '2012-10-23 17:41:47', '2012-10-23 17:41:47'),
(1208, 418, 40, 0, 0, '0', 'jd', NULL, NULL, 'Uss', 0, 0, '1', 0, '2012-10-23 17:41:47', '2012-10-23 17:41:47'),
(1209, 419, 40, 0, 0, '0', 'x', NULL, NULL, 'Xjx', 0, 0, '1', 0, '2012-10-23 17:41:47', '2012-10-23 17:41:47'),
(1210, 420, 40, 8, 7, '13', 'nxjz', NULL, NULL, 'Hd', 0, 0, '1', 0, '2012-10-23 17:41:47', '2012-10-23 17:41:47'),
(1211, 421, 40, 6, 6, '10', 'zk', NULL, NULL, 'Ns', 0, 0, '1', 0, '2012-10-23 17:41:47', '2012-10-23 17:41:47'),
(1212, 422, 40, 0, 0, '0', 'ud', NULL, NULL, 'Sh', 0, 0, '1', 0, '2012-10-23 17:41:47', '2012-10-23 17:41:47'),
(1213, 423, 40, 0, 0, '0', 'vg', NULL, NULL, 'Xbx', 0, 0, '1', 0, '2012-10-23 17:41:47', '2012-10-23 17:41:47'),
(1214, 424, 40, 6, 6, '10', 'xhz', NULL, NULL, 'Bzs', 0, 0, '1', 0, '2012-10-23 17:41:47', '2012-10-23 17:41:47'),
(1215, 425, 40, 0, 0, '0', 'nx', NULL, NULL, 'Bx', 0, 0, '1', 0, '2012-10-23 17:41:47', '2012-10-23 17:41:47'),
(1216, 426, 40, 7, 7, '11', 'xnjx', NULL, NULL, 'Ndjd', 0, 0, '1', 0, '2012-10-23 17:41:47', '2012-10-23 17:41:47'),
(1217, 427, 40, 0, 0, '0', 'x', NULL, NULL, 'Hx', 0, 0, '1', 0, '2012-10-23 17:41:47', '2012-10-23 17:41:47'),
(1218, 428, 40, 0, 0, '0', 'hs', NULL, NULL, 'Gsd', 0, 0, '1', 0, '2012-10-23 17:41:47', '2012-10-23 17:41:47'),
(1219, 429, 40, 7, 7, '11', 'nzjx', NULL, NULL, 'Jd', 0, 0, '1', 0, '2012-10-23 17:41:47', '2012-10-23 17:41:47'),
(1220, 430, 40, 0, 0, '0', 'ff', NULL, NULL, 'Cgg', 0, 0, '1', 0, '2012-10-23 17:41:47', '2012-10-23 17:41:47'),
(1221, 431, 40, 0, 0, '0', 'zkz', NULL, NULL, 'Jx', 0, 0, '1', 0, '2012-10-23 17:41:47', '2012-10-23 17:41:47'),
(1222, 432, 40, 0, 0, '0', 'sks', NULL, NULL, 'Jdd', 0, 0, '1', 0, '2012-10-23 17:41:47', '2012-10-23 17:41:47'),
(1223, 433, 40, 0, 0, '0', 'bx', NULL, NULL, 'Gd', 0, 0, '1', 0, '2012-10-23 17:41:47', '2012-10-23 17:41:47'),
(1224, 456, 105, 0, 0, '0', 'gshs', NULL, NULL, ' Dbdj', 0, 0, '1', 0, '2012-10-23 17:41:47', '2012-10-23 17:41:47'),
(1225, 457, 105, 0, 0, '0', 'zhzj', NULL, NULL, 'Hdhd', 0, 0, '1', 0, '2012-10-23 17:41:47', '2012-10-23 17:41:47'),
(1226, 459, 105, 8, 7, '13', 'zixjix', NULL, NULL, 'Bznxn', 0, 0, '1', 0, '2012-10-23 17:41:47', '2012-10-23 17:41:47'),
(1227, 460, 105, 6, 6, '8', 'hdis', NULL, NULL, 'Tesy', 0, 0, '1', 0, '2012-10-23 17:41:47', '2012-10-23 17:41:47'),
(1228, 461, 105, 7, 7, '12', 'bs', NULL, NULL, 'Ba', 0, 0, '1', 0, '2012-10-23 17:41:47', '2012-10-23 17:41:47'),
(1229, 462, 105, 6, 6, '8', 'sjs', NULL, NULL, 'Bshs', 0, 0, '1', 0, '2012-10-23 17:41:47', '2012-10-23 17:41:47'),
(1230, 463, 105, 10, 7, '17', 'tes', NULL, NULL, 'Tes', 0, 0, '1', 0, '2012-10-23 17:41:47', '2012-10-23 17:41:47'),
(1231, 464, 105, 6, 6, '10', 'hshx', NULL, NULL, 'Vshxh', 0, 0, '1', 0, '2012-10-23 17:41:47', '2012-10-23 17:41:47'),
(1232, 465, 105, 9, 7, '16', 'haha', NULL, NULL, 'Jaha', 0, 0, '1', 0, '2012-10-23 17:41:47', '2012-10-23 17:41:47'),
(1233, 466, 105, 6, 6, '10', 'cd', NULL, NULL, 'Fh', 0, 0, '1', 0, '2012-10-23 17:41:47', '2012-10-23 17:41:47'),
(1234, 467, 105, 6, 6, '9', 'wqe', NULL, NULL, 'Q', 0, 0, '1', 0, '2012-10-23 17:41:47', '2012-10-23 17:41:47'),
(1235, 468, 105, 6, 6, '8', 'xd', NULL, NULL, 'F', 0, 0, '1', 0, '2012-10-23 17:41:47', '2012-10-23 17:41:47'),
(1236, 469, 105, 6, 6, '9', '肉なたなた', NULL, NULL, 'なてたらた', 0, 0, '1', 0, '2012-10-23 17:41:47', '2012-10-23 17:41:47'),
(1237, 470, 105, 6, 6, '10', 'らたはた', NULL, NULL, 'やたらまら', 0, 0, '1', 0, '2012-10-23 17:41:47', '2012-10-23 17:41:47'),
(1238, 471, 40, 9, 7, '15', 'きた', NULL, NULL, 'はた', 0, 0, '1', 0, '2012-10-23 17:41:47', '2012-10-23 17:41:47'),
(1239, 472, 119, 6, 6, '9', 'gd', NULL, NULL, 'Cj', 0, 0, '1', 0, '2012-10-23 17:41:47', '2012-10-23 17:41:47'),
(1240, 473, 65, 6, 6, '9', 'aaaaa', NULL, NULL, 'Aaaaa', 0, 0, '1', 0, '2012-10-23 17:41:47', '2012-10-23 17:41:47'),
(1241, 474, 119, 6, 6, '8', 'fggh', NULL, NULL, 'Fhhjdd', 0, 0, '1', 0, '2012-10-23 17:41:47', '2012-10-23 17:41:47'),
(1242, 475, 105, 6, 6, '10', 'mzkx', NULL, NULL, 'Nzx', 0, 0, '1', 0, '2012-10-23 17:41:47', '2012-10-23 17:41:47'),
(1243, 476, 105, 6, 6, '10', 'xhzvzh', NULL, NULL, 'Hxz', 0, 0, '1', 0, '2012-10-23 17:41:47', '2012-10-23 17:41:47'),
(1244, 477, 105, 6, 6, '9', 'hhchc', NULL, NULL, 'Zbxh', 0, 0, '1', 0, '2012-10-23 17:41:47', '2012-10-23 17:41:47'),
(1245, 478, 119, 8, 7, '14', 'tet', NULL, NULL, 'Test', 0, 0, '1', 0, '2012-10-23 17:41:47', '2012-10-23 17:41:47'),
(1246, 479, 119, 6, 6, '10', 'najx', NULL, NULL, 'Gad', 0, 0, '1', 0, '2012-10-23 17:41:47', '2012-10-23 17:41:47'),
(1247, 480, 119, 7, 7, '11', 'jschah', NULL, NULL, 'Hdhx', 0, 0, '1', 0, '2012-10-23 17:41:47', '2012-10-23 17:41:47'),
(1248, 481, 119, 6, 6, '9', 'test', NULL, NULL, 'Yeat', 0, 0, '1', 0, '2012-10-23 17:41:47', '2012-10-23 17:41:47'),
(1249, 482, 105, 7, 7, '11', 'te', NULL, NULL, 'Fshx', 0, 0, '1', 0, '2012-10-23 17:41:47', '2012-10-23 17:41:47'),
(1250, 483, 105, 11, 10, '19', 'se', NULL, NULL, 'Vtbh', 0, 0, '1', 0, '2012-10-23 17:41:47', '2012-10-23 17:41:47'),
(1251, 484, 83, 8, 7, '14', 'test', NULL, NULL, 'Testちゅう', 0, 0, '1', 0, '2012-10-23 17:41:47', '2012-10-23 17:41:47'),
(1252, 485, 105, 6, 6, '10', 'hah', NULL, NULL, 'Haha', 0, 0, '1', 0, '2012-10-23 17:41:47', '2012-10-23 17:41:47'),
(1253, 487, 83, 14, 8, '24', 'aas', NULL, NULL, 'Ddd', 0, 0, '1', 0, '2012-10-23 17:41:47', '2012-10-23 17:41:47'),
(1254, 488, 142, 11, 10, '20', 'r', NULL, NULL, 'R', 0, 0, '1', 0, '2012-10-23 17:41:47', '2012-10-23 17:41:47'),
(1255, 489, 146, 10, 7, '17', 'r', NULL, NULL, 'R', 0, 0, '1', 0, '2012-10-23 17:41:47', '2012-10-23 17:41:47'),
(1256, 490, 0, 0, 0, '0', 'item_name', NULL, NULL, 'content', 0, 0, '0', 0, '2012-10-23 17:41:47', '2012-10-23 17:41:47'),
(1257, 491, 1, 1, 1, '1', 'akb48', NULL, NULL, 'akb48', 0, 0, '1', 0, '2012-10-23 17:41:47', '2012-10-23 17:41:47'),
(1258, 492, 1, 1, 1, '1', 'ske48', NULL, NULL, 'ske48', 0, 0, '1', 0, '2012-10-23 17:41:47', '2012-10-23 17:41:47'),
(1259, 493, 0, 0, 0, '0', 'item_name', NULL, NULL, 'content', 0, 0, '0', 0, '2012-10-23 17:41:47', '2012-10-23 17:41:47'),
(1260, 494, 1, 7, 8, '14', '松井玲奈', NULL, NULL, 'ske48のかすみ草', 0, 0, '1', 0, '2012-10-23 17:41:47', '2012-10-23 17:41:47'),
(1261, 495, 1, 6, 12, '30', 'item tes', NULL, NULL, 'tes', 0, 0, '1', 0, '2012-10-23 17:41:47', '2012-10-23 17:41:47'),
(1262, 496, 1, 6, 6, '9', 'tes item create', NULL, NULL, '', 0, 0, '1', 0, '2012-10-23 17:41:47', '2012-10-23 17:41:47'),
(1263, 497, 1, 6, 11, '19', 'tes item create 2', NULL, NULL, '', 0, 0, '1', 0, '2012-10-23 17:41:47', '2012-10-23 17:41:47'),
(1264, 498, 1, 7, 7, '12', 'かわいいりっちゃん', NULL, NULL, 'cawaii!!!!', 0, 0, '1', 0, '2012-10-23 17:41:47', '2012-10-23 17:41:47'),
(1265, 500, 1, 10, 18, '32', 'かわいいれなちゃん', NULL, NULL, 'れなれな', 0, 0, '1', 0, '2012-10-23 17:41:47', '2012-10-23 17:41:47'),
(1266, 501, 1, 7, 10, '17', 'プードル１', NULL, NULL, 'cawaiiプードル', 0, 0, '1', 0, '2012-10-23 17:41:47', '2012-10-23 17:41:47'),
(1267, 502, 1, 8, 13, '23', 'ぶたた', NULL, NULL, 'ぶー', 0, 0, '1', 0, '2012-10-23 17:41:47', '2012-10-23 17:41:47'),
(1268, 503, 83, 8, 7, '14', 'd', NULL, NULL, 'Db', 0, 0, '1', 0, '2012-10-23 17:41:47', '2012-10-23 17:41:47'),
(1269, 504, 127, 6, 6, '8', 'あ', NULL, NULL, 'あ', 0, 0, '1', 0, '2012-10-23 17:41:47', '2012-10-23 17:41:47'),
(1270, 508, 40, 6, 6, '8', 'dhgg', NULL, NULL, 'Chhg', 0, 0, '1', 0, '2012-10-23 17:41:47', '2012-10-23 17:41:47'),
(1271, 509, 40, 8, 7, '13', 'hsha', NULL, NULL, 'Haha', 0, 0, '1', 0, '2012-10-23 17:41:47', '2012-10-23 17:41:47'),
(1272, 510, 40, 6, 6, '10', 'ta', NULL, NULL, 'Tta', 0, 0, '1', 0, '2012-10-23 17:41:47', '2012-10-23 17:41:47'),
(1273, 511, 40, 6, 6, '9', 'sisjs', NULL, NULL, 'Nhzjsj', 0, 0, '1', 0, '2012-10-23 17:41:47', '2012-10-23 17:41:47'),
(1274, 512, 40, 8, 7, '14', 'cs', NULL, NULL, 'Ch', 0, 0, '1', 0, '2012-10-23 17:41:47', '2012-10-23 17:41:47'),
(1275, 513, 40, 13, 8, '22', 'yeat', NULL, NULL, 'Tesy', 0, 0, '1', 0, '2012-10-23 17:41:47', '2012-10-23 17:41:47'),
(1276, 514, 40, 6, 6, '8', 'gihjvh', NULL, NULL, 'Hjjh', 0, 0, '1', 0, '2012-10-23 17:41:47', '2012-10-23 17:41:47'),
(1277, 515, 40, 6, 6, '10', 'hjgg', NULL, NULL, 'Gfff', 0, 0, '1', 0, '2012-10-23 17:41:47', '2012-10-23 17:41:47'),
(1278, 516, 40, 10, 7, '17', 'vii', NULL, NULL, 'Vhj', 0, 0, '1', 0, '2012-10-23 17:41:47', '2012-10-23 17:41:47'),
(1279, 519, 40, 8, 7, '14', 'Dufan', NULL, NULL, 'Dufannn', 0, 0, '1', 0, '2012-10-23 17:41:47', '2012-10-23 17:41:47'),
(1280, 528, 40, 9, 7, '16', 'gsus', NULL, NULL, 'Bbxh', 0, 0, '1', 0, '2012-10-23 17:41:47', '2012-10-23 17:41:47'),
(1281, 529, 40, 7, 7, '11', 'zkjz', NULL, NULL, 'Hshsh', 0, 0, '1', 0, '2012-10-23 17:41:47', '2012-10-23 17:41:47'),
(1282, 530, 40, 8, 7, '13', 'jdjx', NULL, NULL, 'Hxbx', 0, 0, '1', 0, '2012-10-23 17:41:47', '2012-10-23 17:41:47'),
(1283, 531, 40, 9, 7, '15', 'jsjs', NULL, NULL, 'Bsbsh', 0, 0, '1', 0, '2012-10-23 17:41:47', '2012-10-23 17:41:47'),
(1284, 532, 66, 13, 8, '21', 'jxjc', NULL, NULL, 'Hxhxhucc', 0, 0, '1', 0, '2012-10-23 17:41:47', '2012-10-23 17:41:47'),
(1285, 533, 66, 7, 7, '11', 'gshz', NULL, NULL, 'Hzhdj', 0, 0, '1', 0, '2012-10-23 17:41:47', '2012-10-23 17:41:47'),
(1286, 534, 66, 6, 6, '9', 'gsz', NULL, NULL, 'Hzh', 0, 0, '1', 0, '2012-10-23 17:41:47', '2012-10-23 17:41:47'),
(1287, 536, 40, 11, 10, '20', 'isiz', NULL, NULL, 'Jzbzj', 0, 0, '1', 0, '2012-10-23 17:41:47', '2012-10-23 17:41:47'),
(1288, 538, 40, 6, 6, '10', 'jUz', NULL, NULL, 'Hhzh', 0, 0, '1', 0, '2012-10-23 17:41:47', '2012-10-23 17:41:47'),
(1289, 539, 83, 6, 6, '9', 'r', NULL, NULL, 'F', 0, 0, '1', 0, '2012-10-23 17:41:47', '2012-10-23 17:41:47'),
(1290, 540, 40, 10, 7, '18', 'vzhz', NULL, NULL, 'Jsjs', 0, 0, '1', 0, '2012-10-23 17:41:47', '2012-10-23 17:41:47'),
(1291, 541, 83, 8, 7, '13', 'f', NULL, NULL, 'F', 0, 0, '1', 0, '2012-10-23 17:41:47', '2012-10-23 17:41:47'),
(1292, 542, 83, 10, 7, '17', 'ぶー', NULL, NULL, 'ぶーぶー', 0, 0, '1', 0, '2012-10-23 17:41:47', '2012-10-23 17:41:47'),
(1293, 543, 83, 16, 9, '26', 'あ', NULL, NULL, 'た', 0, 0, '1', 0, '2012-10-23 17:41:47', '2012-10-23 17:41:47'),
(1294, 544, 1, 7, 9, '33', 'eeee', NULL, NULL, 'asdasdadsa', 0, 0, '1', 0, '2012-10-23 17:41:47', '2012-10-23 17:41:47'),
(1295, 545, 83, 11, 10, '20', 'な', NULL, NULL, 'とー', 0, 0, '1', 0, '2012-10-23 17:41:47', '2012-10-23 17:41:47'),
(1296, 546, 40, 11, 6, '34', 'hsgs', NULL, NULL, 'Bzjxjx', 0, 0, '1', 0, '2012-10-23 17:41:47', '2012-10-23 17:41:47'),
(1297, 547, 40, 10, 18, '35', 'znjz', NULL, NULL, 'Bzhz', 0, 0, '1', 0, '2012-10-23 17:41:47', '2012-10-23 17:41:47'),
(1298, 548, 83, 18, 10, '32', 'か', NULL, NULL, 'な', 0, 0, '1', 0, '2012-10-23 17:41:47', '2012-10-23 17:41:47'),
(1299, 549, 83, 8, 13, '21', 'あ', NULL, NULL, 'か', 0, 0, '1', 0, '2012-10-23 17:41:47', '2012-10-23 17:41:47'),
(1300, 550, 83, 7, 9, '15', 'あかさたなは', NULL, NULL, 'あかさたなは', 0, 0, '1', 0, '2012-10-23 17:41:47', '2012-10-23 17:41:47'),
(1301, 1, 1, 1, 1, 'sdfdsdfs', 'sdfdsffds', 'http://cawaii.buzoo.biz/images/5086a23f734382.39024255.png', 'http://cawaii.buzoo.biz/images/thumbnail/5086a23f734382.39024255.png', 'dsfsdfds', 16, 0, 'sadasdasd', 1, '2012-10-23 20:57:20', '2012-10-23 20:57:20'),
(1302, 143, 1, 1, 1, 'sdfdsdfs', 'sdfdsffds', 'http://cawaii.buzoo.biz/images/50869f3ce4f227.21854893.png', 'http://cawaii.buzoo.biz/images/thumbnail/50869f3ce4f227.21854893.png', 'dsfsdfds', 16, 0, 'sadasdasd', 1, '2012-10-23 20:44:30', '2012-10-23 20:44:30');
INSERT INTO `dtb_item` (`id`, `member_id`, `genre_id`, `category_id`, `sub_category_id`, `item_name`, `content`, `image_url`, `thumb_url`, `buy_url`, `likes`, `reports`, `memo`, `disp_flag`, `create_date`, `update_date`) VALUES
(1303, 1403, 1, 1, 1, 'ayanaB', 'sdfdsffds', 'http://cawaii.buzoo.biz/images/5086a0edab69b0.20755101.jpg', 'http://cawaii.buzoo.biz/images/thumbnail/5086a0edab69b0.20755101.jpg', 'dsfsdfds', 16, 0, 'sadasdasd', 1, '2012-10-23 20:51:41', '2012-10-23 20:51:41'),
(1304, 1403, 1, 1, 1, 'bebyB', 'sdfdsffds', 'http://cawaii.buzoo.biz/images/5086a0edd79029.58432053.jpg', 'http://cawaii.buzoo.biz/images/thumbnail/5086a0edd79029.58432053.jpg', 'dsfsdfds', 16, 0, 'sadasdasd', 1, '2012-10-23 20:51:42', '2012-10-23 20:51:42'),
(1305, 1403, 1, 1, 1, 'cindyB', 'sdfdsffds', 'http://cawaii.buzoo.biz/images/5086a0ee08a794.56383288.jpg', 'http://cawaii.buzoo.biz/images/thumbnail/5086a0ee08a794.56383288.jpg', 'dsfsdfds', 16, 0, 'sadasdasd', 1, '2012-10-23 20:51:42', '2012-10-23 20:51:42'),
(1306, 1403, 1, 1, 1, 'cleoB', 'sdfdsffds', 'http://cawaii.buzoo.biz/images/5086a0ee2daf24.86895174.jpg', 'http://cawaii.buzoo.biz/images/thumbnail/5086a0ee2daf24.86895174.jpg', 'dsfsdfds', 16, 0, 'sadasdasd', 1, '2012-10-23 20:51:42', '2012-10-23 20:51:42'),
(1307, 1403, 1, 1, 1, 'delimaB', 'sdfdsffds', 'http://cawaii.buzoo.biz/images/5086a0ee532d71.04339324.jpg', 'http://cawaii.buzoo.biz/images/thumbnail/5086a0ee532d71.04339324.jpg', 'dsfsdfds', 16, 0, 'sadasdasd', 1, '2012-10-23 20:51:42', '2012-10-23 20:51:42'),
(1308, 1403, 1, 1, 1, 'dhikeB', 'sdfdsffds', 'http://cawaii.buzoo.biz/images/5086a0ee794738.03123442.jpg', 'http://cawaii.buzoo.biz/images/thumbnail/5086a0ee794738.03123442.jpg', 'dsfsdfds', 16, 0, 'sadasdasd', 1, '2012-10-23 20:51:42', '2012-10-23 20:51:42'),
(1309, 1403, 1, 1, 1, 'diastaB', 'sdfdsffds', 'http://cawaii.buzoo.biz/images/5086a0ee9e03d3.95939286.jpg', 'http://cawaii.buzoo.biz/images/thumbnail/5086a0ee9e03d3.95939286.jpg', 'dsfsdfds', 16, 0, 'sadasdasd', 1, '2012-10-23 20:51:42', '2012-10-23 20:51:42'),
(1310, 1403, 1, 1, 1, 'frieskaB', 'sdfdsffds', 'http://cawaii.buzoo.biz/images/5086a0eec34285.61241095.jpg', 'http://cawaii.buzoo.biz/images/thumbnail/5086a0eec34285.61241095.jpg', 'dsfsdfds', 16, 0, 'sadasdasd', 1, '2012-10-23 20:51:42', '2012-10-23 20:51:42'),
(1311, 1403, 1, 1, 1, 'gabyB', 'sdfdsffds', 'http://cawaii.buzoo.biz/images/5086a0eee84915.14857309.jpg', 'http://cawaii.buzoo.biz/images/thumbnail/5086a0eee84915.14857309.jpg', 'dsfsdfds', 16, 0, 'sadasdasd', 1, '2012-10-23 20:51:43', '2012-10-23 20:51:43'),
(1312, 1403, 1, 1, 1, 'ghaidaB', 'sdfdsffds', 'http://cawaii.buzoo.biz/images/5086a0ef1a4434.42175603.jpg', 'http://cawaii.buzoo.biz/images/thumbnail/5086a0ef1a4434.42175603.jpg', 'dsfsdfds', 16, 0, 'sadasdasd', 1, '2012-10-23 20:51:43', '2012-10-23 20:51:43'),
(1313, 1403, 1, 1, 1, 'jejeB', 'sdfdsffds', 'http://cawaii.buzoo.biz/images/5086a0ef3f0d46.14082182.jpg', 'http://cawaii.buzoo.biz/images/thumbnail/5086a0ef3f0d46.14082182.jpg', 'dsfsdfds', 16, 0, 'sadasdasd', 1, '2012-10-23 20:51:43', '2012-10-23 20:51:43'),
(1314, 1403, 1, 1, 1, 'kinalB', 'sdfdsffds', 'http://cawaii.buzoo.biz/images/5086a0ef6436b5.94279867.jpg', 'http://cawaii.buzoo.biz/images/thumbnail/5086a0ef6436b5.94279867.jpg', 'dsfsdfds', 16, 0, 'sadasdasd', 1, '2012-10-23 20:51:43', '2012-10-23 20:51:43'),
(1315, 1403, 1, 1, 1, 'melodyB', 'sdfdsffds', 'http://cawaii.buzoo.biz/images/5086a0ef8a17a1.77922333.jpg', 'http://cawaii.buzoo.biz/images/thumbnail/5086a0ef8a17a1.77922333.jpg', 'dsfsdfds', 16, 0, 'sadasdasd', 1, '2012-10-23 20:51:43', '2012-10-23 20:51:43'),
(1316, 1403, 1, 1, 1, 'movaB', 'sdfdsffds', 'http://cawaii.buzoo.biz/images/5086a0efaf3495.88754513.jpg', 'http://cawaii.buzoo.biz/images/thumbnail/5086a0efaf3495.88754513.jpg', 'dsfsdfds', 16, 0, 'sadasdasd', 1, '2012-10-23 20:51:43', '2012-10-23 20:51:43'),
(1317, 1403, 1, 1, 1, 'nabilahB', 'sdfdsffds', 'http://cawaii.buzoo.biz/images/5086a0efd45fc2.83207082.jpg', 'http://cawaii.buzoo.biz/images/thumbnail/5086a0efd45fc2.83207082.jpg', 'dsfsdfds', 16, 0, 'sadasdasd', 1, '2012-10-23 20:51:44', '2012-10-23 20:51:44'),
(1318, 1403, 1, 1, 1, 'ochiB', 'sdfdsffds', 'http://cawaii.buzoo.biz/images/5086a0f005e438.19942597.jpg', 'http://cawaii.buzoo.biz/images/thumbnail/5086a0f005e438.19942597.jpg', 'dsfsdfds', 16, 0, 'sadasdasd', 1, '2012-10-23 20:51:44', '2012-10-23 20:51:44'),
(1319, 1403, 1, 1, 1, 'renaB', 'sdfdsffds', 'http://cawaii.buzoo.biz/images/5086a0f02b4460.59586158.jpg', 'http://cawaii.buzoo.biz/images/thumbnail/5086a0f02b4460.59586158.jpg', 'dsfsdfds', 16, 0, 'sadasdasd', 1, '2012-10-23 20:51:44', '2012-10-23 20:51:44'),
(1320, 1403, 1, 1, 1, 'ricaB', 'sdfdsffds', 'http://cawaii.buzoo.biz/images/5086a0f04fe8e5.10945275.jpg', 'http://cawaii.buzoo.biz/images/thumbnail/5086a0f04fe8e5.10945275.jpg', 'dsfsdfds', 16, 0, 'sadasdasd', 1, '2012-10-23 20:51:44', '2012-10-23 20:51:44'),
(1321, 1403, 1, 1, 1, 'sample.c', 'sdfdsffds', NULL, NULL, 'dsfsdfds', 16, 0, 'sadasdasd', 1, '2012-10-23 20:51:44', '2012-10-23 20:51:44'),
(1322, 1403, 1, 1, 1, 'sendyB', 'sdfdsffds', 'http://cawaii.buzoo.biz/images/5086a0f0753278.02747570.jpg', 'http://cawaii.buzoo.biz/images/thumbnail/5086a0f0753278.02747570.jpg', 'dsfsdfds', 16, 0, 'sadasdasd', 1, '2012-10-23 20:51:44', '2012-10-23 20:51:44'),
(1323, 1403, 1, 1, 1, 'shaniaB', 'sdfdsffds', 'http://cawaii.buzoo.biz/images/5086a0f09aac46.16154896.jpg', 'http://cawaii.buzoo.biz/images/thumbnail/5086a0f09aac46.16154896.jpg', 'dsfsdfds', 16, 0, 'sadasdasd', 1, '2012-10-23 20:51:44', '2012-10-23 20:51:44'),
(1324, 1403, 1, 1, 1, 'soniaB', 'sdfdsffds', 'http://cawaii.buzoo.biz/images/5086a0f0c03311.72573336.jpg', 'http://cawaii.buzoo.biz/images/thumbnail/5086a0f0c03311.72573336.jpg', 'dsfsdfds', 16, 0, 'sadasdasd', 1, '2012-10-23 20:51:44', '2012-10-23 20:51:44'),
(1325, 1403, 1, 1, 1, 'sonyaB', 'sdfdsffds', 'http://cawaii.buzoo.biz/images/5086a0f0e52fe7.21539859.jpg', 'http://cawaii.buzoo.biz/images/thumbnail/5086a0f0e52fe7.21539859.jpg', 'dsfsdfds', 16, 0, 'sadasdasd', 1, '2012-10-23 20:51:45', '2012-10-23 20:51:45'),
(1326, 1403, 1, 1, 1, 'stellaB', 'sdfdsffds', 'http://cawaii.buzoo.biz/images/5086a0f116c1c2.11093464.jpg', 'http://cawaii.buzoo.biz/images/thumbnail/5086a0f116c1c2.11093464.jpg', 'dsfsdfds', 16, 0, 'sadasdasd', 1, '2012-10-23 20:51:45', '2012-10-23 20:51:45'),
(1327, 1403, 1, 1, 1, 'veB', 'sdfdsffds', 'http://cawaii.buzoo.biz/images/5086a0f146b796.21264880.jpg', 'http://cawaii.buzoo.biz/images/thumbnail/5086a0f146b796.21264880.jpg', 'dsfsdfds', 16, 0, 'sadasdasd', 1, '2012-10-23 20:51:45', '2012-10-23 20:51:45'),
(1328, 1403, 1, 1, 1, 'ayanaB', 'sdfdsffds', 'http://cawaii.buzoo.biz/images/5086a16a893152.84358388.jpg', 'http://cawaii.buzoo.biz/images/thumbnail/5086a16a893152.84358388.jpg', 'dsfsdfds', 16, 0, 'sadasdasd', 1, '2012-10-23 20:53:46', '2012-10-23 20:53:46'),
(1329, 1403, 1, 1, 1, 'bebyB', 'sdfdsffds', 'http://cawaii.buzoo.biz/images/5086a16aafc225.47163604.jpg', 'http://cawaii.buzoo.biz/images/thumbnail/5086a16aafc225.47163604.jpg', 'dsfsdfds', 16, 0, 'sadasdasd', 1, '2012-10-23 20:53:46', '2012-10-23 20:53:46'),
(1330, 1403, 1, 1, 1, 'cindyB', 'sdfdsffds', 'http://cawaii.buzoo.biz/images/5086a16ad3dca0.11978948.jpg', 'http://cawaii.buzoo.biz/images/thumbnail/5086a16ad3dca0.11978948.jpg', 'dsfsdfds', 16, 0, 'sadasdasd', 1, '2012-10-23 20:53:47', '2012-10-23 20:53:47'),
(1331, 1403, 1, 1, 1, 'cleoB', 'sdfdsffds', 'http://cawaii.buzoo.biz/images/5086a16b04d360.76640157.jpg', 'http://cawaii.buzoo.biz/images/thumbnail/5086a16b04d360.76640157.jpg', 'dsfsdfds', 16, 0, 'sadasdasd', 1, '2012-10-23 20:53:47', '2012-10-23 20:53:47'),
(1332, 1403, 1, 1, 1, 'delimaB', 'sdfdsffds', 'http://cawaii.buzoo.biz/images/5086a16b29bdc8.15883222.jpg', 'http://cawaii.buzoo.biz/images/thumbnail/5086a16b29bdc8.15883222.jpg', 'dsfsdfds', 16, 0, 'sadasdasd', 1, '2012-10-23 20:53:47', '2012-10-23 20:53:47'),
(1333, 1403, 1, 1, 1, 'dhikeB', 'sdfdsffds', 'http://cawaii.buzoo.biz/images/5086a16b4f9614.51525590.jpg', 'http://cawaii.buzoo.biz/images/thumbnail/5086a16b4f9614.51525590.jpg', 'dsfsdfds', 16, 0, 'sadasdasd', 1, '2012-10-23 20:53:47', '2012-10-23 20:53:47'),
(1334, 1403, 1, 1, 1, 'diastaB', 'sdfdsffds', 'http://cawaii.buzoo.biz/images/5086a16b73c726.26125168.jpg', 'http://cawaii.buzoo.biz/images/thumbnail/5086a16b73c726.26125168.jpg', 'dsfsdfds', 16, 0, 'sadasdasd', 1, '2012-10-23 20:53:47', '2012-10-23 20:53:47'),
(1335, 1403, 1, 1, 1, 'frieskaB', 'sdfdsffds', 'http://cawaii.buzoo.biz/images/5086a16b98b737.72768563.jpg', 'http://cawaii.buzoo.biz/images/thumbnail/5086a16b98b737.72768563.jpg', 'dsfsdfds', 16, 0, 'sadasdasd', 1, '2012-10-23 20:53:47', '2012-10-23 20:53:47'),
(1336, 1403, 1, 1, 1, 'gabyB', 'sdfdsffds', 'http://cawaii.buzoo.biz/images/5086a16bbe1314.26821586.jpg', 'http://cawaii.buzoo.biz/images/thumbnail/5086a16bbe1314.26821586.jpg', 'dsfsdfds', 16, 0, 'sadasdasd', 1, '2012-10-23 20:53:47', '2012-10-23 20:53:47'),
(1337, 1403, 1, 1, 1, 'ghaidaB', 'sdfdsffds', 'http://cawaii.buzoo.biz/images/5086a16be42762.57881245.jpg', 'http://cawaii.buzoo.biz/images/thumbnail/5086a16be42762.57881245.jpg', 'dsfsdfds', 16, 0, 'sadasdasd', 1, '2012-10-23 20:53:48', '2012-10-23 20:53:48'),
(1338, 1403, 1, 1, 1, 'jejeB', 'sdfdsffds', 'http://cawaii.buzoo.biz/images/5086a16c143b03.88485265.jpg', 'http://cawaii.buzoo.biz/images/thumbnail/5086a16c143b03.88485265.jpg', 'dsfsdfds', 16, 0, 'sadasdasd', 1, '2012-10-23 20:53:48', '2012-10-23 20:53:48'),
(1339, 1403, 1, 1, 1, 'kinalB', 'sdfdsffds', 'http://cawaii.buzoo.biz/images/5086a16c393b43.00329346.jpg', 'http://cawaii.buzoo.biz/images/thumbnail/5086a16c393b43.00329346.jpg', 'dsfsdfds', 16, 0, 'sadasdasd', 1, '2012-10-23 20:53:48', '2012-10-23 20:53:48'),
(1340, 1403, 1, 1, 1, 'melodyB', 'sdfdsffds', 'http://cawaii.buzoo.biz/images/5086a16c5ec5c0.69652880.jpg', 'http://cawaii.buzoo.biz/images/thumbnail/5086a16c5ec5c0.69652880.jpg', 'dsfsdfds', 16, 0, 'sadasdasd', 1, '2012-10-23 20:53:48', '2012-10-23 20:53:48'),
(1341, 1403, 1, 1, 1, 'movaB', 'sdfdsffds', 'http://cawaii.buzoo.biz/images/5086a16c839cf1.42265942.jpg', 'http://cawaii.buzoo.biz/images/thumbnail/5086a16c839cf1.42265942.jpg', 'dsfsdfds', 16, 0, 'sadasdasd', 1, '2012-10-23 20:53:48', '2012-10-23 20:53:48'),
(1342, 1403, 1, 1, 1, 'nabilahB', 'sdfdsffds', 'http://cawaii.buzoo.biz/images/5086a16ca88075.96296578.jpg', 'http://cawaii.buzoo.biz/images/thumbnail/5086a16ca88075.96296578.jpg', 'dsfsdfds', 16, 0, 'sadasdasd', 1, '2012-10-23 20:53:48', '2012-10-23 20:53:48'),
(1343, 1403, 1, 1, 1, 'ochiB', 'sdfdsffds', 'http://cawaii.buzoo.biz/images/5086a16ccd8dd6.07539837.jpg', 'http://cawaii.buzoo.biz/images/thumbnail/5086a16ccd8dd6.07539837.jpg', 'dsfsdfds', 16, 0, 'sadasdasd', 1, '2012-10-23 20:53:49', '2012-10-23 20:53:49'),
(1344, 1403, 1, 1, 1, 'renaB', 'sdfdsffds', 'http://cawaii.buzoo.biz/images/5086a16d007fa7.31952514.jpg', 'http://cawaii.buzoo.biz/images/thumbnail/5086a16d007fa7.31952514.jpg', 'dsfsdfds', 16, 0, 'sadasdasd', 1, '2012-10-23 20:53:49', '2012-10-23 20:53:49'),
(1345, 1403, 1, 1, 1, 'ricaB', 'sdfdsffds', 'http://cawaii.buzoo.biz/images/5086a16d257862.25223199.jpg', 'http://cawaii.buzoo.biz/images/thumbnail/5086a16d257862.25223199.jpg', 'dsfsdfds', 16, 0, 'sadasdasd', 1, '2012-10-23 20:53:49', '2012-10-23 20:53:49'),
(1346, 1403, 1, 1, 1, 'sample.c', 'sdfdsffds', NULL, NULL, 'dsfsdfds', 16, 0, 'sadasdasd', 1, '2012-10-23 20:53:49', '2012-10-23 20:53:49'),
(1347, 1403, 1, 1, 1, 'sendyB', 'sdfdsffds', 'http://cawaii.buzoo.biz/images/5086a16d4ae072.81827421.jpg', 'http://cawaii.buzoo.biz/images/thumbnail/5086a16d4ae072.81827421.jpg', 'dsfsdfds', 16, 0, 'sadasdasd', 1, '2012-10-23 20:53:49', '2012-10-23 20:53:49'),
(1348, 1403, 1, 1, 1, 'shaniaB', 'sdfdsffds', 'http://cawaii.buzoo.biz/images/5086a16d707383.51913270.jpg', 'http://cawaii.buzoo.biz/images/thumbnail/5086a16d707383.51913270.jpg', 'dsfsdfds', 16, 0, 'sadasdasd', 1, '2012-10-23 20:53:49', '2012-10-23 20:53:49'),
(1349, 1403, 1, 1, 1, 'soniaB', 'sdfdsffds', 'http://cawaii.buzoo.biz/images/5086a16d95fbe0.91942698.jpg', 'http://cawaii.buzoo.biz/images/thumbnail/5086a16d95fbe0.91942698.jpg', 'dsfsdfds', 16, 0, 'sadasdasd', 1, '2012-10-23 20:53:49', '2012-10-23 20:53:49'),
(1350, 1403, 1, 1, 1, 'sonyaB', 'sdfdsffds', 'http://cawaii.buzoo.biz/images/5086a16dbadb18.02985951.jpg', 'http://cawaii.buzoo.biz/images/thumbnail/5086a16dbadb18.02985951.jpg', 'dsfsdfds', 16, 0, 'sadasdasd', 1, '2012-10-23 20:53:49', '2012-10-23 20:53:49'),
(1351, 1403, 1, 1, 1, 'stellaB', 'sdfdsffds', 'http://cawaii.buzoo.biz/images/5086a16de05f20.55971331.jpg', 'http://cawaii.buzoo.biz/images/thumbnail/5086a16de05f20.55971331.jpg', 'dsfsdfds', 16, 0, 'sadasdasd', 1, '2012-10-23 20:53:50', '2012-10-23 20:53:50'),
(1352, 1403, 1, 1, 1, 'veB', 'sdfdsffds', 'http://cawaii.buzoo.biz/images/5086a16e1bede9.63238625.jpg', 'http://cawaii.buzoo.biz/images/thumbnail/5086a16e1bede9.63238625.jpg', 'dsfsdfds', 16, 0, 'sadasdasd', 1, '2012-10-23 20:53:50', '2012-10-23 20:53:50'),
(1353, 143, 10, 20, 35, 'スタスカ', 'ふたご座のあなた！必見です！', 'http://cawaii.buzoo.biz/images/5086a2bf166114.25277963.jpg', 'http://cawaii.buzoo.biz/images/thumbnail/5086a2bf166114.25277963.jpg', '星月学園購買', 500001, 0, 'この人Sです', 1, '2012-10-24 08:45:31', '2012-10-24 08:45:31'),
(1354, 1403, 1, 1, 1, 'ayanaB', 'sdfdsffds', 'http://cawaii.buzoo.biz/images/5086a1f79d7e00.75485892.jpg', 'http://cawaii.buzoo.biz/images/thumbnail/5086a1f79d7e00.75485892.jpg', 'dsfsdfds', 16, 0, 'sadasdasd', 1, '2012-10-23 20:56:07', '2012-10-23 20:56:07'),
(1355, 1403, 1, 1, 1, 'bebyB', 'sdfdsffds', 'http://cawaii.buzoo.biz/images/5086a1f7c416f2.40306226.jpg', 'http://cawaii.buzoo.biz/images/thumbnail/5086a1f7c416f2.40306226.jpg', 'dsfsdfds', 16, 0, 'sadasdasd', 1, '2012-10-23 20:56:07', '2012-10-23 20:56:07'),
(1356, 1403, 1, 1, 1, 'cindyB', 'sdfdsffds', 'http://cawaii.buzoo.biz/images/5086a1f7e8ce43.34081225.jpg', 'http://cawaii.buzoo.biz/images/thumbnail/5086a1f7e8ce43.34081225.jpg', 'dsfsdfds', 16, 0, 'sadasdasd', 1, '2012-10-23 20:56:08', '2012-10-23 20:56:08'),
(1357, 1403, 1, 1, 1, 'cleoB', 'sdfdsffds', 'http://cawaii.buzoo.biz/images/5086a1f8199078.73890598.jpg', 'http://cawaii.buzoo.biz/images/thumbnail/5086a1f8199078.73890598.jpg', 'dsfsdfds', 16, 0, 'sadasdasd', 1, '2012-10-23 20:56:08', '2012-10-23 20:56:08'),
(1358, 1403, 1, 1, 1, 'delimaB', 'sdfdsffds', 'http://cawaii.buzoo.biz/images/5086a1f83e80a3.06918942.jpg', 'http://cawaii.buzoo.biz/images/thumbnail/5086a1f83e80a3.06918942.jpg', 'dsfsdfds', 16, 0, 'sadasdasd', 1, '2012-10-23 20:56:08', '2012-10-23 20:56:08'),
(1359, 1403, 1, 1, 1, 'dhikeB', 'sdfdsffds', 'http://cawaii.buzoo.biz/images/5086a1f863fd46.72897808.jpg', 'http://cawaii.buzoo.biz/images/thumbnail/5086a1f863fd46.72897808.jpg', 'dsfsdfds', 16, 0, 'sadasdasd', 1, '2012-10-23 20:56:08', '2012-10-23 20:56:08'),
(1360, 1403, 1, 1, 1, 'diastaB', 'sdfdsffds', 'http://cawaii.buzoo.biz/images/5086a1f8884128.00116384.jpg', 'http://cawaii.buzoo.biz/images/thumbnail/5086a1f8884128.00116384.jpg', 'dsfsdfds', 16, 0, 'sadasdasd', 1, '2012-10-23 20:56:08', '2012-10-23 20:56:08'),
(1361, 1403, 1, 1, 1, 'frieskaB', 'sdfdsffds', 'http://cawaii.buzoo.biz/images/5086a1f8ad0063.47329801.jpg', 'http://cawaii.buzoo.biz/images/thumbnail/5086a1f8ad0063.47329801.jpg', 'dsfsdfds', 16, 0, 'sadasdasd', 1, '2012-10-23 20:56:08', '2012-10-23 20:56:08'),
(1362, 1403, 1, 1, 1, 'gabyB', 'sdfdsffds', 'http://cawaii.buzoo.biz/images/5086a1f8d22975.41877989.jpg', 'http://cawaii.buzoo.biz/images/thumbnail/5086a1f8d22975.41877989.jpg', 'dsfsdfds', 16, 0, 'sadasdasd', 1, '2012-10-23 20:56:09', '2012-10-23 20:56:09'),
(1363, 1403, 1, 1, 1, 'ghaidaB', 'sdfdsffds', 'http://cawaii.buzoo.biz/images/5086a1f903aff1.69943743.jpg', 'http://cawaii.buzoo.biz/images/thumbnail/5086a1f903aff1.69943743.jpg', 'dsfsdfds', 16, 0, 'sadasdasd', 1, '2012-10-23 20:56:09', '2012-10-23 20:56:09'),
(1364, 1403, 1, 1, 1, 'jejeB', 'sdfdsffds', 'http://cawaii.buzoo.biz/images/5086a1f927f469.79843040.jpg', 'http://cawaii.buzoo.biz/images/thumbnail/5086a1f927f469.79843040.jpg', 'dsfsdfds', 16, 0, 'sadasdasd', 1, '2012-10-23 20:56:09', '2012-10-23 20:56:09'),
(1365, 1403, 1, 1, 1, 'kinalB', 'sdfdsffds', 'http://cawaii.buzoo.biz/images/5086a1f94ca869.89370298.jpg', 'http://cawaii.buzoo.biz/images/thumbnail/5086a1f94ca869.89370298.jpg', 'dsfsdfds', 16, 0, 'sadasdasd', 1, '2012-10-23 20:56:09', '2012-10-23 20:56:09'),
(1366, 1403, 1, 1, 1, 'melodyB', 'sdfdsffds', 'http://cawaii.buzoo.biz/images/5086a1f9723087.86887116.jpg', 'http://cawaii.buzoo.biz/images/thumbnail/5086a1f9723087.86887116.jpg', 'dsfsdfds', 16, 0, 'sadasdasd', 1, '2012-10-23 20:56:09', '2012-10-23 20:56:09'),
(1367, 1403, 1, 1, 1, 'movaB', 'sdfdsffds', 'http://cawaii.buzoo.biz/images/5086a1f9970b86.26797401.jpg', 'http://cawaii.buzoo.biz/images/thumbnail/5086a1f9970b86.26797401.jpg', 'dsfsdfds', 16, 0, 'sadasdasd', 1, '2012-10-23 20:56:09', '2012-10-23 20:56:09'),
(1368, 1403, 1, 1, 1, 'nabilahB', 'sdfdsffds', 'http://cawaii.buzoo.biz/images/5086a1f9bbde07.20801965.jpg', 'http://cawaii.buzoo.biz/images/thumbnail/5086a1f9bbde07.20801965.jpg', 'dsfsdfds', 16, 0, 'sadasdasd', 1, '2012-10-23 20:56:09', '2012-10-23 20:56:09'),
(1369, 1403, 1, 1, 1, 'ochiB', 'sdfdsffds', 'http://cawaii.buzoo.biz/images/5086a1f9e12b25.54359116.jpg', 'http://cawaii.buzoo.biz/images/thumbnail/5086a1f9e12b25.54359116.jpg', 'dsfsdfds', 16, 0, 'sadasdasd', 1, '2012-10-23 20:56:10', '2012-10-23 20:56:10'),
(1370, 1403, 1, 1, 1, 'renaB', 'sdfdsffds', 'http://cawaii.buzoo.biz/images/5086a1fa124f35.76316621.jpg', 'http://cawaii.buzoo.biz/images/thumbnail/5086a1fa124f35.76316621.jpg', 'dsfsdfds', 16, 0, 'sadasdasd', 1, '2012-10-23 20:56:10', '2012-10-23 20:56:10'),
(1371, 1403, 1, 1, 1, 'ricaB', 'sdfdsffds', 'http://cawaii.buzoo.biz/images/5086a1fa36c1d7.84066764.jpg', 'http://cawaii.buzoo.biz/images/thumbnail/5086a1fa36c1d7.84066764.jpg', 'dsfsdfds', 16, 0, 'sadasdasd', 1, '2012-10-23 20:56:10', '2012-10-23 20:56:10'),
(1372, 1403, 1, 1, 1, 'sample.c', 'sdfdsffds', NULL, NULL, 'dsfsdfds', 16, 0, 'sadasdasd', 1, '2012-10-23 20:56:10', '2012-10-23 20:56:10'),
(1373, 1403, 1, 1, 1, 'sendyB', 'sdfdsffds', 'http://cawaii.buzoo.biz/images/5086a1fa5c0916.39961283.jpg', 'http://cawaii.buzoo.biz/images/thumbnail/5086a1fa5c0916.39961283.jpg', 'dsfsdfds', 16, 0, 'sadasdasd', 1, '2012-10-23 20:56:10', '2012-10-23 20:56:10'),
(1374, 1403, 1, 1, 1, 'shaniaB', 'sdfdsffds', 'http://cawaii.buzoo.biz/images/5086a1fa816317.14232015.jpg', 'http://cawaii.buzoo.biz/images/thumbnail/5086a1fa816317.14232015.jpg', 'dsfsdfds', 16, 0, 'sadasdasd', 1, '2012-10-23 20:56:10', '2012-10-23 20:56:10'),
(1375, 1403, 1, 1, 1, 'soniaB', 'sdfdsffds', 'http://cawaii.buzoo.biz/images/5086a1faa6c6c9.17731154.jpg', 'http://cawaii.buzoo.biz/images/thumbnail/5086a1faa6c6c9.17731154.jpg', 'dsfsdfds', 16, 0, 'sadasdasd', 1, '2012-10-23 20:56:10', '2012-10-23 20:56:10'),
(1376, 1403, 1, 1, 1, 'sonyaB', 'sdfdsffds', 'http://cawaii.buzoo.biz/images/5086a1facb9a61.18251503.jpg', 'http://cawaii.buzoo.biz/images/thumbnail/5086a1facb9a61.18251503.jpg', 'dsfsdfds', 16, 0, 'sadasdasd', 1, '2012-10-23 20:56:10', '2012-10-23 20:56:10'),
(1377, 1403, 1, 1, 1, 'stellaB', 'sdfdsffds', 'http://cawaii.buzoo.biz/images/5086a1faf15805.66331483.jpg', 'http://cawaii.buzoo.biz/images/thumbnail/5086a1faf15805.66331483.jpg', 'dsfsdfds', 16, 0, 'sadasdasd', 1, '2012-10-23 20:56:11', '2012-10-23 20:56:11'),
(1378, 1403, 1, 1, 1, 'veB', 'sdfdsffds', 'http://cawaii.buzoo.biz/images/5086a1fb2d0f45.14332947.jpg', 'http://cawaii.buzoo.biz/images/thumbnail/5086a1fb2d0f45.14332947.jpg', 'dsfsdfds', 16, 0, 'sadasdasd', 1, '2012-10-23 20:56:11', '2012-10-23 20:56:11'),
(1379, 143, 1, 1, 1, 'ayanaB', 'sdfdsffds', 'http://cawaii.buzoo.biz/images/5086a26faf0185.07956231.jpg', 'http://cawaii.buzoo.biz/images/thumbnail/5086a26faf0185.07956231.jpg', 'dsfsdfds', 16, 0, 'sadasdasd', 1, '2012-10-23 20:58:07', '2012-10-23 20:58:07'),
(1380, 143, 1, 1, 1, 'bebyB', 'sdfdsffds', 'http://cawaii.buzoo.biz/images/5086a26fd443b8.87084252.jpg', 'http://cawaii.buzoo.biz/images/thumbnail/5086a26fd443b8.87084252.jpg', 'dsfsdfds', 16, 0, 'sadasdasd', 1, '2012-10-23 20:58:08', '2012-10-23 20:58:08'),
(1381, 143, 1, 1, 1, 'cindyB', 'sdfdsffds', 'http://cawaii.buzoo.biz/images/5086a2700466a8.53828686.jpg', 'http://cawaii.buzoo.biz/images/thumbnail/5086a2700466a8.53828686.jpg', 'dsfsdfds', 16, 0, 'sadasdasd', 1, '2012-10-23 20:58:08', '2012-10-23 20:58:08'),
(1382, 143, 1, 1, 1, 'cleoB', 'sdfdsffds', 'http://cawaii.buzoo.biz/images/5086a27028e7c4.80383507.jpg', 'http://cawaii.buzoo.biz/images/thumbnail/5086a27028e7c4.80383507.jpg', 'dsfsdfds', 16, 0, 'sadasdasd', 1, '2012-10-23 20:58:08', '2012-10-23 20:58:08'),
(1383, 143, 1, 1, 1, 'delimaB', 'sdfdsffds', 'http://cawaii.buzoo.biz/images/5086a2704e3262.35144874.jpg', 'http://cawaii.buzoo.biz/images/thumbnail/5086a2704e3262.35144874.jpg', 'dsfsdfds', 16, 0, 'sadasdasd', 1, '2012-10-23 20:58:08', '2012-10-23 20:58:08'),
(1384, 143, 1, 1, 1, 'dhikeB', 'sdfdsffds', 'http://cawaii.buzoo.biz/images/5086a27073c320.02505918.jpg', 'http://cawaii.buzoo.biz/images/thumbnail/5086a27073c320.02505918.jpg', 'dsfsdfds', 16, 0, 'sadasdasd', 1, '2012-10-23 20:58:08', '2012-10-23 20:58:08'),
(1385, 143, 1, 1, 1, 'diastaB', 'sdfdsffds', 'http://cawaii.buzoo.biz/images/5086a2709852f8.99953651.jpg', 'http://cawaii.buzoo.biz/images/thumbnail/5086a2709852f8.99953651.jpg', 'dsfsdfds', 16, 0, 'sadasdasd', 1, '2012-10-23 20:58:08', '2012-10-23 20:58:08'),
(1386, 143, 1, 1, 1, 'frieskaB', 'sdfdsffds', 'http://cawaii.buzoo.biz/images/5086a270bd6b77.98202333.jpg', 'http://cawaii.buzoo.biz/images/thumbnail/5086a270bd6b77.98202333.jpg', 'dsfsdfds', 16, 0, 'sadasdasd', 1, '2012-10-23 20:58:08', '2012-10-23 20:58:08'),
(1387, 143, 1, 1, 1, 'gabyB', 'sdfdsffds', 'http://cawaii.buzoo.biz/images/5086a270e40ff0.08662254.jpg', 'http://cawaii.buzoo.biz/images/thumbnail/5086a270e40ff0.08662254.jpg', 'dsfsdfds', 16, 0, 'sadasdasd', 1, '2012-10-23 20:58:09', '2012-10-23 20:58:09'),
(1388, 143, 1, 1, 1, 'ghaidaB', 'sdfdsffds', 'http://cawaii.buzoo.biz/images/5086a271167241.97967117.jpg', 'http://cawaii.buzoo.biz/images/thumbnail/5086a271167241.97967117.jpg', 'dsfsdfds', 16, 0, 'sadasdasd', 1, '2012-10-23 20:58:09', '2012-10-23 20:58:09'),
(1389, 143, 1, 1, 1, 'jejeB', 'sdfdsffds', 'http://cawaii.buzoo.biz/images/5086a2713b4962.50001677.jpg', 'http://cawaii.buzoo.biz/images/thumbnail/5086a2713b4962.50001677.jpg', 'dsfsdfds', 16, 0, 'sadasdasd', 1, '2012-10-23 20:58:09', '2012-10-23 20:58:09'),
(1390, 143, 1, 1, 1, 'kinalB', 'sdfdsffds', 'http://cawaii.buzoo.biz/images/5086a271605905.84225598.jpg', 'http://cawaii.buzoo.biz/images/thumbnail/5086a271605905.84225598.jpg', 'dsfsdfds', 16, 0, 'sadasdasd', 1, '2012-10-23 20:58:09', '2012-10-23 20:58:09'),
(1391, 143, 1, 1, 1, 'melodyB', 'sdfdsffds', 'http://cawaii.buzoo.biz/images/5086a2718640a5.84090410.jpg', 'http://cawaii.buzoo.biz/images/thumbnail/5086a2718640a5.84090410.jpg', 'dsfsdfds', 16, 0, 'sadasdasd', 1, '2012-10-23 20:58:09', '2012-10-23 20:58:09'),
(1392, 143, 1, 1, 1, 'movaB', 'sdfdsffds', 'http://cawaii.buzoo.biz/images/5086a271ab1493.36481150.jpg', 'http://cawaii.buzoo.biz/images/thumbnail/5086a271ab1493.36481150.jpg', 'dsfsdfds', 16, 0, 'sadasdasd', 1, '2012-10-23 20:58:09', '2012-10-23 20:58:09'),
(1393, 143, 1, 1, 1, 'nabilahB', 'sdfdsffds', 'http://cawaii.buzoo.biz/images/5086a271cfe650.53357848.jpg', 'http://cawaii.buzoo.biz/images/thumbnail/5086a271cfe650.53357848.jpg', 'dsfsdfds', 16, 0, 'sadasdasd', 1, '2012-10-23 20:58:10', '2012-10-23 20:58:10'),
(1394, 143, 1, 1, 1, 'ochiB', 'sdfdsffds', 'http://cawaii.buzoo.biz/images/5086a272011f75.51394368.jpg', 'http://cawaii.buzoo.biz/images/thumbnail/5086a272011f75.51394368.jpg', 'dsfsdfds', 16, 0, 'sadasdasd', 1, '2012-10-23 20:58:10', '2012-10-23 20:58:10'),
(1395, 143, 1, 1, 1, 'renaB', 'sdfdsffds', 'http://cawaii.buzoo.biz/images/5086a272264713.21398592.jpg', 'http://cawaii.buzoo.biz/images/thumbnail/5086a272264713.21398592.jpg', 'dsfsdfds', 16, 0, 'sadasdasd', 1, '2012-10-23 20:58:10', '2012-10-23 20:58:10'),
(1396, 143, 1, 1, 1, 'ricaB', 'sdfdsffds', 'http://cawaii.buzoo.biz/images/5086a2724af8f3.51157583.jpg', 'http://cawaii.buzoo.biz/images/thumbnail/5086a2724af8f3.51157583.jpg', 'dsfsdfds', 16, 0, 'sadasdasd', 1, '2012-10-23 20:58:10', '2012-10-23 20:58:10'),
(1397, 143, 1, 1, 1, 'sample.c', 'sdfdsffds', NULL, NULL, 'dsfsdfds', 16, 0, 'sadasdasd', 1, '2012-10-23 20:58:10', '2012-10-23 20:58:10'),
(1398, 143, 1, 1, 1, 'sendyB', 'sdfdsffds', 'http://cawaii.buzoo.biz/images/5086a272707103.04684317.jpg', 'http://cawaii.buzoo.biz/images/thumbnail/5086a272707103.04684317.jpg', 'dsfsdfds', 16, 0, 'sadasdasd', 1, '2012-10-23 20:58:10', '2012-10-23 20:58:10'),
(1399, 143, 1, 1, 1, 'shaniaB', 'sdfdsffds', 'http://cawaii.buzoo.biz/images/5086a27295d9f6.28183233.jpg', 'http://cawaii.buzoo.biz/images/thumbnail/5086a27295d9f6.28183233.jpg', 'dsfsdfds', 16, 0, 'sadasdasd', 1, '2012-10-23 20:58:10', '2012-10-23 20:58:10'),
(1400, 143, 1, 1, 1, 'soniaB', 'sdfdsffds', 'http://cawaii.buzoo.biz/images/5086a272bb57f2.99869322.jpg', 'http://cawaii.buzoo.biz/images/thumbnail/5086a272bb57f2.99869322.jpg', 'dsfsdfds', 16, 0, 'sadasdasd', 1, '2012-10-23 20:58:10', '2012-10-23 20:58:10'),
(1401, 143, 1, 1, 1, 'sonyaB', 'sdfdsffds', 'http://cawaii.buzoo.biz/images/5086a272e07ba4.59179126.jpg', 'http://cawaii.buzoo.biz/images/thumbnail/5086a272e07ba4.59179126.jpg', 'dsfsdfds', 16, 0, 'sadasdasd', 1, '2012-10-23 20:58:11', '2012-10-23 20:58:11'),
(1402, 143, 1, 1, 1, 'stellaB', 'sdfdsffds', 'http://cawaii.buzoo.biz/images/5086a2731189d4.87114902.jpg', 'http://cawaii.buzoo.biz/images/thumbnail/5086a2731189d4.87114902.jpg', 'dsfsdfds', 16, 0, 'sadasdasd', 1, '2012-10-23 20:58:11', '2012-10-23 20:58:11'),
(1403, 143, 1, 1, 1, 'veB', 'sdfdsffds', 'http://cawaii.buzoo.biz/images/5086a27341ea57.08010592.jpg', 'http://cawaii.buzoo.biz/images/thumbnail/5086a27341ea57.08010592.jpg', 'dsfsdfds', 16, 0, 'sadasdasd', 1, '2012-10-23 20:58:11', '2012-10-23 20:58:11'),
(1404, 143, 1, 1, 1, 'ayanaB', 'sdfdsffds', 'http://cawaii.buzoo.biz/images/5086a2ae4db7b1.24897524.jpg', 'http://cawaii.buzoo.biz/images/thumbnail/5086a2ae4db7b1.24897524.jpg', 'dsfsdfds', 16, 0, 'sadasdasd', 1, '2012-10-23 20:59:10', '2012-10-23 20:59:10'),
(1405, 143, 1, 1, 1, 'bebyB', 'sdfdsffds', 'http://cawaii.buzoo.biz/images/5086a2ae720546.18706923.jpg', 'http://cawaii.buzoo.biz/images/thumbnail/5086a2ae720546.18706923.jpg', 'dsfsdfds', 16, 0, 'sadasdasd', 1, '2012-10-23 20:59:10', '2012-10-23 20:59:10'),
(1406, 143, 1, 1, 1, 'cindyB', 'sdfdsffds', 'http://cawaii.buzoo.biz/images/5086a2ae9551d9.32538138.jpg', 'http://cawaii.buzoo.biz/images/thumbnail/5086a2ae9551d9.32538138.jpg', 'dsfsdfds', 16, 0, 'sadasdasd', 1, '2012-10-23 20:59:10', '2012-10-23 20:59:10'),
(1407, 143, 1, 1, 1, 'cleoB', 'sdfdsffds', 'http://cawaii.buzoo.biz/images/5086a2aeb8e852.43825564.jpg', 'http://cawaii.buzoo.biz/images/thumbnail/5086a2aeb8e852.43825564.jpg', 'dsfsdfds', 16, 0, 'sadasdasd', 1, '2012-10-23 20:59:10', '2012-10-23 20:59:10'),
(1408, 143, 1, 1, 1, 'delimaB', 'sdfdsffds', 'http://cawaii.buzoo.biz/images/5086a2aedcdcc7.85608955.jpg', 'http://cawaii.buzoo.biz/images/thumbnail/5086a2aedcdcc7.85608955.jpg', 'dsfsdfds', 16, 0, 'sadasdasd', 1, '2012-10-23 20:59:11', '2012-10-23 20:59:11'),
(1409, 143, 1, 1, 1, 'dhikeB', 'sdfdsffds', 'http://cawaii.buzoo.biz/images/5086a2af0d3dc7.44509185.jpg', 'http://cawaii.buzoo.biz/images/thumbnail/5086a2af0d3dc7.44509185.jpg', 'dsfsdfds', 16, 0, 'sadasdasd', 1, '2012-10-23 20:59:11', '2012-10-23 20:59:11'),
(1410, 143, 1, 1, 1, 'diastaB', 'sdfdsffds', 'http://cawaii.buzoo.biz/images/5086a2af30a868.04577608.jpg', 'http://cawaii.buzoo.biz/images/thumbnail/5086a2af30a868.04577608.jpg', 'dsfsdfds', 16, 0, 'sadasdasd', 1, '2012-10-23 20:59:11', '2012-10-23 20:59:11'),
(1411, 143, 1, 1, 1, 'frieskaB', 'sdfdsffds', 'http://cawaii.buzoo.biz/images/5086a2af54a1b8.65930006.jpg', 'http://cawaii.buzoo.biz/images/thumbnail/5086a2af54a1b8.65930006.jpg', 'dsfsdfds', 16, 0, 'sadasdasd', 1, '2012-10-23 20:59:11', '2012-10-23 20:59:11'),
(1412, 143, 1, 1, 1, 'gabyB', 'sdfdsffds', 'http://cawaii.buzoo.biz/images/5086a2af78f959.06514919.jpg', 'http://cawaii.buzoo.biz/images/thumbnail/5086a2af78f959.06514919.jpg', 'dsfsdfds', 16, 0, 'sadasdasd', 1, '2012-10-23 20:59:11', '2012-10-23 20:59:11'),
(1413, 143, 1, 1, 1, 'ghaidaB', 'sdfdsffds', 'http://cawaii.buzoo.biz/images/5086a2af9d3034.74426409.jpg', 'http://cawaii.buzoo.biz/images/thumbnail/5086a2af9d3034.74426409.jpg', 'dsfsdfds', 16, 0, 'sadasdasd', 1, '2012-10-23 20:59:11', '2012-10-23 20:59:11'),
(1414, 143, 1, 1, 1, 'jejeB', 'sdfdsffds', 'http://cawaii.buzoo.biz/images/5086a2afc0d8d9.43328733.jpg', 'http://cawaii.buzoo.biz/images/thumbnail/5086a2afc0d8d9.43328733.jpg', 'dsfsdfds', 16, 0, 'sadasdasd', 1, '2012-10-23 20:59:11', '2012-10-23 20:59:11'),
(1415, 143, 1, 1, 1, 'kinalB', 'sdfdsffds', 'http://cawaii.buzoo.biz/images/5086a2afe4cea1.76275110.jpg', 'http://cawaii.buzoo.biz/images/thumbnail/5086a2afe4cea1.76275110.jpg', 'dsfsdfds', 16, 0, 'sadasdasd', 1, '2012-10-23 20:59:12', '2012-10-23 20:59:12'),
(1416, 143, 1, 1, 1, 'melodyB', 'sdfdsffds', 'http://cawaii.buzoo.biz/images/5086a2b0157245.77620764.jpg', 'http://cawaii.buzoo.biz/images/thumbnail/5086a2b0157245.77620764.jpg', 'dsfsdfds', 16, 0, 'sadasdasd', 1, '2012-10-23 20:59:12', '2012-10-23 20:59:12'),
(1417, 143, 1, 1, 1, 'movaB', 'sdfdsffds', 'http://cawaii.buzoo.biz/images/5086a2b03998d8.03100048.jpg', 'http://cawaii.buzoo.biz/images/thumbnail/5086a2b03998d8.03100048.jpg', 'dsfsdfds', 16, 0, 'sadasdasd', 1, '2012-10-23 20:59:12', '2012-10-23 20:59:12'),
(1418, 143, 1, 1, 1, 'nabilahB', 'sdfdsffds', 'http://cawaii.buzoo.biz/images/5086a2b05dbeb9.30592671.jpg', 'http://cawaii.buzoo.biz/images/thumbnail/5086a2b05dbeb9.30592671.jpg', 'dsfsdfds', 16, 0, 'sadasdasd', 1, '2012-10-23 20:59:12', '2012-10-23 20:59:12'),
(1419, 143, 1, 1, 1, 'ochiB', 'sdfdsffds', 'http://cawaii.buzoo.biz/images/5086a2b081ca30.80320522.jpg', 'http://cawaii.buzoo.biz/images/thumbnail/5086a2b081ca30.80320522.jpg', 'dsfsdfds', 16, 0, 'sadasdasd', 1, '2012-10-23 20:59:12', '2012-10-23 20:59:12'),
(1420, 143, 1, 1, 1, 'renaB', 'sdfdsffds', 'http://cawaii.buzoo.biz/images/5086a2b0a5ff14.62367460.jpg', 'http://cawaii.buzoo.biz/images/thumbnail/5086a2b0a5ff14.62367460.jpg', 'dsfsdfds', 16, 0, 'sadasdasd', 1, '2012-10-23 20:59:12', '2012-10-23 20:59:12'),
(1421, 143, 1, 1, 1, 'ricaB', 'sdfdsffds', 'http://cawaii.buzoo.biz/images/5086a2b0c9b0e1.28914278.jpg', 'http://cawaii.buzoo.biz/images/thumbnail/5086a2b0c9b0e1.28914278.jpg', 'dsfsdfds', 16, 0, 'sadasdasd', 1, '2012-10-23 20:59:12', '2012-10-23 20:59:12'),
(1422, 143, 1, 1, 1, 'sample.c', 'sdfdsffds', NULL, NULL, 'dsfsdfds', 16, 0, 'sadasdasd', 1, '2012-10-23 20:59:12', '2012-10-23 20:59:12'),
(1423, 143, 1, 1, 1, 'sendyB', 'sdfdsffds', 'http://cawaii.buzoo.biz/images/5086a2b0ee1252.76468206.jpg', 'http://cawaii.buzoo.biz/images/thumbnail/5086a2b0ee1252.76468206.jpg', 'dsfsdfds', 16, 0, 'sadasdasd', 1, '2012-10-23 20:59:13', '2012-10-23 20:59:13'),
(1424, 143, 1, 1, 1, 'shaniaB', 'sdfdsffds', 'http://cawaii.buzoo.biz/images/5086a2b11e7ed5.28774989.jpg', 'http://cawaii.buzoo.biz/images/thumbnail/5086a2b11e7ed5.28774989.jpg', 'dsfsdfds', 16, 0, 'sadasdasd', 1, '2012-10-23 20:59:13', '2012-10-23 20:59:13'),
(1425, 143, 1, 1, 1, 'soniaB', 'sdfdsffds', 'http://cawaii.buzoo.biz/images/5086a2b14333f6.72044915.jpg', 'http://cawaii.buzoo.biz/images/thumbnail/5086a2b14333f6.72044915.jpg', 'dsfsdfds', 16, 0, 'sadasdasd', 1, '2012-10-23 20:59:13', '2012-10-23 20:59:13'),
(1426, 143, 1, 1, 1, 'sonyaB', 'sdfdsffds', 'http://cawaii.buzoo.biz/images/5086a2b16c4080.36730831.jpg', 'http://cawaii.buzoo.biz/images/thumbnail/5086a2b16c4080.36730831.jpg', 'dsfsdfds', 16, 0, 'sadasdasd', 1, '2012-10-23 20:59:13', '2012-10-23 20:59:13'),
(1427, 143, 1, 1, 1, 'stellaB', 'sdfdsffds', 'http://cawaii.buzoo.biz/images/5086a2b19067f4.24148484.jpg', 'http://cawaii.buzoo.biz/images/thumbnail/5086a2b19067f4.24148484.jpg', 'dsfsdfds', 16, 0, 'sadasdasd', 1, '2012-10-23 20:59:13', '2012-10-23 20:59:13'),
(1428, 143, 1, 1, 1, 'veB', 'sdfdsffds', 'http://cawaii.buzoo.biz/images/5086a2b1bfc3a3.31178923.jpg', 'http://cawaii.buzoo.biz/images/thumbnail/5086a2b1bfc3a3.31178923.jpg', 'dsfsdfds', 16, 0, 'sadasdasd', 1, '2012-10-23 20:59:13', '2012-10-23 20:59:13'),
(1429, 143, 1, 1, 1, 'ayanaB', 'sdfdsffds', 'http://cawaii.buzoo.biz/images/5086a2ba4c6e16.05421231.jpg', 'http://cawaii.buzoo.biz/images/thumbnail/5086a2ba4c6e16.05421231.jpg', 'dsfsdfds', 16, 0, 'sadasdasd', 1, '2012-10-23 20:59:22', '2012-10-23 20:59:22'),
(1430, 143, 1, 1, 1, 'bebyB', 'sdfdsffds', 'http://cawaii.buzoo.biz/images/5086a2ba7101b5.51260783.jpg', 'http://cawaii.buzoo.biz/images/thumbnail/5086a2ba7101b5.51260783.jpg', 'dsfsdfds', 16, 0, 'sadasdasd', 1, '2012-10-23 20:59:22', '2012-10-23 20:59:22'),
(1431, 143, 1, 1, 1, 'cindyB', 'sdfdsffds', 'http://cawaii.buzoo.biz/images/5086a2ba943b71.70960888.jpg', 'http://cawaii.buzoo.biz/images/thumbnail/5086a2ba943b71.70960888.jpg', 'dsfsdfds', 16, 0, 'sadasdasd', 1, '2012-10-23 20:59:22', '2012-10-23 20:59:22'),
(1432, 143, 1, 1, 1, 'cleoB', 'sdfdsffds', 'http://cawaii.buzoo.biz/images/5086a2bab7c854.70143263.jpg', 'http://cawaii.buzoo.biz/images/thumbnail/5086a2bab7c854.70143263.jpg', 'dsfsdfds', 16, 0, 'sadasdasd', 1, '2012-10-23 20:59:22', '2012-10-23 20:59:22'),
(1433, 143, 1, 1, 1, 'delimaB', 'sdfdsffds', 'http://cawaii.buzoo.biz/images/5086a2badbbf20.03102625.jpg', 'http://cawaii.buzoo.biz/images/thumbnail/5086a2badbbf20.03102625.jpg', 'dsfsdfds', 16, 0, 'sadasdasd', 1, '2012-10-23 20:59:23', '2012-10-23 20:59:23'),
(1434, 143, 1, 1, 1, 'dhikeB', 'sdfdsffds', 'http://cawaii.buzoo.biz/images/5086a2bb0c3913.70788498.jpg', 'http://cawaii.buzoo.biz/images/thumbnail/5086a2bb0c3913.70788498.jpg', 'dsfsdfds', 16, 0, 'sadasdasd', 1, '2012-10-23 20:59:23', '2012-10-23 20:59:23'),
(1435, 143, 1, 1, 1, 'diastaB', 'sdfdsffds', 'http://cawaii.buzoo.biz/images/5086a2bb2f9eb8.29043236.jpg', 'http://cawaii.buzoo.biz/images/thumbnail/5086a2bb2f9eb8.29043236.jpg', 'dsfsdfds', 16, 0, 'sadasdasd', 1, '2012-10-23 20:59:23', '2012-10-23 20:59:23'),
(1436, 143, 1, 1, 1, 'frieskaB', 'sdfdsffds', 'http://cawaii.buzoo.biz/images/5086a2bb539550.72487798.jpg', 'http://cawaii.buzoo.biz/images/thumbnail/5086a2bb539550.72487798.jpg', 'dsfsdfds', 16, 0, 'sadasdasd', 1, '2012-10-23 20:59:23', '2012-10-23 20:59:23'),
(1437, 143, 1, 1, 1, 'gabyB', 'sdfdsffds', 'http://cawaii.buzoo.biz/images/5086a2bb785d28.47536013.jpg', 'http://cawaii.buzoo.biz/images/thumbnail/5086a2bb785d28.47536013.jpg', 'dsfsdfds', 16, 0, 'sadasdasd', 1, '2012-10-23 20:59:23', '2012-10-23 20:59:23'),
(1438, 143, 1, 1, 1, 'ghaidaB', 'sdfdsffds', 'http://cawaii.buzoo.biz/images/5086a2bb9cfc20.42672576.jpg', 'http://cawaii.buzoo.biz/images/thumbnail/5086a2bb9cfc20.42672576.jpg', 'dsfsdfds', 16, 0, 'sadasdasd', 1, '2012-10-23 20:59:23', '2012-10-23 20:59:23'),
(1439, 143, 1, 1, 1, 'jejeB', 'sdfdsffds', 'http://cawaii.buzoo.biz/images/5086a2bbc0b3e1.69866272.jpg', 'http://cawaii.buzoo.biz/images/thumbnail/5086a2bbc0b3e1.69866272.jpg', 'dsfsdfds', 16, 0, 'sadasdasd', 1, '2012-10-23 20:59:23', '2012-10-23 20:59:23'),
(1440, 143, 1, 1, 1, 'kinalB', 'sdfdsffds', 'http://cawaii.buzoo.biz/images/5086a2bbe493b2.27174747.jpg', 'http://cawaii.buzoo.biz/images/thumbnail/5086a2bbe493b2.27174747.jpg', 'dsfsdfds', 16, 0, 'sadasdasd', 1, '2012-10-23 20:59:24', '2012-10-23 20:59:24'),
(1441, 143, 1, 1, 1, 'melodyB', 'sdfdsffds', 'http://cawaii.buzoo.biz/images/5086a2bc151c46.29494416.jpg', 'http://cawaii.buzoo.biz/images/thumbnail/5086a2bc151c46.29494416.jpg', 'dsfsdfds', 16, 0, 'sadasdasd', 1, '2012-10-23 20:59:24', '2012-10-23 20:59:24'),
(1442, 143, 1, 1, 1, 'movaB', 'sdfdsffds', 'http://cawaii.buzoo.biz/images/5086a2bc3919a8.90329895.jpg', 'http://cawaii.buzoo.biz/images/thumbnail/5086a2bc3919a8.90329895.jpg', 'dsfsdfds', 16, 0, 'sadasdasd', 1, '2012-10-23 20:59:24', '2012-10-23 20:59:24'),
(1443, 143, 1, 1, 1, 'nabilahB', 'sdfdsffds', 'http://cawaii.buzoo.biz/images/5086a2bc5d20c1.07832948.jpg', 'http://cawaii.buzoo.biz/images/thumbnail/5086a2bc5d20c1.07832948.jpg', 'dsfsdfds', 16, 0, 'sadasdasd', 1, '2012-10-23 20:59:24', '2012-10-23 20:59:24'),
(1444, 143, 1, 1, 1, 'ochiB', 'sdfdsffds', 'http://cawaii.buzoo.biz/images/5086a2bc811591.32716512.jpg', 'http://cawaii.buzoo.biz/images/thumbnail/5086a2bc811591.32716512.jpg', 'dsfsdfds', 16, 0, 'sadasdasd', 1, '2012-10-23 20:59:24', '2012-10-23 20:59:24'),
(1445, 143, 1, 1, 1, 'renaB', 'sdfdsffds', 'http://cawaii.buzoo.biz/images/5086a2bca58889.14181489.jpg', 'http://cawaii.buzoo.biz/images/thumbnail/5086a2bca58889.14181489.jpg', 'dsfsdfds', 17, 0, 'sadasdasd', 1, '2012-10-23 20:59:24', '2012-10-23 20:59:24'),
(1446, 143, 1, 1, 1, 'ricaB', 'sdfdsffds', 'http://cawaii.buzoo.biz/images/5086a2bcc94945.53798810.jpg', 'http://cawaii.buzoo.biz/images/thumbnail/5086a2bcc94945.53798810.jpg', 'dsfsdfds', 16, 0, 'sadasdasd', 1, '2012-10-23 20:59:24', '2012-10-23 20:59:24'),
(1447, 143, 1, 1, 1, 'sample.c', 'sdfdsffds', NULL, NULL, 'dsfsdfds', 16, 0, 'sadasdasd', 1, '2012-10-23 20:59:24', '2012-10-23 20:59:24'),
(1448, 143, 1, 1, 1, 'sendyB', 'sdfdsffds', 'http://cawaii.buzoo.biz/images/5086a2bceda797.82908364.jpg', 'http://cawaii.buzoo.biz/images/thumbnail/5086a2bceda797.82908364.jpg', 'dsfsdfds', 16, 0, 'sadasdasd', 1, '2012-10-23 20:59:25', '2012-10-23 20:59:25'),
(1449, 143, 1, 1, 1, 'shaniaB', 'sdfdsffds', 'http://cawaii.buzoo.biz/images/5086a2bd1dfb04.71400533.jpg', 'http://cawaii.buzoo.biz/images/thumbnail/5086a2bd1dfb04.71400533.jpg', 'dsfsdfds', 16, 0, 'sadasdasd', 1, '2012-10-23 20:59:25', '2012-10-23 20:59:25'),
(1450, 143, 1, 1, 1, 'soniaB', 'sdfdsffds', 'http://cawaii.buzoo.biz/images/5086a2bd4294e4.25906870.jpg', 'http://cawaii.buzoo.biz/images/thumbnail/5086a2bd4294e4.25906870.jpg', 'dsfsdfds', 16, 0, 'sadasdasd', 1, '2012-10-23 20:59:25', '2012-10-23 20:59:25'),
(1451, 143, 1, 1, 1, 'sonyaB', 'sdfdsffds', 'http://cawaii.buzoo.biz/images/5086a2bd669412.14709901.jpg', 'http://cawaii.buzoo.biz/images/thumbnail/5086a2bd669412.14709901.jpg', 'dsfsdfds', 16, 0, 'sadasdasd', 1, '2012-10-23 20:59:25', '2012-10-23 20:59:25'),
(1452, 143, 1, 1, 1, 'stellaB', 'sdfdsffds', 'http://cawaii.buzoo.biz/images/5086a2bd8b1823.51018446.jpg', 'http://cawaii.buzoo.biz/images/thumbnail/5086a2bd8b1823.51018446.jpg', 'dsfsdfds', 16, 0, 'sadasdasd', 1, '2012-10-23 20:59:25', '2012-10-23 20:59:25'),
(1453, 143, 1, 1, 1, 'veB', 'sdfdsffds', 'http://cawaii.buzoo.biz/images/5086a2bdba3a60.64118637.jpg', 'http://cawaii.buzoo.biz/images/thumbnail/5086a2bdba3a60.64118637.jpg', 'dsfsdfds', 16, 0, 'sadasdasd', 1, '2012-10-23 20:59:25', '2012-10-23 20:59:25'),
(1454, 143, 1, 1, 1, 'ayanaB', 'sdfdsffds', 'http://cawaii.buzoo.biz/images/5086a3716587b6.48021560.jpg', 'http://cawaii.buzoo.biz/images/thumbnail/5086a3716587b6.48021560.jpg', 'dsfsdfds', 16, 0, 'sadasdasd', 1, '2012-10-23 21:02:25', '2012-10-23 21:02:25'),
(1455, 143, 1, 1, 1, 'bebyB', 'sdfdsffds', 'http://cawaii.buzoo.biz/images/5086a3718b0689.61344862.jpg', 'http://cawaii.buzoo.biz/images/thumbnail/5086a3718b0689.61344862.jpg', 'dsfsdfds', 16, 0, 'sadasdasd', 1, '2012-10-23 21:02:25', '2012-10-23 21:02:25'),
(1456, 143, 1, 1, 1, 'cindyB', 'sdfdsffds', 'http://cawaii.buzoo.biz/images/5086a371af5cb8.67323690.jpg', 'http://cawaii.buzoo.biz/images/thumbnail/5086a371af5cb8.67323690.jpg', 'dsfsdfds', 16, 0, 'sadasdasd', 1, '2012-10-23 21:02:25', '2012-10-23 21:02:25'),
(1457, 143, 1, 1, 1, 'cleoB', 'sdfdsffds', 'http://cawaii.buzoo.biz/images/5086a371d41f61.96503588.jpg', 'http://cawaii.buzoo.biz/images/thumbnail/5086a371d41f61.96503588.jpg', 'dsfsdfds', 16, 0, 'sadasdasd', 1, '2012-10-23 21:02:26', '2012-10-23 21:02:26'),
(1458, 143, 1, 1, 1, 'delimaB', 'sdfdsffds', 'http://cawaii.buzoo.biz/images/5086a37204fd98.45916146.jpg', 'http://cawaii.buzoo.biz/images/thumbnail/5086a37204fd98.45916146.jpg', 'dsfsdfds', 16, 0, 'sadasdasd', 1, '2012-10-23 21:02:26', '2012-10-23 21:02:26'),
(1459, 143, 1, 1, 1, 'dhikeB', 'sdfdsffds', 'http://cawaii.buzoo.biz/images/5086a3722a9cf9.02920376.jpg', 'http://cawaii.buzoo.biz/images/thumbnail/5086a3722a9cf9.02920376.jpg', 'dsfsdfds', 16, 0, 'sadasdasd', 1, '2012-10-23 21:02:26', '2012-10-23 21:02:26'),
(1460, 143, 1, 1, 1, 'diastaB', 'sdfdsffds', 'http://cawaii.buzoo.biz/images/5086a3724eedf4.94934661.jpg', 'http://cawaii.buzoo.biz/images/thumbnail/5086a3724eedf4.94934661.jpg', 'dsfsdfds', 16, 0, 'sadasdasd', 1, '2012-10-23 21:02:26', '2012-10-23 21:02:26'),
(1461, 143, 1, 1, 1, 'frieskaB', 'sdfdsffds', 'http://cawaii.buzoo.biz/images/5086a37273d1b2.45365702.jpg', 'http://cawaii.buzoo.biz/images/thumbnail/5086a37273d1b2.45365702.jpg', 'dsfsdfds', 16, 0, 'sadasdasd', 1, '2012-10-23 21:02:26', '2012-10-23 21:02:26'),
(1462, 143, 1, 1, 1, 'gabyB', 'sdfdsffds', 'http://cawaii.buzoo.biz/images/5086a37299ad89.98161319.jpg', 'http://cawaii.buzoo.biz/images/thumbnail/5086a37299ad89.98161319.jpg', 'dsfsdfds', 16, 0, 'sadasdasd', 1, '2012-10-23 21:02:26', '2012-10-23 21:02:26'),
(1463, 143, 1, 1, 1, 'ghaidaB', 'sdfdsffds', 'http://cawaii.buzoo.biz/images/5086a372c14132.12897707.jpg', 'http://cawaii.buzoo.biz/images/thumbnail/5086a372c14132.12897707.jpg', 'dsfsdfds', 16, 0, 'sadasdasd', 1, '2012-10-23 21:02:26', '2012-10-23 21:02:26'),
(1464, 143, 1, 1, 1, 'jejeB', 'sdfdsffds', 'http://cawaii.buzoo.biz/images/5086a372e62c02.20340449.jpg', 'http://cawaii.buzoo.biz/images/thumbnail/5086a372e62c02.20340449.jpg', 'dsfsdfds', 16, 0, 'sadasdasd', 1, '2012-10-23 21:02:27', '2012-10-23 21:02:27'),
(1465, 143, 1, 1, 1, 'kinalB', 'sdfdsffds', 'http://cawaii.buzoo.biz/images/5086a373171d68.09406656.jpg', 'http://cawaii.buzoo.biz/images/thumbnail/5086a373171d68.09406656.jpg', 'dsfsdfds', 16, 0, 'sadasdasd', 1, '2012-10-23 21:02:27', '2012-10-23 21:02:27'),
(1466, 143, 1, 1, 1, 'melodyB', 'sdfdsffds', 'http://cawaii.buzoo.biz/images/5086a3733ce3f0.64014477.jpg', 'http://cawaii.buzoo.biz/images/thumbnail/5086a3733ce3f0.64014477.jpg', 'dsfsdfds', 16, 0, 'sadasdasd', 1, '2012-10-23 21:02:27', '2012-10-23 21:02:27'),
(1467, 143, 1, 1, 1, 'movaB', 'sdfdsffds', 'http://cawaii.buzoo.biz/images/5086a37361cd11.64224629.jpg', 'http://cawaii.buzoo.biz/images/thumbnail/5086a37361cd11.64224629.jpg', 'dsfsdfds', 16, 0, 'sadasdasd', 1, '2012-10-23 21:02:27', '2012-10-23 21:02:27'),
(1468, 143, 1, 1, 1, 'nabilahB', 'sdfdsffds', 'http://cawaii.buzoo.biz/images/5086a37386b1f7.94665026.jpg', 'http://cawaii.buzoo.biz/images/thumbnail/5086a37386b1f7.94665026.jpg', 'dsfsdfds', 16, 0, 'sadasdasd', 1, '2012-10-23 21:02:27', '2012-10-23 21:02:27'),
(1469, 143, 1, 1, 1, 'ochiB', 'sdfdsffds', 'http://cawaii.buzoo.biz/images/5086a373abd7a8.21048760.jpg', 'http://cawaii.buzoo.biz/images/thumbnail/5086a373abd7a8.21048760.jpg', 'dsfsdfds', 16, 0, 'sadasdasd', 1, '2012-10-23 21:02:27', '2012-10-23 21:02:27'),
(1470, 143, 1, 1, 1, 'renaB', 'sdfdsffds', 'http://cawaii.buzoo.biz/images/5086a373d13f28.85350020.jpg', 'http://cawaii.buzoo.biz/images/thumbnail/5086a373d13f28.85350020.jpg', 'dsfsdfds', 16, 0, 'sadasdasd', 1, '2012-10-23 21:02:28', '2012-10-23 21:02:28'),
(1471, 143, 1, 1, 1, 'ricaB', 'sdfdsffds', 'http://cawaii.buzoo.biz/images/5086a374019b34.53356042.jpg', 'http://cawaii.buzoo.biz/images/thumbnail/5086a374019b34.53356042.jpg', 'dsfsdfds', 16, 0, 'sadasdasd', 1, '2012-10-23 21:02:28', '2012-10-23 21:02:28'),
(1472, 143, 1, 1, 1, 'sample.c', 'sdfdsffds', NULL, NULL, 'dsfsdfds', 16, 0, 'sadasdasd', 1, '2012-10-23 21:02:28', '2012-10-23 21:02:28'),
(1473, 143, 1, 1, 1, 'sendyB', 'sdfdsffds', 'http://cawaii.buzoo.biz/images/5086a37426b090.88723869.jpg', 'http://cawaii.buzoo.biz/images/thumbnail/5086a37426b090.88723869.jpg', 'dsfsdfds', 16, 0, 'sadasdasd', 1, '2012-10-23 21:02:28', '2012-10-23 21:02:28'),
(1474, 143, 1, 1, 1, 'shaniaB', 'sdfdsffds', 'http://cawaii.buzoo.biz/images/5086a3744c4525.97740668.jpg', 'http://cawaii.buzoo.biz/images/thumbnail/5086a3744c4525.97740668.jpg', 'dsfsdfds', 17, 0, 'sadasdasd', 1, '2012-10-23 21:02:28', '2012-10-23 21:02:28'),
(1475, 143, 1, 1, 1, 'soniaB', 'sdfdsffds', 'http://cawaii.buzoo.biz/images/5086a37471c3b6.14542798.jpg', 'http://cawaii.buzoo.biz/images/thumbnail/5086a37471c3b6.14542798.jpg', 'dsfsdfds', 16, 0, 'sadasdasd', 1, '2012-10-23 21:02:28', '2012-10-23 21:02:28'),
(1476, 143, 1, 1, 1, 'sonyaB', 'sdfdsffds', 'http://cawaii.buzoo.biz/images/5086a37496a8c0.71710628.jpg', 'http://cawaii.buzoo.biz/images/thumbnail/5086a37496a8c0.71710628.jpg', 'dsfsdfds', 16, 0, 'sadasdasd', 1, '2012-10-23 21:02:28', '2012-10-23 21:02:28'),
(1477, 143, 1, 1, 1, 'stellaB', 'sdfdsffds', 'http://cawaii.buzoo.biz/images/5086a374bbc871.87748171.jpg', 'http://cawaii.buzoo.biz/images/thumbnail/5086a374bbc871.87748171.jpg', 'dsfsdfds', 16, 0, 'sadasdasd', 1, '2012-10-23 21:02:28', '2012-10-23 21:02:28'),
(1478, 143, 1, 1, 1, 'veB', 'sdfdsffds', 'http://cawaii.buzoo.biz/images/5086a374ec1840.74417157.jpg', 'http://cawaii.buzoo.biz/images/thumbnail/5086a374ec1840.74417157.jpg', 'dsfsdfds', 16, 0, 'sadasdasd', 1, '2012-10-23 21:02:29', '2012-10-23 21:02:29'),
(1479, 1, 1, 1, 1, 'UZA＜Type-A＞【初回限定盤】(マキシ＋DVD複合)', '握手会イベント参加券１種ランダム封入（全２種予定）リクエストアワーセットリスト　ベスト１００　２０１３楽曲投票券　期間限定封入', NULL, NULL, 'http://www.kingrecords.co.jp/cs/g/gKIZM-90173/', 1000000, 0, '※「新」チームは、先日東京ドームで発表されました、新たに組閣をした後のチームとなります。', 1, '2012-10-24 05:25:02', '2012-10-24 05:25:02'),
(1480, 1, 7, 7, 11, 'UZA＜Type-B＞【初回限定盤】(マキシ＋DVD複合)', 'B握手会イベント参加券１種ランダム封入（全２種予定）リクエストアワーセットリスト　ベスト１００　２０１３楽曲投票券　期間限定封入', NULL, NULL, 'http://www.kingrecords.co.jp/cs/g/gKIZM-90173/B', 10000001, 0, '※B「新」チームは、先日東京ドームで発表されました、新たに組閣をした後のチームとなります。', 0, '2012-10-24 05:32:16', '2012-10-24 05:32:16'),
(1481, 1, 7, 7, 11, 'UZA＜Type-A＞【初回限定盤】(マキシ＋DVD複合)', '握手会イベント参加券１種ランダム封入（全２種予定）リクエストアワーセットリスト　ベスト１００　２０１３楽曲投票券　期間限定封入', 'http://cawaii.buzoo.biz/images/50871b333ec129.32045977.jpg', 'http://cawaii.buzoo.biz/images/thumbnail/50871b333ec129.32045977.jpg', 'http://www.kingrecords.co.jp/cs/g/gKIZM-90173/', 1000000, 0, '※「新」チームは、先日東京ドームで発表されました、新たに組閣をした後のチームとなります。', 1, '2012-10-24 05:33:23', '2012-10-24 05:33:23'),
(1482, 1, 7, 7, 11, 'UZA【劇場盤】 ', '握手会イベント参加券１種ランダム封入（全２種予定）リクエストアワーセットリスト　ベスト１００　２０１３楽曲投票券　期間限定封入', 'http://cawaii.buzoo.biz/images/50871c1da41cd3.33522120.jpg', 'http://cawaii.buzoo.biz/images/thumbnail/50871c1da41cd3.33522120.jpg', 'http://www.kingrecords.co.jp/cs/g/gNMAX-1138/', 500000, 0, '※「新」チームは、先日東京ドームで発表されました、新たに組閣をした後のチームとなります。', 0, '2012-10-24 05:37:17', '2012-10-24 05:37:17'),
(1483, 1, 7, 7, 11, 'UZA＜Type-A＞【初回限定盤】(マキシ＋DVD複合)', '握手会イベント参加券１種ランダム封入（全２種予定）リクエストアワーセットリスト　ベスト１００　２０１３楽曲投票券　期間限定封入', 'http://cawaii.buzoo.biz/images/50871c1d83c2a8.75514853.jpg', 'http://cawaii.buzoo.biz/images/thumbnail/50871c1d83c2a8.75514853.jpg', 'http://www.kingrecords.co.jp/cs/g/gKIZM-90173/', 1000000, 0, '※「新」チームは、先日東京ドームで発表されました、新たに組閣をした後のチームとなります。', 1, '2012-10-24 05:37:17', '2012-10-24 05:37:17'),
(1484, 143, 10, 20, 35, 'スタスカ', 'いて座のあなた！必見です！', NULL, NULL, '星月学園購買', 500000, 0, 'スーパー天才な梓君です。あげません！', 1, '2012-10-24 08:47:26', '2012-10-24 08:47:26'),
(1485, 1, 1, 1, 1, 'サンプルアイテム', '内容をここに書きます。', 'http://cawaii.buzoo.biz/images/5088c858868855.41806289.gif', 'http://cawaii.buzoo.biz/images/thumbnail/5088c858868855.41806289.gif', 'http://amazon.co.jp/', 10, 0, 'メモです。', 1, '2012-10-25 12:04:24', '2012-10-25 12:04:24'),
(1486, 1, 10, 18, 35, 'サンプルアイテム', '内容をここに書きます。', NULL, NULL, 'http://amazon.co.jp/', 10, 0, 'メモです。', 1, '2012-10-25 14:26:27', '2012-10-25 14:26:27'),
(1487, 1, 1, 1, 1, 'サンプルアイテム', '内容をここに書きます。', 'http://cawaii.buzoo.biz/images/5088ea1bdbb179.26667334.gif', 'http://cawaii.buzoo.biz/images/thumbnail/5088ea1bdbb179.26667334.gif', 'http://amazon.co.jp/', 11, 0, 'メモです。', 1, '2012-10-25 14:28:28', '2012-10-25 14:28:28'),
(1488, 1, 10, 18, 35, 'サンプルアイテム', '内容をここに書きます。', NULL, NULL, 'http://amazon.co.jp/', 10, 0, 'メモです。', 1, '2012-10-25 14:25:43', '2012-10-25 14:25:43'),
(1489, 1, 1, 1, 1, 'サンプルアイテム', '内容をここに書きます。', 'http://cawaii.buzoo.biz/images/5088e9dddffb72.10615146.gif', 'http://cawaii.buzoo.biz/images/thumbnail/5088e9dddffb72.10615146.gif', 'http://amazon.co.jp/', 10, 0, 'メモです。', 1, '2012-10-25 14:27:26', '2012-10-25 14:27:26'),
(1490, 40, 10, 11, 19, 's', 'S', 'http://cawaii.buzoo.biz/images/509c79b426b367.02776327.jpg', 'http://cawaii.buzoo.biz/images/thumbnail/509c79b4387ce2.21433772.jpg', 'http://', 0, 0, NULL, 1, '2012-11-09 10:34:12', '0000-00-00 00:00:00'),
(1491, 40, 6, 6, 10, 'niko', 'Hahhaha', 'http://cawaii.buzoo.biz/images/50b32c01b34a85.20034111.jpg', 'http://cawaii.buzoo.biz/images/thumbnail/50b32c01bf47a3.47282642.jpg', 'http://', 0, 0, NULL, 1, '2012-11-26 15:44:49', '0000-00-00 00:00:00');
INSERT INTO `dtb_item` (`id`, `member_id`, `genre_id`, `category_id`, `sub_category_id`, `item_name`, `content`, `image_url`, `thumb_url`, `buy_url`, `likes`, `reports`, `memo`, `disp_flag`, `create_date`, `update_date`) VALUES
(1492, 40, 6, 6, 9, 'haha', 'Gaga', 'http://cawaii.buzoo.biz/images/50c7f9fe863d29.28350858.jpg', 'http://cawaii.buzoo.biz/images/thumbnail/50c7f9fe9720f8.77554527.jpg', 'http://', 0, 0, NULL, 1, '2012-12-12 10:29:02', '0000-00-00 00:00:00'),
(1493, 40, 6, 6, 9, 'hsa', 'CA', 'http://cawaii.buzoo.biz/images/50c7fb29b06d85.80800236.jpg', 'http://cawaii.buzoo.biz/images/thumbnail/50c7fb29b943d0.40634189.jpg', 'http://', 0, 0, NULL, 1, '2012-12-12 10:34:01', '0000-00-00 00:00:00'),
(1494, 40, 6, 6, 8, 'hVzhz', 'Gzgshd', 'http://cawaii.buzoo.biz/images/50c7ff23ab7481.22879122.jpg', 'http://cawaii.buzoo.biz/images/thumbnail/50c7ff23b7be46.77678987.jpg', 'http://', 0, 0, NULL, 1, '2012-12-12 10:50:59', '0000-00-00 00:00:00'),
(1495, 40, 6, 6, 9, 'Vvab', 'Gagz', 'http://cawaii.buzoo.biz/images/50c7ffe5703ce0.24984473.jpg', 'http://cawaii.buzoo.biz/images/thumbnail/50c7ffe57d48d4.55794899.jpg', 'http://', 0, 0, NULL, 1, '2012-12-12 10:54:13', '0000-00-00 00:00:00'),
(1496, 40, 6, 6, 9, 'zv', 'Bz', 'http://cawaii.buzoo.biz/images/50dab5759e2fa5.95706817.jpg', 'http://cawaii.buzoo.biz/images/thumbnail/50dab575affe85.35898232.jpg', 'http://', 0, 0, NULL, 1, '2012-12-26 15:29:41', '0000-00-00 00:00:00'),
(1497, 40, 6, 6, 8, 'gvc', 'Vhh', 'http://cawaii.buzoo.biz/images/50dab9a96d01c5.44493453.jpg', 'http://cawaii.buzoo.biz/images/thumbnail/50dab9a97a4978.97476929.jpg', 'http://', 0, 0, NULL, 1, '2012-12-26 15:47:37', '0000-00-00 00:00:00'),
(1498, 40, 6, 6, 8, 'cg', 'Vx', 'http://cawaii.buzoo.biz/images/50daba1c184956.94819685.jpg', 'http://cawaii.buzoo.biz/images/thumbnail/50daba1c21c1f9.99011841.jpg', 'http://', 0, 0, NULL, 1, '2012-12-26 15:49:32', '0000-00-00 00:00:00'),
(1499, 40, 6, 6, 10, 'fkd', 'Bcv', 'http://cawaii.buzoo.biz/images/50dc1d2e865348.19327895.jpg', 'http://cawaii.buzoo.biz/images/thumbnail/50dc1d2e918d14.02700828.jpg', 'http://', 0, 0, NULL, 1, '2012-12-27 17:04:30', '0000-00-00 00:00:00'),
(1500, 40, 6, 6, 10, 'benito', 'Gayyyyy', 'http://cawaii.buzoo.biz/images/5119d94fde45a5.74953146.jpg', 'http://cawaii.buzoo.biz/images/thumbnail/5119d94fed1910.31901489.jpg', 'http://', 0, 0, NULL, 1, '2013-02-12 12:55:28', '0000-00-00 00:00:00');

-- --------------------------------------------------------

--
-- Struktur dari tabel `dtb_item_likes`
--

CREATE TABLE IF NOT EXISTS `dtb_item_likes` (
  `id` bigint(20) unsigned NOT NULL auto_increment,
  `member_id` bigint(20) unsigned NOT NULL default '0',
  `item_id` bigint(20) unsigned NOT NULL default '0',
  `create_date` datetime NOT NULL,
  PRIMARY KEY  (`id`)
) ENGINE=InnoDB  DEFAULT CHARSET=utf8 AUTO_INCREMENT=159 ;

--
-- Dumping data untuk tabel `dtb_item_likes`
--

INSERT INTO `dtb_item_likes` (`id`, `member_id`, `item_id`, `create_date`) VALUES
(1, 0, 1, '2012-07-12 18:08:42'),
(2, 0, 1, '2012-07-12 18:42:18'),
(3, 1, 1, '2012-07-13 11:42:42'),
(4, 1, 1, '2012-07-13 11:42:48'),
(5, 1, 2, '2012-07-13 13:55:25'),
(6, 1, 5, '2012-07-13 14:07:16'),
(7, 10, 39, '2012-07-13 17:58:43'),
(8, 10, 54, '2012-07-14 18:21:25'),
(9, 65, 12, '2012-08-02 17:41:17'),
(10, 65, 7, '2012-08-02 17:41:55'),
(11, 65, 17, '2012-08-02 17:42:00'),
(12, 65, 45, '2012-08-02 18:16:43'),
(13, 65, 46, '2012-08-02 18:17:08'),
(14, 65, 47, '2012-08-02 18:18:03'),
(15, 65, 48, '2012-08-02 18:18:30'),
(16, 65, 49, '2012-08-02 18:21:52'),
(17, 65, 50, '2012-08-02 18:21:58'),
(18, 40, 78, '2012-08-03 18:09:46'),
(19, 40, 77, '2012-08-03 18:12:13'),
(20, 40, 79, '2012-08-03 18:34:58'),
(21, 40, 72, '2012-08-03 18:36:13'),
(22, 40, 76, '2012-08-03 18:36:18'),
(23, 40, 80, '2012-08-03 18:47:28'),
(24, 79, 73, '2012-08-09 14:50:20'),
(25, 79, 72, '2012-08-09 14:50:42'),
(26, 83, 83, '2012-08-13 00:35:06'),
(27, 82, 77, '2012-08-13 01:08:21'),
(28, 83, 80, '2012-08-13 01:17:16'),
(29, 83, 7, '2012-08-13 01:17:36'),
(30, 84, 84, '2012-08-13 04:56:10'),
(31, 84, 76, '2012-08-13 04:56:41'),
(32, 102, 72, '2012-08-15 10:58:08'),
(33, 40, 89, '2012-08-15 11:00:27'),
(34, 85, 91, '2012-08-15 12:36:02'),
(35, 82, 91, '2012-08-15 14:14:49'),
(36, 104, 89, '2012-08-15 18:03:35'),
(37, 104, 92, '2012-08-15 18:08:02'),
(38, 83, 90, '2012-08-15 18:13:20'),
(39, 85, 92, '2012-08-16 00:41:21'),
(40, 40, 75, '2012-08-16 16:28:11'),
(41, 40, 86, '2012-08-16 16:47:12'),
(42, 40, 84, '2012-08-16 16:47:16'),
(43, 40, 82, '2012-08-16 16:53:24'),
(44, 106, 27, '2012-08-16 17:20:42'),
(45, 106, 7, '2012-08-16 17:20:50'),
(46, 106, 95, '2012-08-16 17:20:58'),
(47, 105, 91, '2012-08-16 19:04:23'),
(48, 105, 94, '2012-08-16 19:05:35'),
(49, 105, 93, '2012-08-16 19:05:51'),
(50, 105, 95, '2012-08-16 19:05:56'),
(51, 105, 90, '2012-08-16 19:06:03'),
(52, 105, 92, '2012-08-16 19:06:15'),
(53, 40, 93, '2012-08-16 23:06:33'),
(54, 83, 89, '2012-08-21 13:31:08'),
(55, 83, 91, '2012-08-21 13:34:34'),
(56, 104, 7, '2012-08-21 14:15:10'),
(57, 104, 98, '2012-08-21 14:29:59'),
(58, 105, 98, '2012-08-28 10:57:26'),
(59, 105, 102, '2012-08-28 19:54:31'),
(60, 127, 98, '2012-08-28 20:50:21'),
(61, 83, 107, '2012-08-29 02:02:28'),
(62, 0, 91, '2012-08-29 18:52:00'),
(63, 105, 121, '2012-08-30 15:09:54'),
(64, 40, 125, '2012-08-31 14:38:40'),
(65, 40, 124, '2012-08-31 14:41:22'),
(66, 83, 166, '2012-09-03 22:38:01'),
(67, 83, 170, '2012-09-03 23:29:43'),
(68, 83, 124, '2012-09-03 23:38:22'),
(69, 83, 175, '2012-09-05 09:10:15'),
(70, 40, 177, '2012-09-05 12:31:54'),
(71, 40, 172, '2012-09-05 12:39:58'),
(72, 105, 219, '2012-09-06 11:43:45'),
(73, 40, 7, '2012-09-07 15:26:27'),
(74, 0, 385, '2012-09-13 17:02:20'),
(75, 0, 385, '2012-09-13 17:02:22'),
(76, 0, 385, '2012-09-13 17:02:24'),
(77, 0, 385, '2012-09-13 17:02:28'),
(78, 0, 385, '2012-09-13 17:02:33'),
(79, 0, 385, '2012-09-13 17:02:35'),
(80, 0, 385, '2012-09-13 17:02:36'),
(81, 0, 385, '2012-09-13 17:02:39'),
(82, 0, 385, '2012-09-13 17:02:42'),
(83, 0, 385, '2012-09-13 17:02:44'),
(84, 0, 385, '2012-09-13 17:02:45'),
(85, 0, 385, '2012-09-13 17:02:46'),
(86, 0, 385, '2012-09-13 17:02:47'),
(87, 0, 385, '2012-09-13 17:02:48'),
(88, 0, 385, '2012-09-13 17:02:51'),
(89, 0, 385, '2012-09-13 17:02:53'),
(90, 0, 385, '2012-09-13 17:02:55'),
(91, 0, 385, '2012-09-13 17:02:56'),
(92, 0, 385, '2012-09-13 17:02:59'),
(93, 0, 385, '2012-09-13 17:03:03'),
(94, 0, 385, '2012-09-13 17:03:50'),
(95, 0, 385, '2012-09-13 17:03:51'),
(96, 132, 409, '2012-09-13 17:06:57'),
(97, 0, 385, '2012-09-13 17:21:50'),
(98, 0, 385, '2012-09-13 17:21:52'),
(99, 0, 385, '2012-09-13 17:21:53'),
(100, 0, 385, '2012-09-13 17:21:54'),
(101, 0, 385, '2012-09-13 17:21:55'),
(102, 0, 385, '2012-09-13 17:21:57'),
(103, 0, 385, '2012-09-13 17:21:58'),
(104, 0, 385, '2012-09-13 17:21:59'),
(105, 0, 385, '2012-09-13 17:22:00'),
(106, 0, 385, '2012-09-13 17:22:01'),
(107, 0, 385, '2012-09-13 17:22:02'),
(108, 0, 385, '2012-09-13 17:22:03'),
(109, 0, 385, '2012-09-13 17:22:05'),
(110, 0, 385, '2012-09-13 17:24:22'),
(111, 0, 7, '2012-09-13 17:24:28'),
(112, 0, 7, '2012-09-13 17:24:29'),
(113, 0, 7, '2012-09-13 17:24:30'),
(114, 0, 7, '2012-09-13 17:24:31'),
(115, 0, 7, '2012-09-13 17:24:33'),
(116, 0, 7, '2012-09-13 17:24:34'),
(117, 0, 12, '2012-09-13 17:24:41'),
(118, 0, 12, '2012-09-13 17:24:43'),
(119, 0, 12, '2012-09-13 17:24:44'),
(120, 40, 385, '2012-09-13 17:24:47'),
(121, 0, 12, '2012-09-13 17:25:02'),
(122, 0, 12, '2012-09-13 17:25:03'),
(123, 0, 12, '2012-09-13 17:25:05'),
(124, 0, 12, '2012-09-13 17:25:06'),
(125, 0, 12, '2012-09-13 17:25:07'),
(126, 0, 12, '2012-09-13 17:25:09'),
(127, 0, 12, '2012-09-13 17:25:13'),
(128, 0, 12, '2012-09-13 17:25:14'),
(129, 0, 12, '2012-09-13 17:25:15'),
(130, 0, 12, '2012-09-13 17:25:16'),
(131, 0, 385, '2012-09-13 17:26:11'),
(132, 0, 385, '2012-09-13 17:26:13'),
(133, 0, 385, '2012-09-13 17:26:14'),
(134, 0, 385, '2012-09-13 17:26:16'),
(135, 0, 385, '2012-09-13 17:26:17'),
(136, 40, 12, '2012-09-13 17:34:03'),
(137, 65, 385, '2012-09-13 17:37:47'),
(138, 105, 484, '2012-09-17 10:34:24'),
(139, 83, 489, '2012-09-20 16:05:19'),
(140, 65, 501, '2012-09-25 17:10:52'),
(141, 83, 500, '2012-09-26 15:09:29'),
(142, 83, 502, '2012-09-26 15:09:40'),
(143, 83, 498, '2012-09-26 15:09:53'),
(144, 127, 500, '2012-09-27 10:21:24'),
(145, 127, 505, '2012-09-27 10:28:59'),
(146, 127, 497, '2012-09-27 10:29:27'),
(147, 127, 147, '2012-09-27 10:31:18'),
(148, 40, 498, '2012-09-27 10:49:09'),
(149, 40, 497, '2012-09-27 13:42:03'),
(150, 66, 519, '2012-10-01 17:37:46'),
(151, 66, 529, '2012-10-01 17:38:08'),
(152, 83, 427, '2012-10-02 15:09:37'),
(153, 83, 501, '2012-10-02 18:05:51'),
(154, 40, 1474, '2012-11-01 16:03:43'),
(155, 40, 1487, '2013-01-07 18:35:20'),
(156, 40, 500, '2013-01-07 18:36:40'),
(157, 127, 1353, '2013-01-25 07:11:43'),
(158, 40, 1445, '2013-02-12 11:17:44');

-- --------------------------------------------------------

--
-- Struktur dari tabel `dtb_item_reports`
--

CREATE TABLE IF NOT EXISTS `dtb_item_reports` (
  `id` bigint(20) unsigned NOT NULL auto_increment,
  `member_id` bigint(20) unsigned NOT NULL default '0',
  `item_id` bigint(20) unsigned NOT NULL default '0',
  `create_date` datetime NOT NULL,
  PRIMARY KEY  (`id`)
) ENGINE=InnoDB  DEFAULT CHARSET=utf8 AUTO_INCREMENT=59 ;

--
-- Dumping data untuk tabel `dtb_item_reports`
--

INSERT INTO `dtb_item_reports` (`id`, `member_id`, `item_id`, `create_date`) VALUES
(1, 0, 1, '2012-07-12 17:18:07'),
(2, 0, 1, '2012-07-12 17:19:04'),
(3, 0, 1, '2012-07-12 17:26:07'),
(4, 0, 1, '2012-07-12 17:26:09'),
(5, 0, 1, '2012-07-12 17:26:20'),
(6, 0, 1, '2012-07-12 17:26:23'),
(7, 0, 1, '2012-07-12 17:27:25'),
(8, 0, 1, '2012-07-12 17:27:26'),
(9, 0, 1, '2012-07-12 17:27:28'),
(10, 0, 1, '2012-07-12 17:28:22'),
(11, 0, 1, '2012-07-12 17:28:23'),
(12, 0, 1, '2012-07-12 17:30:47'),
(13, 0, 1, '2012-07-12 17:30:50'),
(14, 0, 1, '2012-07-12 17:33:52'),
(15, 0, 1, '2012-07-12 17:33:53'),
(16, 0, 1, '2012-07-12 17:33:54'),
(17, 0, 1, '2012-07-12 17:37:34'),
(18, 0, 1, '2012-07-12 17:37:50'),
(19, 0, 1, '2012-07-12 17:37:52'),
(20, 1, 1, '2012-07-12 17:40:34'),
(21, 1, 1, '2012-07-12 17:40:37'),
(22, 1, 1, '2012-07-12 17:44:39'),
(23, 1, 2, '2012-07-12 17:45:11'),
(24, 4, 1, '2012-07-12 17:48:31'),
(25, 5, 1, '2012-07-12 17:50:06'),
(26, 7, 1, '2012-07-12 17:57:51'),
(27, 0, 1, '2012-07-12 18:03:27'),
(28, 0, 1, '2012-07-12 18:06:23'),
(29, 1, 3, '2012-07-13 14:06:44'),
(30, 1, 4, '2012-07-13 14:06:49'),
(32, 10, 28, '2012-07-13 18:04:14'),
(33, 10, 40, '2012-07-13 18:04:22'),
(34, 10, 54, '2012-07-14 18:23:05'),
(35, 40, 79, '2012-08-03 18:34:52'),
(36, 40, 72, '2012-08-03 18:35:22'),
(37, 40, 80, '2012-08-03 18:47:38'),
(38, 83, 75, '2012-08-13 01:06:27'),
(39, 82, 77, '2012-08-13 01:08:16'),
(40, 82, 83, '2012-08-13 01:12:29'),
(41, 83, 80, '2012-08-13 01:17:21'),
(42, 0, 12, '2012-08-15 14:21:45'),
(43, 0, 91, '2012-08-15 17:55:37'),
(44, 104, 89, '2012-08-15 18:04:24'),
(45, 0, 89, '2012-08-17 13:51:58'),
(46, 0, 91, '2012-08-20 08:28:12'),
(47, 0, 97, '2012-08-21 09:01:25'),
(48, 83, 98, '2012-08-21 13:30:54'),
(49, 104, 100, '2012-08-21 14:26:47'),
(50, 104, 98, '2012-08-21 14:30:15'),
(51, 127, 98, '2012-08-28 20:50:14'),
(52, 0, 7, '2012-08-31 06:49:08'),
(53, 0, 386, '2012-09-07 10:29:52'),
(54, 40, 397, '2012-09-07 17:53:11'),
(55, 40, 117, '2012-09-10 12:49:34'),
(56, 127, 505, '2012-09-27 10:29:02'),
(57, 127, 497, '2012-09-27 10:29:25'),
(58, 127, 147, '2012-09-27 10:31:29');

-- --------------------------------------------------------

--
-- Struktur dari tabel `dtb_mail_template`
--

CREATE TABLE IF NOT EXISTS `dtb_mail_template` (
  `id` int(11) unsigned NOT NULL auto_increment,
  `subject` varchar(64) NOT NULL,
  `body` text NOT NULL,
  `type` int(3) NOT NULL,
  PRIMARY KEY  (`id`)
) ENGINE=InnoDB  DEFAULT CHARSET=utf8 AUTO_INCREMENT=2 ;

--
-- Dumping data untuk tabel `dtb_mail_template`
--

INSERT INTO `dtb_mail_template` (`id`, `subject`, `body`, `type`) VALUES
(1, '[ｃawaii]パスワードのお知らせ', 'cawaiiのご利用ありがとうございます。\r\n\r\n新しくパスワードを発行致しましたのでお知らせ致します。\r\n\r\n▼パスワード\r\n%PASSWORD%\r\n\r\n\r\nアプリを起動の上、ログインしてご利用ください。\r\n\r\n\r\n※このメールにお心あたりのないお客様は、\r\n大変お手数ですが、削除していただきますようお願い致します。\r\n\r\n※こちらのメールアドレスは送信専用となっております。　\r\nご返信頂いても返答出来ませんので、予めご了承下さい。\r\n\r\n\r\n━━━━━━━━━━━━━━━━━━━━━━━━━━━━━━━━━━━\r\n発行元：株式会社ワンピース \r\nhttp://www.rakuten.co.jp/onepi-c/info.html\r\n\r\n▽cawaiiに関するお問い合わせ\r\ne-mail:onepi-c@shop.rakuten.co.jp\r\n━━━━━━━━━━━━━━━━━━━━━━━━━━━━━━━━━━━\r\n', 1);

-- --------------------------------------------------------

--
-- Struktur dari tabel `dtb_member`
--

CREATE TABLE IF NOT EXISTS `dtb_member` (
  `id` bigint(20) unsigned NOT NULL auto_increment,
  `status` tinyint(4) default '2',
  `account_type` tinyint(4) NOT NULL default '1',
  `email` varchar(128) default NULL,
  `password` varchar(60) default NULL,
  `temp_password` varchar(60) default NULL,
  `accesskey` varchar(32) default NULL,
  `nickname` varchar(32) default NULL,
  `birthday` date default NULL,
  `birthday_public` tinyint(4) NOT NULL default '1',
  `address1` varchar(32) NOT NULL,
  `image_url` varchar(200) default NULL,
  `thumb_url` varchar(200) default NULL,
  `profile` text,
  `rank_id` tinyint(4) NOT NULL default '1',
  `points` bigint(20) NOT NULL default '0',
  `device_token` varchar(64) default NULL,
  `facebook_id` bigint(20) unsigned default NULL,
  `twitter_id` bigint(20) unsigned default NULL,
  `mixi_id` varchar(13) default NULL,
  `create_date` datetime default NULL,
  `update_date` datetime default NULL,
  `leave_date` datetime default NULL,
  PRIMARY KEY  (`id`)
) ENGINE=InnoDB  DEFAULT CHARSET=utf8 AUTO_INCREMENT=148 ;

--
-- Dumping data untuk tabel `dtb_member`
--

INSERT INTO `dtb_member` (`id`, `status`, `account_type`, `email`, `password`, `temp_password`, `accesskey`, `nickname`, `birthday`, `birthday_public`, `address1`, `image_url`, `thumb_url`, `profile`, `rank_id`, `points`, `device_token`, `facebook_id`, `twitter_id`, `mixi_id`, `create_date`, `update_date`, `leave_date`) VALUES
(1, 2, 1, 'asd@asd.com', 'f7a9e24777ec23212c54d7a350bc5bea5477fdbb', 'asd', 'asd', '管理者', '0000-00-00', 1, '東京都', 'http://www.akb48.co.jp/', NULL, '', 0, 39, NULL, NULL, NULL, NULL, '2012-07-10 14:53:22', '2012-09-24 18:06:12', NULL),
(3, 2, 1, 'aaa@aaa.com', 'f7a9e24777ec23212c54d7a350bc5bea5477fdbb', NULL, NULL, 'eee', '1989-06-06', 1, 'jakarta', '', NULL, NULL, 1, 0, NULL, NULL, NULL, NULL, '2012-07-10 16:39:48', '2012-07-12 16:30:39', NULL),
(4, 2, 1, 'aaa2@aaa.com', '7e240de74fb1ed08fa08d38063f6a6a91462a815', NULL, '4ffbfe8ce8a093.83195759', 'eee', '1989-06-06', 1, 'jakarta', '', NULL, NULL, 1, 0, NULL, NULL, NULL, NULL, '2012-07-10 17:06:04', '2012-07-12 16:30:39', NULL),
(5, 2, 1, 'aaa3@aaa.com', 'f7a9e24777ec23212c54d7a350bc5bea5477fdbb', NULL, '4ffc017c436590.89413513', 'eee', '1989-06-06', 1, 'jakarta', '', NULL, NULL, 1, 0, NULL, NULL, NULL, NULL, '2012-07-10 17:18:36', '2012-07-12 16:30:39', NULL),
(6, 2, 1, 'aaa4@aaa.com', '7e240de74fb1ed08fa08d38063f6a6a91462a815', NULL, '4ffcf8ace8fab3.33118101', 'eee', '1989-06-15', 1, 'Jakarta', '', NULL, NULL, 1, 0, NULL, NULL, NULL, NULL, '2012-07-11 10:53:17', '2012-07-12 16:30:39', NULL),
(7, 2, 1, 'aaa5@aaa.com', '7e240de74fb1ed08fa08d38063f6a6a91462a815', NULL, '4ffcf904c3aab2.80556152', 'eee', '1989-06-15', 1, 'Jakarta', '', NULL, NULL, 1, 0, NULL, NULL, NULL, NULL, '2012-07-11 10:54:44', '2012-07-12 16:30:39', NULL),
(8, 2, 1, 'tes@tes.com', 'd1c056a983786a38ca76a05cda240c7b86d77136', NULL, '4ffe931c4748c3.62467382', 'eee', '1990-01-01', 1, 'dor', '', NULL, NULL, 1, 0, NULL, NULL, NULL, NULL, '2012-07-12 16:04:28', '2012-07-12 16:30:39', NULL),
(9, 2, 1, 'bbb@bbb.com ', 'b8705c26c06fcb4e61e49b54e754cbf60d9a1f55', NULL, '4ffea0ec2ca8c9.75557633', 'bbbNickname2', '1989-10-10', 1, 'bbbAddress', '', NULL, 'description profile', 1, 0, NULL, NULL, NULL, NULL, '2012-07-12 17:03:24', '2012-07-12 17:04:34', NULL),
(10, 2, 1, 'miyoshi@buzoo.jp', '62f7414f0e476261c983e105fe94ce8b169b56bd', NULL, '50c805811d4528.58035822', '', '1986-11-15', 1, '???', NULL, NULL, '', 1, 2, '0dec51390ddf367f8c29d355d7156d0339d32af5e9533d0ddb5f814939dbe047', NULL, NULL, NULL, '2012-07-13 15:06:36', '2012-12-12 11:18:09', NULL),
(11, 2, 1, 'test@buzoo.jp', '62f7414f0e476261c983e105fe94ce8b169b56bd', NULL, '4fffd8c97e5932.48832273', 'miyomiyo', '1986-11-15', 1, '???', '', NULL, NULL, 1, 0, NULL, NULL, NULL, NULL, '2012-07-13 15:14:01', NULL, NULL),
(12, 2, 1, 'test@test.com', 'c50267b906a652f2142cfab006e215c9f6fdc8a0', NULL, '4fffec1257e3d2.24954099', 'qwewqe', '2012-12-12', 1, 'wqeqweq', 'image_1.jpg', NULL, NULL, 1, 0, NULL, NULL, NULL, NULL, '2012-07-13 16:36:18', NULL, NULL),
(13, 2, 1, 'm@a.aa', '62f7414f0e476261c983e105fe94ce8b169b56bd', NULL, '4fffed24d64bd6.73838347', 'miyomiyo', '1986-11-15', 1, '???', '399027_318235388246722_182680029_n.jpg', NULL, '', 1, 0, NULL, NULL, NULL, NULL, '2012-07-13 16:40:52', '2012-07-13 17:56:00', NULL),
(14, 2, 1, 'bbb2@bbb.com', '5cb138284d431abd6a053a56625ec088bfb88912', NULL, '4ffff2baccfcb1.21397878', 'bbbNickName', '1989-10-10', 1, 'bbbAddress', 'http://cawaii.buzoo.biz/upload/icon/4ffff2baca6179.51946700.jpg', NULL, NULL, 1, 0, NULL, NULL, NULL, NULL, '2012-07-13 17:04:42', NULL, NULL),
(15, 2, 1, 'bbb3@bbb.com', '5cb138284d431abd6a053a56625ec088bfb88912', NULL, '4ffff37bae4974.52845759', 'bbbNickName', '1989-10-10', 1, 'bbbAddress', 'http://cawaii.buzoo.biz/images/4ffff37baac1b6.27944103.jpg', NULL, NULL, 1, 0, NULL, NULL, NULL, NULL, '2012-07-13 17:07:55', NULL, NULL),
(16, 2, 1, 'bbb5@bbb.com', '5cb138284d431abd6a053a56625ec088bfb88912', NULL, '4ffff7c8932100.78286877', '123', '1989-10-10', 1, '???', 'http://cawaii.buzoo.biz/images/4ffff7c85ed659.09916473.jpg', 'http://cawaii.buzoo.biz/images/thumbnail/4ffff7c8907f31.85951773.jpg', '', 1, 0, NULL, NULL, NULL, NULL, '2012-07-13 17:26:16', '2012-07-13 18:27:53', NULL),
(17, 2, 1, 'm@m.mm', '62f7414f0e476261c983e105fe94ce8b169b56bd', NULL, '5000027be3af38.70121361', 'miyopon', '1986-11-15', 1, '47', 'http://cawaii.buzoo.biz/images/5000027bdf8bd4.07795976.jpg', 'http://cawaii.buzoo.biz/images/thumbnail/5000027be1c455.79267493.jpg', '', 1, 0, NULL, NULL, NULL, NULL, '2012-07-13 18:11:55', '2012-07-13 18:48:04', NULL),
(18, 2, 1, 'a', '86f7e437faa5a7fce15d1ddcb9eaeaea377667b8', NULL, '5000331a976129.56795546', 'Albet', '1986-11-15', 1, 'a', NULL, NULL, NULL, 1, 0, NULL, NULL, NULL, NULL, '2012-07-13 21:39:22', NULL, NULL),
(19, 2, 1, 'b', 'e9d71f5ee7c92d6dc9e92ffdad17b8bd49418f98', NULL, '500033dd408827.32952775', 'b', '0000-00-00', 1, 'b', NULL, NULL, NULL, 1, 0, NULL, NULL, NULL, NULL, '2012-07-13 21:42:37', NULL, NULL),
(20, 2, 1, 'l@l.ll', '07c342be6e560e7f43842e2e21b774e61d85f047', NULL, '500034be28a5f0.75937451', 'ta', '1986-11-15', 1, '???', NULL, NULL, NULL, 1, 0, NULL, NULL, NULL, NULL, '2012-07-13 21:46:22', NULL, NULL),
(21, 2, 1, 'bbb99@bbb.com', '5cb138284d431abd6a053a56625ec088bfb88912', NULL, '50037961811de6.37616221', 'bbbNickName', '1989-10-10', 1, 'bbbAddress', NULL, NULL, NULL, 1, 0, NULL, NULL, NULL, NULL, '2012-07-16 09:16:01', NULL, NULL),
(22, 2, 1, 'ccc@ccc.com', 'f36b4825e5db2cf7dd2d2593b3f5c24c0311d8b2', NULL, '50037a2ad94d19.06138491', 'cccNick', '1989-11-11', 1, 'ccc', NULL, NULL, 'cc', 1, 0, NULL, NULL, NULL, NULL, '2012-07-16 09:19:22', '2012-07-16 09:19:53', NULL),
(23, 2, 1, 'bbbb@bbbb.com', '4d13fcc6eda389d4d679602171e11593eadae9b9', NULL, '50038602109931.94253319', 'qwewq', '0000-00-00', 1, 'asdad', NULL, NULL, NULL, 1, 0, NULL, NULL, NULL, NULL, '2012-07-16 10:09:54', NULL, NULL),
(24, 3, 1, 'a@a.com', '7e240de74fb1ed08fa08d38063f6a6a91462a815', NULL, '500394a02046d4.56639206', 'sad', '2012-12-12', 1, '14', 'http://cawaii.buzoo.biz/images/500394a0074c87.14533566.jpg', 'http://cawaii.buzoo.biz/images/thumbnail/500394a01a3b24.43837260.jpg', '', 1, 0, NULL, NULL, NULL, NULL, '2012-07-16 11:12:16', '2012-07-16 11:22:19', NULL),
(25, 2, 1, 'lala@wowow.com', '4d13fcc6eda389d4d679602171e11593eadae9b9', NULL, '5003e5169f7302.54841812', 'lala', '0000-00-00', 1, 'lala', NULL, NULL, NULL, 1, 0, NULL, NULL, NULL, NULL, '2012-07-16 16:55:34', NULL, NULL),
(26, 2, 1, 'wewe@wewe.com', 'b480c074d6b75947c02681f31c90c668c46bf6b8', NULL, '5003e636143fb4.03561397', 'aaaaaa', '2012-02-05', 1, 'aaaaaa', NULL, NULL, NULL, 1, 0, NULL, NULL, NULL, NULL, '2012-07-16 17:00:22', NULL, NULL),
(27, 2, 1, 'lalala@wowow.com', '4d13fcc6eda389d4d679602171e11593eadae9b9', NULL, '5003e6e5162798.33033916', 'lala', '1989-06-06', 1, 'lala', NULL, NULL, NULL, 1, 0, NULL, NULL, NULL, NULL, '2012-07-16 17:03:17', NULL, NULL),
(28, 2, 1, 'wewewew@wewe.com', 'df51e37c269aa94d38f93e537bf6e2020b21406c', NULL, '5003e76072e880.58263817', 'aaaaaa', '2012-02-05', 1, 'aaaaaa', NULL, NULL, NULL, 1, 0, NULL, NULL, NULL, NULL, '2012-07-16 17:05:20', NULL, NULL),
(31, 3, 1, 'asdas@asda.com', '052983ee7dd36eb268b63f9e49b99f1772e839ba', NULL, '5003e81e6cd453.18475142', 'asda', '2012-11-11', 1, 'asdasd', NULL, NULL, NULL, 1, 0, NULL, NULL, NULL, NULL, '2012-07-16 17:08:30', NULL, '2012-07-17 14:39:45'),
(32, 2, 1, 'lalalza@wowow.com', 'b77d98f34331a8c114ff0b2b25482675175c1e4b', NULL, '5003e8e889ee97.25798115', 'lala', '1989-06-06', 1, 'lala', NULL, NULL, NULL, 1, 0, NULL, NULL, NULL, NULL, '2012-07-16 17:11:52', NULL, NULL),
(33, 2, 1, 'asdas@ad.com', '377fcebeafe6c711141237f4d582854e7892a0bb', NULL, '5003e8ebdbfd21.98002512', 'asdsa', '1989-06-06', 1, 'asdasd', NULL, NULL, NULL, 1, 0, NULL, NULL, NULL, NULL, '2012-07-16 17:11:55', NULL, NULL),
(34, 2, 1, 'dodol@dodol.com', 'efc1875868806cf8216f69880d8ec4559a5243f1', NULL, '5003fa0a6d6a51.98432482', 'si dodol', '0000-00-00', 1, '11', 'http://www.wired.com/gadgetlab/2010/09/steve-jobs-itunes/', NULL, '', 1, 0, NULL, NULL, NULL, NULL, '2012-07-16 18:24:58', '2012-07-17 12:02:21', NULL),
(35, 2, 1, 'asdsa@asda.com', 'a366d19dda35ae22b06bbb5fee40455ba02622b9', NULL, '5003ffb3dc79b8.22404809', 'adadsa', '0000-00-00', 1, 'asdad', NULL, NULL, NULL, 1, 0, NULL, NULL, NULL, NULL, '2012-07-16 18:49:07', NULL, NULL),
(36, 2, 1, 'asdsa@adas.com', '384fcd160ab3b33174ea279ad26052eee191508a', NULL, '50040203a8cf77.31657278', 'adadsa', '2011-12-31', 1, '15', 'asd', NULL, '', 1, 0, NULL, NULL, NULL, NULL, '2012-07-16 18:58:59', '2012-07-17 14:41:59', NULL),
(37, 2, 1, 'mtakaaki19861115@gmail.com', '23533fa0fe509ee50b7e3ddc143c46aa1c1e8c54', NULL, '5004041ec14755.62253532', 'nunu', '1986-11-15', 1, '12', 'aaa', NULL, '', 1, 0, NULL, NULL, NULL, NULL, '2012-07-16 19:07:58', '2012-07-17 14:42:08', NULL),
(39, 1, 1, 'rendy@rendy.com', '275671ae9b633b4ef759b2e2b7dc32cd71a1e6e9', NULL, '5004e3253e2fb0.02092392', 'rhananta', '1989-06-06', 1, '2', 'http://cawaii.buzoo.biz/images/5004e36944b169.99576300.jpg', 'http://cawaii.buzoo.biz/images/thumbnail/5004e3694f1e36.22887404.jpg', 'hananta', 1, 0, NULL, NULL, NULL, NULL, '2012-07-17 10:59:33', '2012-07-17 12:10:54', NULL),
(40, 2, 1, 'hendy@buzoo.biz', 'cb5932271dc36b9a3c4c670dc8c822267aea8e31', NULL, '513044fb6bc887.88774522', 'Fryrir', '1990-09-09', 0, 'Jl. Bawang Putih 3', 'http://cawaii.buzoo.biz/images/51304540ee0636.98443197.jpg', 'http://cawaii.buzoo.biz/images/thumbnail/51304541078802.21492908.jpg', 'Look behind you! Boooo!!!', 1, 87, '173dfeb9290cc11612eaf07b23ec62afa8699d7651a7646eecb03618dedbda48', NULL, NULL, NULL, '2012-07-24 15:05:04', '2013-03-01 13:05:53', NULL),
(41, 2, 1, 'hehe@yahoo.com', 'b480c074d6b75947c02681f31c90c668c46bf6b8', NULL, '500e727bde4449.64271120', '(null)', '1980-01-01', 1, '???', NULL, NULL, NULL, 1, 0, NULL, NULL, NULL, NULL, '2012-07-24 17:01:31', NULL, NULL),
(42, 2, 1, 'hendy@gmail.com', 'b480c074d6b75947c02681f31c90c668c46bf6b8', NULL, '500e73bac53357.83907298', 'Hendy', '1992-09-12', 1, '???', NULL, NULL, NULL, 1, 0, NULL, NULL, NULL, NULL, '2012-07-24 17:06:50', NULL, NULL),
(43, 2, 1, 'Asd@yahoo.com', '00ea1da4192a2030f9ae023de3b3143ed647bbab', NULL, '500e74fdade1f4.60605060', 'Asd', '1980-01-01', 1, '???', NULL, NULL, NULL, 1, 0, NULL, NULL, NULL, NULL, '2012-07-24 17:12:13', NULL, NULL),
(44, 2, 1, 'aaaaaaaa@aaa.aaa', 'b480c074d6b75947c02681f31c90c668c46bf6b8', NULL, '500e76c315fd90.06503175', 'Asasd', '1980-01-01', 1, '???', NULL, NULL, NULL, 1, 0, NULL, NULL, NULL, NULL, '2012-07-24 17:19:47', NULL, NULL),
(45, 2, 1, 'Asdasd@asda.com', 'b480c074d6b75947c02681f31c90c668c46bf6b8', NULL, '500e7ecceb9498.72908891', 'Aasdad', '1980-01-01', 1, '???', NULL, NULL, NULL, 1, 0, NULL, NULL, NULL, NULL, '2012-07-24 17:54:04', NULL, NULL),
(46, 2, 1, 'hehehe@yahoo.com', 'b480c074d6b75947c02681f31c90c668c46bf6b8', NULL, '500e7eea2ce203.00763004', 'Hehehe', '1980-01-01', 1, '???', NULL, NULL, NULL, 1, 0, NULL, NULL, NULL, NULL, '2012-07-24 17:54:34', NULL, NULL),
(47, 2, 1, 'hendyy@yahoo.com', 'b480c074d6b75947c02681f31c90c668c46bf6b8', NULL, '500e7fa7e11b02.60258156', 'Hendy', '1980-01-01', 1, '???', NULL, NULL, NULL, 1, 0, NULL, NULL, NULL, NULL, '2012-07-24 17:57:43', NULL, NULL),
(48, 2, 1, 'yyy@yy.yy', 'b480c074d6b75947c02681f31c90c668c46bf6b8', NULL, '500e81cf61fa04.11312605', 'Yyy', '1980-01-01', 1, '???', NULL, NULL, NULL, 1, 0, NULL, NULL, NULL, NULL, '2012-07-24 18:06:55', NULL, NULL),
(49, 2, 1, 'hehe@hehe.com', '2882f38e575101ba615f725af5e59bf2333a9a68', NULL, '500e82418598e4.24990347', 'Aaaaaaa', '1980-01-01', 1, '???', NULL, NULL, NULL, 1, 0, NULL, NULL, NULL, NULL, '2012-07-24 18:08:49', NULL, NULL),
(50, 2, 1, 'qweq@asdas.com', 'b480c074d6b75947c02681f31c90c668c46bf6b8', NULL, '500e8287c202b2.08898775', 'aaaaaaaa', '2012-12-22', 1, 'aaa', 'http://cawaii.buzoo.biz/images/500e83377d8c46.00959528.jpg', 'http://cawaii.buzoo.biz/images/thumbnail/500e8337835f85.15995259.jpg', '', 1, 0, NULL, NULL, NULL, NULL, '2012-07-24 18:09:59', '2012-07-24 18:12:55', NULL),
(51, 2, 1, 'qweq@asd2as.com', 'b480c074d6b75947c02681f31c90c668c46bf6b8', NULL, '500e830d11e284.78901830', 'aaaaaaaa', '2012-12-22', 1, 'aaa', NULL, NULL, NULL, 1, 0, NULL, NULL, NULL, NULL, '2012-07-24 18:12:13', NULL, NULL),
(52, 2, 1, 'yuk@yuk.tuk', '2882f38e575101ba615f725af5e59bf2333a9a68', NULL, '500e83d64789e5.12673492', 'Ayaya', '1980-01-01', 1, '???', NULL, NULL, NULL, 1, 0, NULL, NULL, NULL, NULL, '2012-07-24 18:15:34', NULL, NULL),
(53, 2, 1, 'qwewq@asd2as.com', 'b480c074d6b75947c02681f31c90c668c46bf6b8', NULL, '500e840a184227.21186715', 'aaaaaaaa', '2012-12-22', 1, 'aaa', NULL, NULL, NULL, 1, 0, NULL, NULL, NULL, NULL, '2012-07-24 18:16:26', NULL, NULL),
(54, 2, 1, 'qwewwq@asd2as.co', 'b480c074d6b75947c02681f31c90c668c46bf6b8', NULL, '500e843bcd5157.98698367', 'aaaaaaaa', '2012-12-22', 1, 'aaa', 'no', NULL, NULL, 1, 0, NULL, NULL, NULL, NULL, '2012-07-24 18:17:15', NULL, NULL),
(55, 2, 1, 'asdad@yasd.com', '7c222fb2927d828af22f592134e8932480637c0d', NULL, '500e843c831c64.99864452', 'Hendy', '1990-09-09', 1, 'Jl. Bawang Putih 3', 'http://cawaii.buzoo.biz/images/500e843c81bd12.03448935.jpg', 'http://cawaii.buzoo.biz/images/thumbnail/500e843c827036.66835541.jpg', NULL, 1, 0, NULL, NULL, NULL, NULL, '2012-07-24 18:17:16', NULL, NULL),
(56, 2, 1, 'asdsa@asdas.co', '603e6907398c7e74e25c0ae8ec3a03ffac7c9bb4', NULL, '500e84675608e6.47765684', 'sssssss', '2012-12-12', 1, 'ssss', 'http://cawaii.buzoo.biz/images/500e84674d1ec4.53002295.jpg', 'http://cawaii.buzoo.biz/images/thumbnail/500e846752ef91.80806738.jpg', NULL, 1, 0, NULL, NULL, NULL, NULL, '2012-07-24 18:17:59', NULL, NULL),
(57, 2, 1, 'asjd@asudh.cok', '2882f38e575101ba615f725af5e59bf2333a9a68', NULL, '500e849c5aff26.88395715', 'Asd', '1980-01-01', 1, '???', NULL, NULL, NULL, 1, 0, NULL, NULL, NULL, NULL, '2012-07-24 18:18:52', NULL, NULL),
(58, 2, 1, 'asdswwwa@asdas.co', '603e6907398c7e74e25c0ae8ec3a03ffac7c9bb4', NULL, '500e84aabca504.49418978', 'sssssss', '2012-12-12', 1, 'ssss', 'http://cawaii.buzoo.biz/images/500e84aab3c577.41156851.jpg', 'http://cawaii.buzoo.biz/images/thumbnail/500e84aab98ee8.65795872.jpg', NULL, 1, 0, NULL, NULL, NULL, NULL, '2012-07-24 18:19:06', NULL, NULL),
(59, 2, 1, 'ajsdha@asd.com', '2882f38e575101ba615f725af5e59bf2333a9a68', NULL, '500e872e8f6b17.57378850', 'Asdasd', '1980-01-01', 1, '???', NULL, NULL, NULL, 1, 0, NULL, NULL, NULL, NULL, '2012-07-24 18:29:50', NULL, NULL),
(60, 2, 1, 'asda@asda.jp', '3495ff69d34671d1e15b33a63c1379fdedd3a32a', NULL, '500e87c6b6d9b5.02147769', 'Sdsdsd', '1980-01-01', 1, '???', NULL, NULL, NULL, 1, 0, NULL, NULL, NULL, NULL, '2012-07-24 18:32:22', NULL, NULL),
(61, 2, 1, 'qweqweqwe@qweasda.com', 'a502ce1eff5696a67621d6368cfca455fc3648f9', NULL, '500f6f7bd0dfb2.37111937', 'asda', '2012-12-12', 1, 'asdasdas', 'http://cawaii.buzoo.biz/images/500f6f7bc602c1.76415521.jpg', 'http://cawaii.buzoo.biz/images/thumbnail/500f6f7bce3e57.55338239.jpg', NULL, 1, 0, NULL, NULL, NULL, NULL, '2012-07-25 11:00:59', NULL, NULL),
(62, 2, 1, 'asdasd@asdas.com', '6eb7d86752a0a3a0e6018ffddfbba5d772090382', NULL, '500f772e303997.63485331', 'asda', '2012-12-12', 1, 'asdasdas', 'http://cawaii.buzoo.biz/images/500f772e20ecf9.61886216.jpg', 'http://cawaii.buzoo.biz/images/thumbnail/500f772e293f32.99302666.jpg', NULL, 1, 0, NULL, NULL, NULL, NULL, '2012-07-25 11:33:50', NULL, NULL),
(63, 2, 1, 'qqq@qqq.qqq', 'b480c074d6b75947c02681f31c90c668c46bf6b8', NULL, '500f966ae9a2b3.03944912', 'aaaaaa', '2012-12-12', 1, 'aaaaaa', 'http://cawaii.buzoo.biz/images/500f966addf9c5.42802053.jpg', 'http://cawaii.buzoo.biz/images/thumbnail/500f966ae63634.91930627.jpg', NULL, 1, 0, NULL, NULL, NULL, NULL, '2012-07-25 13:47:06', '2012-07-25 13:48:37', NULL),
(64, 2, 1, 'herisher@yahoo.com', '293dff62b8392330360bb42d43fe3616e992f261', '1c3e010e752c5dfce60bce91cdbbc533a87c7c3f', '500fba3b8a17e1.23080704', 'tya', '1990-03-01', 1, 'pancoran', NULL, NULL, NULL, 1, 0, NULL, NULL, NULL, NULL, '2012-07-25 16:19:55', NULL, NULL),
(65, 2, 1, 'indra@buzoo.biz', 'b480c074d6b75947c02681f31c90c668c46bf6b8', NULL, '506561ed99ef20.65122896', 'aaaaa', '2012-12-12', 0, 'aaaa', 'http://cawaii.buzoo.biz/images/5028e763dac198.66741652.jpg', 'http://cawaii.buzoo.biz/images/thumbnail/5028e763dc5f80.68664033.jpg', '', 1, 10, '1111111111aaaaaaaaaa33333333334444444444555555555566666666667777', NULL, NULL, NULL, '2012-07-25 17:46:15', '2012-09-28 15:38:05', NULL),
(66, 2, 1, 'hendy@buzoo.jp', '26bc506c0a197fa9d6a0c92aa261bb4aaaa847bf', NULL, '506aaa527d94f7.75051075', 'hendy', '1980-01-01', 1, '???', NULL, NULL, '', 1, 3, NULL, NULL, NULL, NULL, '2012-08-02 14:21:47', '2012-10-02 15:48:18', NULL),
(67, 2, 1, 'rtt@yaho.ocm', '2882f38e575101ba615f725af5e59bf2333a9a68', NULL, '501a2d29150f00.26482293', 'Xbdbbd', '1980-01-01', 1, '%E6%9D%B1%E4%BA%AC%E9%83%BD', NULL, NULL, NULL, 1, 0, NULL, NULL, NULL, NULL, '2012-08-02 14:32:57', NULL, NULL),
(68, 2, 1, 'jiihh@gbhj.vhk', '2882f38e575101ba615f725af5e59bf2333a9a68', NULL, '501a2ddd8e71d9.48212257', 'Hjk%20hjk', '1980-01-01', 1, '%E6%9D%B1%E4%BA%AC%E9%83%BD', NULL, NULL, NULL, 1, 0, NULL, NULL, NULL, NULL, '2012-08-02 14:35:57', NULL, NULL),
(69, 2, 1, 'inscibe@ins.com', 'b480c074d6b75947c02681f31c90c668c46bf6b8', NULL, '501a2ebfe5ad48.97589920', 'Heh%20gaj', '1980-01-01', 1, '%E6%9D%B1%E4%BA%AC%E9%83%BD', NULL, NULL, NULL, 1, 0, NULL, NULL, NULL, NULL, '2012-08-02 14:39:43', NULL, NULL),
(70, 2, 1, 'hasd@asdh.com', 'b480c074d6b75947c02681f31c90c668c46bf6b8', NULL, '501a2f2d6dee44.81936220', 'hahahahads', '1890-01-01', 1, 'asjhdas', NULL, NULL, NULL, 1, 0, NULL, NULL, NULL, NULL, '2012-08-02 14:41:33', NULL, NULL),
(71, 2, 1, 'hasd@assddh.com', 'b480c074d6b75947c02681f31c90c668c46bf6b8', NULL, '501a2f51f3b5e0.52072348', 'hahahahads asdad', '1890-01-01', 1, '???', NULL, NULL, NULL, 1, 0, NULL, NULL, NULL, NULL, '2012-08-02 14:42:09', NULL, NULL),
(72, 2, 1, 'eee@eee.com', 'b480c074d6b75947c02681f31c90c668c46bf6b8', NULL, '501a3111d751a9.29797849', '????', '2012-12-12', 1, '????n', NULL, NULL, NULL, 1, 0, NULL, NULL, NULL, NULL, '2012-08-02 14:49:37', NULL, NULL),
(73, 2, 1, 'eeee@eee.com', 'b480c074d6b75947c02681f31c90c668c46bf6b8', NULL, '501a3483620247.20523693', '????', '2012-12-12', 1, '????n', NULL, NULL, NULL, 1, 0, NULL, NULL, NULL, NULL, '2012-08-02 15:04:19', NULL, NULL),
(74, 2, 1, 'ppp@ppp.com', 'aaaaaaaa', 'aaaaaaaa', NULL, '????', '2012-08-08', 1, '????????', NULL, NULL, NULL, 1, 0, NULL, NULL, NULL, NULL, NULL, NULL, NULL),
(75, 2, 1, 'shag.shd@dhdn.db', 'b480c074d6b75947c02681f31c90c668c46bf6b8', NULL, '501a3644756314.13294092', 'Fh%20hu', '1980-01-01', 1, '%E6%9D%B1%E4%BA%AC%E9%83%BD', 'http://cawaii.buzoo.biz/images/501a3644732868.59122851.jpg', 'http://cawaii.buzoo.biz/images/thumbnail/501a3644749ee4.44487262.jpg', NULL, 1, 0, NULL, NULL, NULL, NULL, '2012-08-02 15:11:48', NULL, NULL),
(76, 2, 1, 'DVD.z@did.com', '2882f38e575101ba615f725af5e59bf2333a9a68', NULL, '501a37b9394ca0.05431121', 'Hzjs', '1980-01-01', 1, '???', NULL, NULL, NULL, 1, 0, NULL, NULL, NULL, NULL, '2012-08-02 15:18:01', NULL, NULL),
(78, 2, 1, 'fjsjsc@yahoo.com', '3495ff69d34671d1e15b33a63c1379fdedd3a32a', NULL, '501a38a7f1cbc0.03787445', 'Hehshscvw', '1980-01-01', 1, '東京都', NULL, NULL, NULL, 1, 0, NULL, NULL, NULL, NULL, '2012-08-02 15:21:59', NULL, NULL),
(79, 2, 1, 'indra@gmail.com', 'b480c074d6b75947c02681f31c90c668c46bf6b8', NULL, '5021e8b702c884.03972863', 'Aaaaa', '1980-01-01', 1, '東京都', NULL, NULL, NULL, 1, 0, NULL, NULL, NULL, NULL, '2012-08-08 11:19:03', NULL, NULL),
(80, 2, 2, NULL, NULL, NULL, NULL, NULL, '0000-00-00', 1, '', NULL, NULL, NULL, 1, 0, NULL, 0, NULL, NULL, NULL, NULL, NULL),
(81, 2, 2, NULL, NULL, NULL, NULL, NULL, '2012-08-09', 1, '', NULL, NULL, NULL, 1, 0, NULL, 111111111111111, NULL, NULL, NULL, NULL, NULL),
(83, 2, 1, 'risako.412@i.softbank.jp', 'd09a50c5c53606f2ba38e015fd980ca95834ad29', NULL, '506aa53acbeaa6.83033093', 'りさぴょん', '1989-04-12', 1, '東京都', 'http://cawaii.buzoo.biz/images/506aabee8ba540.90010767.jpg', 'http://cawaii.buzoo.biz/images/thumbnail/506aabee950616.74611834.jpg', 'ぶにゃぶにゃにゃんちゅー\nこんにちは！\nはろー\nすらまっぱぎー\nおやすみ', 0, 78, '97316b6ec42783f34f68d49db40e7a9f8ae8afbe7ebfb97b878508a6a0a73a98', NULL, NULL, NULL, '2012-08-13 00:26:59', '2012-10-02 15:55:10', NULL),
(84, 2, 1, 'risako@g.com', '7c222fb2927d828af22f592134e8932480637c0d', NULL, '502824e08c30d4.87554495', 'ぶにゃー', '1991-07-27', 1, '東京都', NULL, NULL, NULL, 1, 0, NULL, NULL, NULL, NULL, '2012-08-13 04:49:20', NULL, NULL),
(85, 2, 3, NULL, NULL, NULL, '5028b0f589e378.10391357', 'hendychrst', NULL, 0, '', 'http://cawaii.buzoo.biz/images/503c6d33cfc6a4.29322161.jpg', 'http://cawaii.buzoo.biz/images/thumbnail/503c6d33d5cd65.13418450.jpg', '', 1, 11, NULL, NULL, 585872832, NULL, '2012-08-13 14:47:01', '2012-08-28 14:03:15', NULL),
(86, 2, 3, NULL, NULL, NULL, '5028b112da5481.58926183', 'hendychrst', NULL, 1, '', 'http://a0.twimg.com/profile_images/2235306386/406434_2891229752127_1001754372_32229416_93910140_n_normal.jpg', NULL, NULL, 1, 0, NULL, NULL, 585872832, NULL, '2012-08-13 14:47:30', NULL, NULL),
(87, 2, 3, NULL, NULL, NULL, '5028b26e0bc231.99142101', 'hendychrst', NULL, 1, '', 'http://a0.twimg.com/profile_images/2235306386/406434_2891229752127_1001754372_32229416_93910140_n_normal.jpg', NULL, NULL, 1, 0, NULL, NULL, 585872832, NULL, '2012-08-13 14:53:18', NULL, NULL),
(88, 2, 3, NULL, NULL, NULL, '5028b272a8e291.21050200', 'hendychrst', NULL, 1, '', 'http://a0.twimg.com/profile_images/2235306386/406434_2891229752127_1001754372_32229416_93910140_n_normal.jpg', NULL, NULL, 1, 0, NULL, NULL, 585872832, NULL, '2012-08-13 14:53:22', NULL, NULL),
(89, 2, 3, NULL, NULL, NULL, '5028b274f31841.97890302', 'hendychrst', NULL, 1, '', 'http://a0.twimg.com/profile_images/2235306386/406434_2891229752127_1001754372_32229416_93910140_n_normal.jpg', NULL, NULL, 1, 0, NULL, NULL, 585872832, NULL, '2012-08-13 14:53:24', NULL, NULL),
(90, 2, 3, NULL, NULL, NULL, '5028b276bc7974.63139471', 'hendychrst', NULL, 1, '', 'http://a0.twimg.com/profile_images/2235306386/406434_2891229752127_1001754372_32229416_93910140_n_normal.jpg', NULL, NULL, 1, 0, NULL, NULL, 585872832, NULL, '2012-08-13 14:53:26', NULL, NULL),
(91, 2, 3, NULL, NULL, NULL, '5028b277714d52.21197259', 'hendychrst', NULL, 1, '', 'http://a0.twimg.com/profile_images/2235306386/406434_2891229752127_1001754372_32229416_93910140_n_normal.jpg', NULL, NULL, 1, 0, NULL, NULL, 585872832, NULL, '2012-08-13 14:53:27', NULL, NULL),
(92, 2, 3, NULL, NULL, NULL, '5028b277e80636.85565097', 'hendychrst', NULL, 1, '', 'http://a0.twimg.com/profile_images/2235306386/406434_2891229752127_1001754372_32229416_93910140_n_normal.jpg', NULL, NULL, 1, 0, NULL, NULL, 585872832, NULL, '2012-08-13 14:53:27', NULL, NULL),
(93, 2, 3, NULL, NULL, NULL, '5028b27863d563.80777080', 'hendychrst', NULL, 1, '', 'http://a0.twimg.com/profile_images/2235306386/406434_2891229752127_1001754372_32229416_93910140_n_normal.jpg', NULL, NULL, 1, 0, NULL, NULL, 585872832, NULL, '2012-08-13 14:53:28', NULL, NULL),
(94, 2, 3, NULL, NULL, NULL, '5028b278c3f415.59708772', 'hendychrst', NULL, 1, '', 'http://a0.twimg.com/profile_images/2235306386/406434_2891229752127_1001754372_32229416_93910140_n_normal.jpg', NULL, NULL, 1, 0, NULL, NULL, 585872832, NULL, '2012-08-13 14:53:28', NULL, NULL),
(95, 2, 3, NULL, NULL, NULL, '5028b279409f68.14865285', 'hendychrst', NULL, 1, '', 'http://a0.twimg.com/profile_images/2235306386/406434_2891229752127_1001754372_32229416_93910140_n_normal.jpg', NULL, NULL, 1, 0, NULL, NULL, 585872832, NULL, '2012-08-13 14:53:29', NULL, NULL),
(104, 2, 1, 'ishiwatari@buzoo.jp', '62b487bc84825b3df028a932f082526e195eeff2', 'Xgh7GHM2', '50598714eb9dc1.05213189', 'あっちゃん', '1991-07-10', 1, '千葉県', 'http://cawaii.buzoo.biz/images/5033380d4c7dc7.22961477.jpg', 'http://cawaii.buzoo.biz/images/thumbnail/5033380d54f678.86133314.jpg', 'マジにならなきゃ勝てねぇよ！', 0, 6, NULL, NULL, NULL, NULL, '2012-08-15 18:00:04', '2012-09-23 19:08:31', NULL),
(105, 2, 2, NULL, NULL, NULL, '502c7e46954b63.31726627', 'hendy', NULL, 0, '', 'http://cawaii.buzoo.biz/images/503c61f5c21bc6.60082809.jpg', 'http://cawaii.buzoo.biz/images/thumbnail/503c61f5c85cf9.04938143.jpg', 'jhgjhg', 1, 74, NULL, 1001754372, NULL, NULL, '2012-08-16 11:59:50', '2012-08-28 13:15:17', NULL),
(106, 2, 2, NULL, NULL, NULL, '502c97603d0a47.43671770', 'chan2chan', NULL, 1, '', 'http://graph.facebook.com/chan2chan/picture', NULL, NULL, 1, 2, NULL, 1006326010, NULL, NULL, '2012-08-16 13:46:56', NULL, NULL),
(107, 2, 2, NULL, NULL, NULL, '502c99a89a9ac3.55265567', 'niko.yuwono', NULL, 1, '', 'http://graph.facebook.com/niko.yuwono/picture', NULL, NULL, 1, 0, NULL, 1428384358, NULL, NULL, '2012-08-16 13:56:40', NULL, NULL),
(108, 2, 2, NULL, NULL, NULL, '502c9a723936a5.76718530', 'crazyhunt', NULL, 1, '', 'http://graph.facebook.com/crazyhunt/picture', NULL, NULL, 1, 0, NULL, 774508776, NULL, NULL, '2012-08-16 14:00:02', NULL, NULL),
(109, 2, 1, 'rain0nyou@yahoo.com', 'b480c074d6b75947c02681f31c90c668c46bf6b8', 'T5wTnfVz', '502cb225af8491.14591868', 'Chan', '1980-01-01', 1, '東京都', NULL, NULL, NULL, 1, 0, NULL, NULL, NULL, NULL, '2012-08-16 15:41:09', '2012-09-06 18:40:08', NULL),
(110, 2, 1, 'risako@gmail.com', '7c222fb2927d828af22f592134e8932480637c0d', NULL, '5032f74f249dd4.79746121', 'ととととうふくん', '1992-09-19', 1, '大阪府', 'http://cawaii.buzoo.biz/images/5032fb517e5782.74866253.jpg', 'http://cawaii.buzoo.biz/images/thumbnail/5032fb5186ef18.56118572.jpg', '', 1, 0, NULL, NULL, NULL, NULL, '2012-08-21 09:49:51', '2012-08-21 10:06:57', NULL),
(119, 2, 4, NULL, NULL, NULL, '503c6b577e1d28.04036832', 'miyopon', NULL, 1, '', 'http://profile.img.mixi.jp/photo/member/p/e8/71/e87130b186a9ba4cede2a34848b1d5c0c3eca8e321.jpg', NULL, NULL, 1, 6, NULL, NULL, NULL, 'qrnb3493htpup', '2012-08-28 13:55:19', NULL, NULL),
(120, 2, 1, 'jaja@gmasd.com', 'b480c074d6b75947c02681f31c90c668c46bf6b8', NULL, '503c6f1b94a045.19253478', 'adas', '1980-01-01', 0, '東京都', NULL, NULL, '', 1, 0, NULL, NULL, NULL, NULL, '2012-08-28 14:11:23', '2012-08-28 14:11:36', NULL),
(121, 2, 1, 'msdjfs@sdfsdfds.com', 'b480c074d6b75947c02681f31c90c668c46bf6b8', NULL, '503c730947c3b6.60298058', 'sfjdksfks', '1980-01-01', 1, '東京都', NULL, NULL, NULL, 1, 0, NULL, NULL, NULL, NULL, '2012-08-28 14:28:09', NULL, NULL),
(122, 2, 1, 'ndsfnsf@sdfk.com', '2882f38e575101ba615f725af5e59bf2333a9a68', NULL, '503c738d696c78.14256277', 'sakjdkasdj', '1980-01-01', 1, '東京都', NULL, NULL, NULL, 1, 0, NULL, NULL, NULL, NULL, '2012-08-28 14:30:21', NULL, NULL),
(123, 2, 1, 'dsfsdfsdfsfj@sdf.cm', '3495ff69d34671d1e15b33a63c1379fdedd3a32a', NULL, '503c73c4044ee8.15806525', 'asdjajhdja', '1980-01-01', 1, '東京都', NULL, NULL, NULL, 1, 0, NULL, NULL, NULL, NULL, '2012-08-28 14:31:16', NULL, NULL),
(124, 2, 1, 'meerii@gaml.com', '3495ff69d34671d1e15b33a63c1379fdedd3a32a', NULL, '503cb18ff287c8.78327612', 'aaaaaaassd', '1980-01-01', 1, '東京都', NULL, NULL, NULL, 1, 0, NULL, NULL, NULL, NULL, '2012-08-28 18:54:55', NULL, NULL),
(125, 2, 1, 'siiiiign@gmg.com', '384fcd160ab3b33174ea279ad26052eee191508a', NULL, '503cb1af794c91.52342292', 'aaadunt', '1980-01-01', 1, '東京都', NULL, NULL, NULL, 1, 0, NULL, NULL, NULL, NULL, '2012-08-28 18:55:27', NULL, NULL),
(126, 2, 1, 'adono@gama.com', '3495ff69d34671d1e15b33a63c1379fdedd3a32a', NULL, '503cb1dc565603.84231658', 'adunu', '1980-01-01', 1, '海外', 'http://cawaii.buzoo.biz/images/503cb2576b0863.80906361.jpg', 'http://cawaii.buzoo.biz/images/thumbnail/503cb2576cdf93.18420932.jpg', 'I don''t know whyyy', 1, 2, NULL, NULL, NULL, NULL, '2012-08-28 18:56:12', '2012-08-28 18:58:15', NULL),
(127, 2, 1, 'ray.buzoo@gmail.com', '62b487bc84825b3df028a932f082526e195eeff2', NULL, '506aa41f6fffc1.41818275', 'あっちゃん', '1991-07-10', 0, '千葉県', 'http://cawaii.buzoo.biz/images/5044d7dda59759.47153496.jpg', 'http://cawaii.buzoo.biz/images/thumbnail/5044d7ddadebc9.10984361.jpg', '', 1, 13, 'bf405d68e17f3f9f18e8824d456199bcd4a7a9fe1bfbb0af9c0336c4898e53a3', NULL, NULL, NULL, '2012-08-28 20:23:18', '2012-10-02 15:21:51', NULL),
(128, 2, 1, 'asdasd@asdasds.com', '3495ff69d34671d1e15b33a63c1379fdedd3a32a', NULL, '503cf52ad714c9.55075664', 'asdksdjf', '1980-01-01', 1, '東京都', NULL, NULL, NULL, 1, 0, NULL, NULL, NULL, NULL, '2012-08-28 23:43:22', NULL, NULL),
(129, 2, 4, NULL, NULL, NULL, '5040ab8c544fd2.64437639', 'バズー株式会社', NULL, 1, '', 'http://profile.img.mixi.jp/photo/user/jpemyfoynurix_323886295.jpg', NULL, NULL, 1, 0, NULL, NULL, NULL, 'jpemyfoynurix', '2012-08-31 19:18:20', NULL, NULL),
(130, 2, 3, NULL, NULL, NULL, '5040abcb17d648.47690018', 'crazyhunt', NULL, 1, '', 'http://a0.twimg.com/profile_images/455543768/Sasu_03_normal.jpg', NULL, NULL, 1, 0, NULL, NULL, 50861609, NULL, '2012-08-31 19:19:23', NULL, NULL),
(131, 2, 3, NULL, NULL, NULL, '504557fd34dff3.17560834', 'risakonyaan', NULL, 1, '', 'http://a0.twimg.com/profile_images/1714569253/image_normal.jpg', NULL, NULL, 1, 0, NULL, NULL, 140903318, NULL, '2012-09-04 08:23:09', NULL, NULL),
(132, 2, 2, NULL, NULL, NULL, '50457c338f1dd9.79698782', 'indra.saurian', NULL, 1, '', 'http://graph.facebook.com/indra.saurian/picture', NULL, NULL, 1, 0, NULL, 1051179733, NULL, NULL, '2012-09-04 10:57:39', NULL, NULL),
(133, 2, 1, 'hendydyydysydyd@buzo.biz', '326e165213ac78816de6877395c21ac2233e7ca3', NULL, '5045b546625045.97668185', 'Hdhx', '1980-01-01', 1, '東京都', NULL, NULL, NULL, 1, 0, NULL, NULL, NULL, NULL, '2012-09-04 15:01:10', NULL, NULL),
(134, 2, 3, NULL, NULL, NULL, '5046c5c5e0e514.79407494', 'NAYOSO', NULL, 1, '', 'http://a0.twimg.com/profile_images/1482422893/281955_2273753487079_1345923490_2640181_4025967_n_normal.jpg', NULL, NULL, 1, 0, NULL, NULL, 80495676, NULL, '2012-09-05 10:23:49', NULL, NULL),
(135, 2, 3, NULL, NULL, NULL, '50489b12320b23.67465457', 'ray_midnight', NULL, 1, '', 'http://a0.twimg.com/sticky/default_profile_images/default_profile_2_normal.png', NULL, NULL, 1, 0, NULL, NULL, 78933241, NULL, '2012-09-06 19:46:10', NULL, NULL),
(137, 2, 4, NULL, NULL, NULL, '50489b62879997.25649405', 'RAY', NULL, 1, '', 'http://img.mixi.net/img/basic/common/noimage_member180.gif', NULL, NULL, 1, 0, NULL, NULL, NULL, 'rp47mgapdug7x', '2012-09-06 19:47:30', NULL, NULL),
(138, 2, 1, 'hendy@buzoo.com', '26bc506c0a197fa9d6a0c92aa261bb4aaaa847bf', NULL, '5051b84dbd5fd7.23538662', 'Hendy', '1990-09-18', 1, '東京都', 'http://cawaii.buzoo.biz/images/504f12643bd056.01278524.jpg', 'http://cawaii.buzoo.biz/images/thumbnail/504f12643e2883.02504847.jpg', NULL, 1, 0, NULL, NULL, NULL, NULL, '2012-09-11 17:28:52', NULL, NULL),
(139, 2, 1, 'myakaaki19861115@gmail.com', '62f7414f0e476261c983e105fe94ce8b169b56bd', NULL, '50502d538bcfb9.10581223', 'Miyopon', '1986-11-15', 1, '東京都', 'http://cawaii.buzoo.biz/images/50500593335ad1.68647111.jpg', 'http://cawaii.buzoo.biz/images/thumbnail/5050059335e538.23474018.jpg', NULL, 1, 0, NULL, NULL, NULL, NULL, '2012-09-12 10:46:27', NULL, NULL),
(140, 2, 3, NULL, NULL, NULL, '5051bcec571c68.89056453', 'miyopon1115', NULL, 1, '', 'http://a0.twimg.com/sticky/default_profile_images/default_profile_6_normal.png', NULL, NULL, 1, 0, NULL, NULL, 180789013, NULL, '2012-09-13 18:01:00', NULL, NULL),
(141, 2, 2, NULL, NULL, NULL, '5051bd8ac0c327.38531078', 'takaaki.miyosi', NULL, 1, '', 'http://graph.facebook.com/takaaki.miyosi/picture', NULL, NULL, 1, 0, NULL, 2147483647, NULL, NULL, '2012-09-13 18:03:38', NULL, NULL),
(142, 2, 1, 'ri@gmail.com', '75a226c98631976c8e6b9f33634abb12ec84f343', NULL, '50599317b36537.59195684', '123', '1991-07-27', 1, '海外', NULL, NULL, NULL, 1, 1, NULL, NULL, NULL, NULL, '2012-09-19 16:40:39', NULL, NULL),
(143, 2, 1, 'aaaa@aaa.com', 'b480c074d6b75947c02681f31c90c668c46bf6b8', NULL, '50599cfd766fc4.80167506', 'Chann', '1980-01-01', 1, '大阪府', 'http://cawaii.buzoo.biz/images/50599cfd7234a1.30548787.jpg', 'http://cawaii.buzoo.biz/images/thumbnail/50599cfd74b912.07479479.jpg', NULL, 1, 3, NULL, NULL, NULL, NULL, '2012-09-19 17:22:53', NULL, NULL),
(145, 2, 1, 'er@thij.bi', '7c222fb2927d828af22f592134e8932480637c0d', NULL, '50599ef6d3fde0.34194373', 'Aaaaa', '1980-01-01', 1, '海外', 'http://cawaii.buzoo.biz/images/50599ef6cfa3c6.30916889.jpg', 'http://cawaii.buzoo.biz/images/thumbnail/50599ef6d240b2.54619953.jpg', NULL, 1, 0, NULL, NULL, NULL, NULL, '2012-09-19 17:31:18', NULL, NULL),
(146, 2, 1, 'q@gmail.com', '75a226c98631976c8e6b9f33634abb12ec84f343', NULL, '505adb7d3e0f48.86103631', 'asd', '1991-07-27', 1, '北海道', NULL, NULL, NULL, 1, 2, NULL, NULL, NULL, NULL, '2012-09-20 16:01:22', NULL, NULL),
(147, 2, 1, 'risako@buzoo.jp', '62b487bc84825b3df028a932f082526e195eeff2', NULL, '505addd8f04cb6.05435945', 'Aaaaaaas', '1994-03-30', 1, '秋田県', 'http://cawaii.buzoo.biz/images/50500593335ad1.68647111.jpg', NULL, '', 0, 0, NULL, NULL, NULL, NULL, '2012-09-20 16:11:52', '2012-09-27 10:04:37', NULL);

-- --------------------------------------------------------

--
-- Struktur dari tabel `dtb_mixi`
--

CREATE TABLE IF NOT EXISTS `dtb_mixi` (
  `id` bigint(20) unsigned NOT NULL auto_increment,
  `mixi_id` varchar(13) NOT NULL,
  `mixi_token` varchar(50) NOT NULL,
  `mixi_refresh_token` varchar(50) NOT NULL,
  `mixi_expired_token` int(11) NOT NULL,
  `mixi_create_date_token` datetime NOT NULL,
  `member_id` bigint(20) NOT NULL,
  `status` tinyint(4) NOT NULL default '1',
  `create_date` datetime default NULL,
  `update_date` datetime default NULL,
  PRIMARY KEY  (`id`)
) ENGINE=MyISAM  DEFAULT CHARSET=utf8 AUTO_INCREMENT=10 ;

--
-- Dumping data untuk tabel `dtb_mixi`
--

INSERT INTO `dtb_mixi` (`id`, `mixi_id`, `mixi_token`, `mixi_refresh_token`, `mixi_expired_token`, `mixi_create_date_token`, `member_id`, `status`, `create_date`, `update_date`) VALUES
(6, 'qrnb3493htpup', '07d73a737e2b66aecadb280b19799a3d97cb8fe6', 'aa8cdbd807f5c89a4f88fffc4ac5474ff0f1a7ad', 900, '2012-10-02 10:36:56', 40, 0, '2012-09-28 17:01:16', '2012-11-12 17:18:50'),
(7, 'qrnb3493htpup', '07d73a737e2b66aecadb280b19799a3d97cb8fe6', 'aa8cdbd807f5c89a4f88fffc4ac5474ff0f1a7ad', 900, '2012-10-02 10:36:56', 66, 1, '2012-10-01 17:28:15', '2012-10-02 15:48:18'),
(9, 'xto7xdxw9cr5b', '47942d52a63e2edede7d909cee94a7baadbeef51', '403190a2e23217fa80d03b97308bbb3a39958e79', 900, '2012-10-02 08:14:28', 83, 1, '2012-10-02 15:14:10', '2012-10-02 15:20:06');

-- --------------------------------------------------------

--
-- Struktur dari tabel `dtb_news`
--

CREATE TABLE IF NOT EXISTS `dtb_news` (
  `id` int(10) unsigned NOT NULL auto_increment,
  `title` varchar(200) NOT NULL,
  `content` text NOT NULL,
  `url` varchar(200) default NULL,
  `image_url` varchar(200) NOT NULL,
  `thumb_url` varchar(200) NOT NULL,
  `sort_order` int(11) NOT NULL default '0',
  `disp_date` datetime default NULL,
  `disp_flag` tinyint(4) NOT NULL default '1',
  `create_date` datetime NOT NULL,
  `update_date` datetime NOT NULL,
  PRIMARY KEY  (`id`)
) ENGINE=InnoDB  DEFAULT CHARSET=utf8 AUTO_INCREMENT=56 ;

--
-- Dumping data untuk tabel `dtb_news`
--

INSERT INTO `dtb_news` (`id`, `title`, `content`, `url`, `image_url`, `thumb_url`, `sort_order`, `disp_date`, `disp_flag`, `create_date`, `update_date`) VALUES
(2, 'gfgfgfgf', 'fdgfgfgfg', '', '', '', 80, '2012-07-10 00:00:00', 1, '2012-07-10 16:10:07', '0000-00-00 00:00:00'),
(3, 'sadasd', 'asdasdad', 'asdasd', 'sadasd', 'asdasda', 10, '2012-01-01 00:00:00', 1, '2012-01-01 00:00:00', '0000-00-00 00:00:00'),
(4, 'eeeeee', 'wewewe', 'ww.asd.com', '', '', 20, '2012-07-13 00:00:00', 1, '2012-07-13 10:34:38', '0000-00-00 00:00:00'),
(5, 'wewewewr', 'weweweq', 'www.wed.com', 'http://cawaii.buzoo.biz/images/4fff97e7c59f64.40012179.jpg', 'http://cawaii.buzoo.biz/images/thumbnail/4fff97e7c59f64.40012179.jpg', 40, '2012-07-13 00:00:00', 1, '2012-07-13 10:37:11', '0000-00-00 00:00:00'),
(6, 'rerererew', 'sdsdsdsd', 'wewewewe', 'http://cawaii.buzoo.biz/images/4fff984bdc2702.07788196.jpg', 'http://cawaii.buzoo.biz/images/thumbnail/4fff984bdc2702.07788196.jpg', 60, '2012-07-13 00:00:00', 1, '2012-07-13 10:38:51', '0000-00-00 00:00:00'),
(7, 'lalala', 'wew', 'aaa', 'http://cawaii.buzoo.biz/images/4fff98bb720a32.13872374.jpg', 'http://cawaii.buzoo.biz/images/thumbnail/4fff98bb720a32.13872374.jpg', 70, '2012-07-13 00:00:00', 1, '2012-07-13 10:40:43', '0000-00-00 00:00:00'),
(8, 'wewewe', 'www', 'aaa', 'http://cawaii.buzoo.biz/images/4fffa3c0e2be37.41849495.jpg', 'http://cawaii.buzoo.biz/images/thumbnail/4fffa3c0e2be37.41849495.jpg', 50, '2012-07-13 00:00:00', 1, '2012-07-13 11:27:44', '0000-00-00 00:00:00'),
(9, 'chandra', 'aaa', 'www.yahoo.com', 'http://cawaii.buzoo.biz/images/4fffa3c63c2f36.27695507.png', 'http://cawaii.buzoo.biz/images/thumbnail/4fffa3c63c2f36.27695507.png', 30, '2012-07-13 00:00:00', 1, '2012-07-13 11:27:50', '0000-00-00 00:00:00'),
(13, 'new new new new', 'new new new newnew new new newnew new new newnew new new newnew new new newnew new new newnew new new new', '', '', '', 100, '2012-09-11 00:00:00', 1, '2012-09-11 17:42:51', '0000-00-00 00:00:00'),
(19, 'asdada', '', '', '', '', 1, '2012-09-11 00:00:00', 1, '2012-09-11 18:05:20', '0000-00-00 00:00:00'),
(21, 'aaaaaaaa', 'aaaaaaa', '', 'http://cawaii.buzoo.biz/images/50503961de8422.40892972.jpg', 'http://cawaii.buzoo.biz/images/thumbnail/50503961de8422.40892972.jpg', 100, '2012-09-12 00:00:00', 1, '2012-09-12 14:27:30', '0000-00-00 00:00:00'),
(22, 'asda', 'asdad', '', '', '', 1, '2012-09-13 12:10:08', 1, '2012-09-13 10:19:42', '0000-00-00 00:00:00'),
(23, 'asdas', 'asdasd', '', '', '', 1, '2012-09-13 10:25:44', 1, '2012-09-13 10:25:00', '0000-00-00 00:00:00'),
(24, 'asda', 'asdsadadas', '', '', '', 1, '2012-09-13 13:19:36', 1, '2012-09-13 11:18:28', '0000-00-00 00:00:00'),
(25, 'asda', 'asdas', '', '', '', 1, '2012-09-13 13:23:54', 1, '2012-09-13 11:23:02', '0000-00-00 00:00:00'),
(26, 'asda', 'asdsada', '', '', '', 1, '2012-09-13 13:32:14', 1, '2012-09-13 11:31:22', '0000-00-00 00:00:00'),
(27, 'aaaa', 'asdad', '', '', '', 1, '2012-09-13 13:33:45', 1, '2012-09-13 11:32:53', '0000-00-00 00:00:00'),
(28, 'asdas', 'asdasdas', '', '', '', 1, '2012-09-13 11:35:04', 1, '2012-09-13 11:34:13', '0000-00-00 00:00:00'),
(29, 'qqq', 'qqqqq', '', '', '', 1, '2012-09-13 16:58:02', 1, '2012-09-13 16:56:38', '0000-00-00 00:00:00'),
(30, 'wewe', 'wew', '', '', '', 1, '2012-09-13 19:01:20', 1, '2012-09-13 17:00:28', '0000-00-00 00:00:00'),
(31, 'wewe', 'wewew', '', '', '', 1, '2012-09-13 19:02:50', 1, '2012-09-13 17:01:57', '0000-00-00 00:00:00'),
(32, 'asd', 'asd', '', '', '', 1, '2012-09-13 17:06:26', 1, '2012-09-13 17:05:41', '0000-00-00 00:00:00'),
(33, 'qqq', 'qweqeq', '', '', '', 1, '2012-09-13 17:09:29', 1, '2012-09-13 17:08:43', '0000-00-00 00:00:00'),
(34, 'ww', 'ww', '', '', '', 1, '2012-09-13 17:10:42', 1, '2012-09-13 17:09:53', '0000-00-00 00:00:00'),
(35, '1a', 'aa', '', '', '', 1, '2012-09-13 19:18:45', 1, '2012-09-13 17:16:54', '0000-00-00 00:00:00'),
(36, 'waea', 'aweawe', '', '', '', 1, '2012-09-13 17:21:25', 1, '2012-09-13 17:20:36', '0000-00-00 00:00:00'),
(37, 'wqewq', 'qweq', '', '', '', 1, '2012-09-13 17:23:35', 1, '2012-09-13 17:22:44', '0000-00-00 00:00:00'),
(38, 'www', 'www', '', '', '', 1, '2012-09-13 17:31:47', 1, '2012-09-13 17:30:59', '0000-00-00 00:00:00'),
(39, 'qweq', 'qweqwe', '', '', '', 1, '2012-09-13 17:36:33', 1, '2012-09-13 17:35:43', '0000-00-00 00:00:00'),
(40, 'aaaa', 'aaa', '', '', '', 1, '2012-09-13 17:43:35', 1, '2012-09-13 17:42:47', '0000-00-00 00:00:00'),
(41, 'asdsa', 'asdasdsa', '', 'http://cawaii.buzoo.biz/images/50616e7cc162a6.78264411.jpg', 'http://cawaii.buzoo.biz/images/thumbnail/50616e7cc162a6.78264411.jpg', 1, '2012-09-13 17:46:39', 1, '2012-09-13 17:45:47', '0000-00-00 00:00:00'),
(42, 'AKB48', 'テスト投稿です！', 'http://www.akb48.co.jp/', 'http://cawaii.buzoo.biz/images/50615e975265a7.91566851.jpg', 'http://cawaii.buzoo.biz/images/thumbnail/50615e975265a7.91566851.jpg', 1, '2012-09-23 21:09:55', 1, '2012-09-23 19:11:53', '0000-00-00 00:00:00'),
(43, 'cawaiiお知らせ', 'cwaiiお知らせTESTです＾＾\r\n', '', 'http://cawaii.buzoo.biz/images/506175939a9835.77358360.jpg', 'http://cawaii.buzoo.biz/images/thumbnail/506175939a9835.77358360.jpg', 1, '2012-09-25 16:15:58', 1, '2012-09-25 16:12:51', '0000-00-00 00:00:00'),
(44, 'adadada', 'assada', '', 'http://cawaii.buzoo.biz/images/50617e7da210c3.18799971.jpg', 'http://cawaii.buzoo.biz/images/thumbnail/50617e7da210c3.18799971.jpg', 1, '2012-09-25 16:53:18', 1, '2012-09-25 16:50:35', '0000-00-00 00:00:00'),
(45, 'ahrtutgkkuhhk', 'jhvhkbk', '', 'http://cawaii.buzoo.biz/images/506182a0912322.02598879.jpg', 'http://cawaii.buzoo.biz/images/thumbnail/506182a0912322.02598879.jpg', 1, '2012-09-25 17:13:35', 1, '2012-09-25 17:08:09', '0000-00-00 00:00:00'),
(46, 'cawaiiお知らせ', 'ぶーたろうテスト', '', 'http://cawaii.buzoo.biz/images/50624f52c328b9.19318694.jpg', 'http://cawaii.buzoo.biz/images/thumbnail/50624f52c328b9.19318694.jpg', 1, '2012-09-26 07:43:43', 1, '2012-09-26 07:41:34', '0000-00-00 00:00:00'),
(47, 'cawaiiお知らせ', 'test\r\n', '', 'http://cawaii.buzoo.biz/images/50624fd3ae1530.78214365.jpg', 'http://cawaii.buzoo.biz/images/thumbnail/50624fd3ae1530.78214365.jpg', 1, '2012-09-26 09:45:45', 1, '2012-09-26 07:44:04', '0000-00-00 00:00:00'),
(48, 'test', 'test', '', '', '', 0, '2012-09-26 15:16:00', 1, '2012-09-26 08:14:23', '0000-00-00 00:00:00'),
(49, 'test 3', 'adadadadadadad', '', 'http://cawaii.buzoo.biz/images/50627f31695995.58164928.jpg', 'http://cawaii.buzoo.biz/images/thumbnail/50627f31695995.58164928.jpg', 1, '2012-09-26 15:09:31', 1, '2012-09-26 11:06:09', '0000-00-00 00:00:00'),
(50, '玲奈ちゃん', 'ではなくてゆきりん', '', 'http://cawaii.buzoo.biz/images/506287c1496ae0.45573791.jpg', 'http://cawaii.buzoo.biz/images/thumbnail/506287c1496ae0.45573791.jpg', 1, '2012-09-26 12:05:56', 1, '2012-09-26 11:42:41', '0000-00-00 00:00:00'),
(51, 'まゆゆきりん', 'u-\r\n', '', 'http://cawaii.buzoo.biz/images/50628e9657d640.20781682.jpg', 'http://cawaii.buzoo.biz/images/thumbnail/50628e9657d640.20781682.jpg', 1, '2012-09-26 15:02:56', 1, '2012-09-26 12:06:14', '0000-00-00 00:00:00'),
(52, 'まゆゆのお知らせ', 'おしらせまゆゆ', '', 'http://cawaii.buzoo.biz/images/5062b594ec67e4.63883021.jpg', 'http://cawaii.buzoo.biz/images/thumbnail/5062b594ec67e4.63883021.jpg', 1, '2012-09-26 15:00:02', 1, '2012-09-26 14:58:13', '0000-00-00 00:00:00'),
(53, 'まゆゆきりん', 'とみせかけて\r\n玲奈ちゃん', '', 'http://cawaii.buzoo.biz/images/5062bb8d319033.35978306.jpg', 'http://cawaii.buzoo.biz/images/thumbnail/5062bb8d319033.35978306.jpg', 1, '2012-09-26 15:35:06', 1, '2012-09-26 15:23:41', '0000-00-00 00:00:00'),
(54, 'chanさん　pagi!', '', '', 'http://cawaii.buzoo.biz/images/5062be37dc64d1.89480481.jpg', 'http://cawaii.buzoo.biz/images/thumbnail/5062be37dc64d1.89480481.jpg', 0, '2012-09-26 15:34:20', 1, '2012-09-26 15:34:40', '0000-00-00 00:00:00'),
(55, 'aaaaa', 'asdsadasdasdas', '', '', '', 1, '2013-02-12 11:35:00', 1, '2013-02-12 11:21:02', '0000-00-00 00:00:00');

-- --------------------------------------------------------

--
-- Struktur dari tabel `dtb_notify`
--

CREATE TABLE IF NOT EXISTS `dtb_notify` (
  `id` int(10) unsigned NOT NULL auto_increment,
  `content` text NOT NULL,
  `send_count` bigint(20) unsigned NOT NULL default '0',
  `send_date` datetime NOT NULL,
  `create_date` datetime NOT NULL,
  `update_date` datetime NOT NULL,
  PRIMARY KEY  (`id`)
) ENGINE=InnoDB  DEFAULT CHARSET=utf8 AUTO_INCREMENT=7 ;

--
-- Dumping data untuk tabel `dtb_notify`
--

INSERT INTO `dtb_notify` (`id`, `content`, `send_count`, `send_date`, `create_date`, `update_date`) VALUES
(1, 'lkalalalalalhahahahhakekekeke', 5, '2012-07-11 16:11:03', '2012-07-11 14:11:11', '2012-07-11 14:14:29'),
(3, 'sdasd', 1, '2012-07-13 13:26:29', '2012-07-13 11:26:33', '0000-00-00 00:00:00'),
(5, 'わーい', 1, '2012-08-16 18:43:42', '2012-08-16 16:43:54', '0000-00-00 00:00:00'),
(6, 'aadsada', 0, '2012-09-11 18:33:32', '2012-09-11 16:36:31', '0000-00-00 00:00:00');

-- --------------------------------------------------------

--
-- Struktur dari tabel `dtb_rank`
--

CREATE TABLE IF NOT EXISTS `dtb_rank` (
  `id` int(10) unsigned NOT NULL auto_increment,
  `rank_name` varchar(128) NOT NULL,
  `points` int(10) unsigned NOT NULL default '0',
  `sort_order` int(11) NOT NULL default '0',
  `disp_flag` tinyint(4) NOT NULL default '1',
  `create_date` datetime NOT NULL,
  `update_date` datetime NOT NULL,
  PRIMARY KEY  (`id`)
) ENGINE=InnoDB DEFAULT CHARSET=utf8 AUTO_INCREMENT=1 ;

--
-- Dumping data untuk tabel `dtb_rank`
--


-- --------------------------------------------------------

--
-- Struktur dari tabel `dtb_sub_category`
--

CREATE TABLE IF NOT EXISTS `dtb_sub_category` (
  `id` int(10) unsigned NOT NULL auto_increment,
  `genre_id` int(10) unsigned NOT NULL,
  `category_id` int(10) unsigned NOT NULL,
  `sub_category_name` varchar(128) NOT NULL,
  `thumb_url` varchar(200) NOT NULL,
  `sort_order` int(11) NOT NULL default '0',
  `disp_flag` tinyint(4) NOT NULL default '1',
  `create_date` datetime NOT NULL,
  `update_date` datetime NOT NULL,
  PRIMARY KEY  (`id`)
) ENGINE=InnoDB  DEFAULT CHARSET=utf8 AUTO_INCREMENT=36 ;

--
-- Dumping data untuk tabel `dtb_sub_category`
--

INSERT INTO `dtb_sub_category` (`id`, `genre_id`, `category_id`, `sub_category_name`, `thumb_url`, `sort_order`, `disp_flag`, `create_date`, `update_date`) VALUES
(8, 6, 6, 'まどか☆マギカ', '', 1, 1, '2012-09-05 08:58:14', '0000-00-00 00:00:00'),
(9, 6, 6, '昔のアニメ', '', 1, 1, '2012-09-05 08:58:36', '0000-00-00 00:00:00'),
(10, 6, 6, '今のアニメ', '', 1, 1, '2012-09-05 08:59:02', '0000-00-00 00:00:00'),
(11, 7, 7, 'シャツ', '', 1, 1, '2012-09-05 09:00:07', '0000-00-00 00:00:00'),
(12, 7, 7, 'ワンピース', '', 1, 1, '2012-09-05 09:00:29', '0000-00-00 00:00:00'),
(13, 7, 8, 'スカート', '', 1, 1, '2012-09-05 09:00:53', '2012-09-21 16:14:27'),
(14, 7, 8, 'パンツ', '', 1, 1, '2012-09-05 09:01:09', '0000-00-00 00:00:00'),
(15, 7, 9, 'サンダル', '', 1, 1, '2012-09-05 09:02:09', '0000-00-00 00:00:00'),
(16, 7, 9, 'スニーカー', '', 2, 1, '2012-09-05 09:02:31', '0000-00-00 00:00:00'),
(17, 7, 10, 'ピアス', '', 1, 1, '2012-09-05 09:02:55', '0000-00-00 00:00:00'),
(18, 7, 10, 'ブレスレット', '', 1, 1, '2012-09-05 09:03:13', '0000-00-00 00:00:00'),
(19, 10, 11, 'アイドル', '', 1, 1, '2012-09-05 09:04:01', '0000-00-00 00:00:00'),
(20, 10, 11, 'モデル', '', 1, 1, '2012-09-05 09:04:15', '0000-00-00 00:00:00'),
(21, 8, 13, 'ピンク系', '', 1, 1, '2012-09-05 09:04:46', '2012-09-23 15:17:16'),
(22, 8, 13, 'ブルー系', '', 1, 1, '2012-09-05 09:05:04', '0000-00-00 00:00:00'),
(23, 8, 13, 'キャラもの', '', 1, 1, '2012-09-05 09:05:17', '2012-09-25 16:27:53'),
(24, 8, 14, 'ブルー系', '', 1, 1, '2012-09-05 09:05:33', '2012-09-21 15:56:46'),
(25, 8, 14, 'ブラック', '', 1, 1, '2012-09-05 09:05:51', '2012-09-21 15:56:20'),
(26, 9, 16, '会社で使えるもの', '', 1, 1, '2012-09-05 09:06:26', '2012-09-21 16:14:12'),
(27, 9, 16, 'かめら', '', 2, 1, '2012-09-05 09:06:50', '2012-09-21 16:14:30'),
(28, 8, 14, 'aaa', '', 0, 1, '2012-09-06 14:26:15', '2012-09-21 16:14:15'),
(29, 7, 9, 'bububu-', '', 0, 1, '2012-09-06 15:17:56', '2012-09-23 16:16:16'),
(30, 6, 12, 'bu-bu-/', '', 0, 1, '2012-09-21 13:52:11', '2012-09-21 16:01:58'),
(31, 8, 14, 'お出かけ用', '', 12, 1, '2012-09-21 14:09:14', '2012-09-21 15:59:34'),
(32, 10, 18, 'オシャレスポット　', '', 12, 1, '2012-09-21 15:50:20', '2012-09-25 16:27:27'),
(33, 7, 9, 'aa', '', 0, 1, '2012-09-21 16:26:05', '2012-09-24 10:09:14'),
(34, 6, 11, 'tes', 'http://cawaii.buzoo.biz/images/thumbnail/50615724191fc2.84139050.s.jpg', 10, 1, '2012-09-24 12:41:45', '2012-09-25 14:03:24'),
(35, 10, 18, '動物', '', 1, 1, '2012-09-25 16:33:11', '2012-09-25 16:33:37');

-- --------------------------------------------------------

--
-- Struktur dari tabel `dtb_twitter`
--

CREATE TABLE IF NOT EXISTS `dtb_twitter` (
  `id` bigint(20) unsigned NOT NULL auto_increment,
  `twitter_id` bigint(20) unsigned NOT NULL,
  `oauth_data` text NOT NULL,
  `status` smallint(4) NOT NULL default '1',
  `member_id` bigint(20) unsigned NOT NULL,
  `create_date` datetime default NULL,
  `update_date` datetime default NULL,
  PRIMARY KEY  (`id`)
) ENGINE=MyISAM  DEFAULT CHARSET=utf8 AUTO_INCREMENT=5 ;

--
-- Dumping data untuk tabel `dtb_twitter`
--

INSERT INTO `dtb_twitter` (`id`, `twitter_id`, `oauth_data`, `status`, `member_id`, `create_date`, `update_date`) VALUES
(1, 585872832, 'oauth_token=585872832-iqVvl0YQpVO4jUmT78IHIzT0bj7gbrBQQoYu4Hqx&oauth_token_secret=pVi1FQH2S3TtXJePXNYWFHqdPPVxDAEBxQqUbHdmmM&user_id=585872832&screen_name=hendychrst&oauth_verifier=2306959', 0, 40, '2012-10-01 10:58:04', '2012-11-12 17:18:50'),
(4, 140903318, 'oauth_token=140903318-5YoSqESZ6S5UkYv0pvYlRTKWEb5pKOlqQcfxK1oS&oauth_token_secret=ANkPRCFCodONXMbpX1NwixjYqSdXDzTgVcqWc&user_id=140903318&screen_name=risakonyaan&oauth_verifier=0676072', 1, 83, '2012-10-02 15:14:10', '2012-10-02 15:20:06'),
(3, 585872832, 'oauth_token=585872832-iqVvl0YQpVO4jUmT78IHIzT0bj7gbrBQQoYu4Hqx&oauth_token_secret=pVi1FQH2S3TtXJePXNYWFHqdPPVxDAEBxQqUbHdmmM&user_id=585872832&screen_name=hendychrst&oauth_verifier=2306959', 1, 66, '2012-10-01 17:28:15', '2012-10-02 18:30:11');

-- --------------------------------------------------------

--
-- Stand-in structure for view `view_board`
--
CREATE TABLE IF NOT EXISTS `view_board` (
`id` bigint(20) unsigned
,`member_id` bigint(20) unsigned
,`item_id` bigint(20) unsigned
,`title` varchar(200)
,`content` text
,`disp_flag` tinyint(4)
,`create_date` datetime
,`item_name` varchar(200)
,`nickname` varchar(32)
);
-- --------------------------------------------------------

--
-- Stand-in structure for view `view_item_member`
--
CREATE TABLE IF NOT EXISTS `view_item_member` (
`id` bigint(20) unsigned
,`member_id` bigint(20) unsigned
,`nickname` varchar(32)
,`email` varchar(128)
,`genre_id` int(10) unsigned
,`category_id` int(10) unsigned
,`sub_category_id` int(10) unsigned
,`item_name` varchar(200)
,`content` text
,`image_url` varchar(200)
,`thumb_url` varchar(200)
,`buy_url` varchar(200)
,`likes` bigint(20) unsigned
,`reports` bigint(20) unsigned
,`memo` text
,`disp_flag` tinyint(4)
,`create_date` datetime
,`update_date` datetime
);
-- --------------------------------------------------------

--
-- Stand-in structure for view `view_reports_item`
--
CREATE TABLE IF NOT EXISTS `view_reports_item` (
`id` bigint(20) unsigned
,`member_id` bigint(20) unsigned
,`email` varchar(128)
,`nickname` varchar(32)
,`item_id` bigint(20) unsigned
,`item_name` varchar(200)
,`memo` text
,`disp_flag` tinyint(4)
,`thumb_url` varchar(200)
,`create_date` datetime
);
-- --------------------------------------------------------

--
-- Structure for view `view_board`
--
DROP TABLE IF EXISTS `view_board`;

CREATE ALGORITHM=UNDEFINED DEFINER=`root`@`localhost` SQL SECURITY DEFINER VIEW `app_cawaii`.`view_board` AS select `a`.`id` AS `id`,`a`.`member_id` AS `member_id`,`a`.`item_id` AS `item_id`,`a`.`title` AS `title`,`a`.`content` AS `content`,`a`.`disp_flag` AS `disp_flag`,`a`.`create_date` AS `create_date`,`b`.`item_name` AS `item_name`,`c`.`nickname` AS `nickname` from ((`app_cawaii`.`dtb_board` `a` join `app_cawaii`.`dtb_item` `b`) join `app_cawaii`.`dtb_member` `c`) where ((`a`.`item_id` = `b`.`id`) and (`a`.`member_id` = `c`.`id`));

-- --------------------------------------------------------

--
-- Structure for view `view_item_member`
--
DROP TABLE IF EXISTS `view_item_member`;

CREATE ALGORITHM=UNDEFINED DEFINER=`root`@`localhost` SQL SECURITY DEFINER VIEW `app_cawaii`.`view_item_member` AS select `a`.`id` AS `id`,`a`.`member_id` AS `member_id`,`b`.`nickname` AS `nickname`,`b`.`email` AS `email`,`a`.`genre_id` AS `genre_id`,`a`.`category_id` AS `category_id`,`a`.`sub_category_id` AS `sub_category_id`,`a`.`item_name` AS `item_name`,`a`.`content` AS `content`,`a`.`image_url` AS `image_url`,`a`.`thumb_url` AS `thumb_url`,`a`.`buy_url` AS `buy_url`,`a`.`likes` AS `likes`,`a`.`reports` AS `reports`,`a`.`memo` AS `memo`,`a`.`disp_flag` AS `disp_flag`,`a`.`create_date` AS `create_date`,`a`.`update_date` AS `update_date` from (`app_cawaii`.`dtb_item` `a` join `app_cawaii`.`dtb_member` `b`) where (`a`.`member_id` = `b`.`id`);

-- --------------------------------------------------------

--
-- Structure for view `view_reports_item`
--
DROP TABLE IF EXISTS `view_reports_item`;

CREATE ALGORITHM=UNDEFINED DEFINER=`root`@`localhost` SQL SECURITY DEFINER VIEW `app_cawaii`.`view_reports_item` AS select `a`.`id` AS `id`,`a`.`member_id` AS `member_id`,`b`.`email` AS `email`,`b`.`nickname` AS `nickname`,`a`.`item_id` AS `item_id`,`c`.`item_name` AS `item_name`,`c`.`memo` AS `memo`,`c`.`disp_flag` AS `disp_flag`,`c`.`thumb_url` AS `thumb_url`,`a`.`create_date` AS `create_date` from ((`app_cawaii`.`dtb_item_reports` `a` join `app_cawaii`.`dtb_member` `b`) join `app_cawaii`.`dtb_item` `c`) where ((`a`.`member_id` = `b`.`id`) and (`a`.`item_id` = `c`.`id`));
